battery_p,grid_p,load_p,pv_p,timestamp,Selling_price_eur_kwh
1.93797,0.003333333,1.934636667,0,3/1/2026 0:00,0.10304
1.97542,0.007333333,1.968086667,0,3/1/2026 0:15,0.10931
1.51938,0.007333333,1.512046667,0,3/1/2026 0:30,0.11015
1.654846667,0.019666667,1.63518,0,3/1/2026 0:45,0.1023
1.72329,0.008333333,1.714956667,0,3/1/2026 1:00,0.10931
1.101763333,0.001666667,1.100096667,0,3/1/2026 1:15,0.10517
1.40297,0.008333333,1.394636667,0,3/1/2026 1:30,0.10274
1.973506667,0.005666667,1.96784,0,3/1/2026 1:45,0.10278
1.545786667,0.003,1.542786667,0,3/1/2026 2:00,0.104
1.460546667,0.005666667,1.45488,0,3/1/2026 2:15,0.10278
2.043226667,-0.001,2.044226667,0,3/1/2026 2:30,0.1024
2.092943333,0.008333333,2.08461,0,3/1/2026 2:45,0.10138
2.034756667,0.011333333,2.023423333,0,3/1/2026 3:00,0.1
2.006436667,0.011333333,1.995103333,0,3/1/2026 3:15,0.10025
1.910123333,0.004333333,1.90579,0,3/1/2026 3:30,0.0995
1.32967,0.003666667,1.326003333,0,3/1/2026 3:45,0.09618
1.315503333,0.002666667,1.312836667,0,3/1/2026 4:00,0.09618
0.895896667,0.005333333,0.890563333,0,3/1/2026 4:15,0.09869
0.935486667,0.009333333,0.926153333,0,3/1/2026 4:30,0.09618
1.501153333,0.006333333,1.49482,0,3/1/2026 4:45,0.09618
1.351966667,0.01,1.341966667,0,3/1/2026 5:00,0.10245
1.417446667,0.008666667,1.40878,0,3/1/2026 5:15,0.10136
0.39125,-0.657,1.04825,0,3/1/2026 5:30,0.1027
0,-1.116666667,1.116666667,0,3/1/2026 5:45,0.10141
0,-1.217,1.217,0,3/1/2026 6:00,0.10223
0,-1.071,1.071,0,3/1/2026 6:15,0.10238
0,-0.929666667,0.929666667,0,3/1/2026 6:30,0.10308
0,-1.561,1.561,0,3/1/2026 6:45,0.10238
0,-1.399,1.399,0,3/1/2026 7:00,0.10632
0,-1.212,1.212,0,3/1/2026 7:15,0.10632
0,-1.541333333,1.543,0.001666667,3/1/2026 7:30,0.10365
0,-1.594333333,1.594333333,0,3/1/2026 7:45,0.10247
0,-1.625666667,1.668533333,0.042866667,3/1/2026 8:00,0.11193
0,-3.235,3.57179,0.33679,3/1/2026 8:15,0.10215
0,-2.455333333,3.2947,0.839366667,3/1/2026 8:30,0.10058
-0.339576667,-1.101,2.478326667,1.716903333,3/1/2026 8:45,0.09618
-0.87345,0.075333333,1.185886667,2.13467,3/1/2026 9:00,0.11354
-0.437686667,-0.233333333,3.183753333,3.388106667,3/1/2026 9:15,0.10791
-1.070093333,0.277,3.44023,4.787323333,3/1/2026 9:30,0.10267
-5.115896667,0.230666667,2.165246667,7.51181,3/1/2026 9:45,0.10029
-2.699323333,0.012333333,2.519246667,5.230903333,3/1/2026 10:00,0.10371
-2.391806667,0.208333333,2.48026,5.0804,3/1/2026 10:15,0.10208
-2.2846,0.470333333,3.026763333,5.781696667,3/1/2026 10:30,0.10195
-4.661363333,1.021,2.62669,8.309053333,3/1/2026 10:45,0.10191
-4.6684,0.650333333,2.60791,7.926643333,3/1/2026 11:00,0.09618
-3.769713333,0.772,3.54451,8.086223333,3/1/2026 11:15,0.09618
-7.218666667,0.620333333,1.24864,9.08764,3/1/2026 11:30,0.09219
-5.722916667,0.004666667,1.77102,7.498603333,3/1/2026 11:45,0.09618
-2.998803333,0.574666667,1.99754,5.57101,3/1/2026 12:00,0.094
-3.616366667,0.852,2.411706667,6.880073333,3/1/2026 12:15,0.09
-4.284523333,0.726666667,1.28401,6.2952,3/1/2026 12:30,0.09
-4.675806667,0.030666667,1.22009,5.926563333,3/1/2026 12:45,0.09
-6.043303333,-0.023666667,0.90471,6.924346667,3/1/2026 13:00,0.08614
-7.663273333,0.031,0.621056667,8.31533,3/1/2026 13:15,0.07478
-5.548853333,0.008,1.6366,7.193453333,3/1/2026 13:30,0.07515
-2.22443,0.007333333,4.108116667,6.33988,3/1/2026 13:45,0.07778
-4.1644,0.014666667,3.95917,8.138236667,3/1/2026 14:00,0.0722
-5.062353333,-0.011666667,3.640906667,8.691593333,3/1/2026 14:15,0.07477
-6.503576667,0.037333333,3.582836667,10.12374667,3/1/2026 14:30,0.084
-4.999546667,0.012,3.50879,8.520336667,3/1/2026 14:45,0.0858
-2.712783333,0.006333333,4.030036667,6.749153333,3/1/2026 15:00,0.094
-3.829596667,0.027,2.25932,6.115916667,3/1/2026 15:15,0.092
-4.497453333,0.018333333,1.08494,5.600726667,3/1/2026 15:30,0.09618
-4.619156667,0.012666667,0.466173333,5.097996667,3/1/2026 15:45,0.09618
-4.10964,0.058333333,0.693493333,4.861466667,3/1/2026 16:00,0.09618
-3.17669,0.009,0.991253333,4.176943333,3/1/2026 16:15,0.09618
-3.714053333,0.006666667,0.755926667,4.476646667,3/1/2026 16:30,0.10656573
-3.817336667,0.015333333,0.24649,4.07916,3/1/2026 16:45,0.12147427
-2.49395,0.007333333,0.584846667,3.08613,3/1/2026 17:00,0.10958
-1.68971,0.013,0.771963333,2.474673333,3/1/2026 17:15,0.1185
-1.74656,0.102,0.452053333,2.300613333,3/1/2026 17:30,0.126
-1.18784,0.008,0.81871,2.01455,3/1/2026 17:45,0.13619
-0.642826667,0.013666667,0.71029,1.366783333,3/1/2026 18:00,0.11832851
0.398336667,0.002,1.142103333,0.745766667,3/1/2026 18:15,0.12096395
0.865413333,0.007,1.15716,0.298746667,3/1/2026 18:30,0.12283
1.08913,0.006333333,1.120796667,0.038,3/1/2026 18:45,0.12251158
1.777746667,0.028666667,1.74908,0,3/1/2026 19:00,0.126
2.265473333,0.003666667,2.261806667,0,3/1/2026 19:15,0.126
1.771906667,-0.001,1.772906667,0,3/1/2026 19:30,0.1237
1.925433333,0.007666667,1.917766667,0,3/1/2026 19:45,0.1203
1.953213333,-0.000666667,1.95388,0,3/1/2026 20:00,0.12283
1.377286667,0.006666667,1.37062,0,3/1/2026 20:15,0.1203
1.685556667,0.010333333,1.675223333,0,3/1/2026 20:30,0.1203
2.38514,0.000666667,2.384473333,0,3/1/2026 20:45,0.11657
2.158896667,0.011666667,2.14723,0,3/1/2026 21:00,0.1273
2.002816667,0.005,1.997816667,0,3/1/2026 21:15,0.126
1.706516667,0.008,1.698516667,0,3/1/2026 21:30,0.126
2.221263333,0.005,2.216263333,0,3/1/2026 21:45,0.1203
1.829853333,0.006333333,1.82352,0,3/1/2026 22:00,0.126
2.28987,0.011666667,2.278203333,0,3/1/2026 22:15,0.126
2.038723333,0.028333333,2.01039,0,3/1/2026 22:30,0.126
1.662113333,0.008666667,1.653446667,0,3/1/2026 22:45,0.11431
1.383413333,0.002,1.381413333,0,3/1/2026 23:00,0.10931
1.857333333,0.005,1.852333333,0,3/1/2026 23:15,0.10813
1.285126667,0.004666667,1.28046,0,3/1/2026 23:30,0.10813
1.14559,0.003,1.14259,0,3/1/2026 23:45,0.10721
1.187433333,0.013,1.174433333,0,3/2/2026 0:00,0.11709
1.53666,0.005,1.53166,0,3/2/2026 0:15,0.11709
1.536006667,0.003,1.533006667,0,3/2/2026 0:30,0.1015
1.327626667,0.008333333,1.319293333,0,3/2/2026 0:45,0.09384
1.382736667,0.008,1.374736667,0,3/2/2026 1:00,0.11709
1.451906667,0.002666667,1.44924,0,3/2/2026 1:15,0.103
2.298606667,0.003666667,2.29494,0,3/2/2026 1:30,0.09993
4.21142,-0.004333333,4.215753333,0,3/2/2026 1:45,0.09998
4.624313333,0.068333333,4.55598,0,3/2/2026 2:00,0.09943
4.913106667,0.004333333,4.908773333,0,3/2/2026 2:15,0.09968
4.812523333,0.016,4.796523333,0,3/2/2026 2:30,0.09964
4.186163333,0.009333333,4.17683,0,3/2/2026 2:45,0.09947
4.45521,0.005,4.45021,0,3/2/2026 3:00,0.09832
1.804426667,0.001333333,1.803093333,0,3/2/2026 3:15,0.09759
1.541143333,0.006,1.535143333,0,3/2/2026 3:30,0.09734
1.194246667,0.007333333,1.186913333,0,3/2/2026 3:45,0.09734
1.24921,0.003333333,1.245876667,0,3/2/2026 4:00,0.0938
1.234836667,0.005333333,1.229503333,0,3/2/2026 4:15,0.0979
1.303503333,0.005,1.298503333,0,3/2/2026 4:30,0.0995
1.45478,0.013333333,1.441446667,0,3/2/2026 4:45,0.11019
0.914543333,0.002,0.912543333,0,3/2/2026 5:00,0.09114
1.10774,0.004,1.10374,0,3/2/2026 5:15,0.09456118
1.6988,0.009333333,1.689466667,0,3/2/2026 5:30,0.11709
1.40836,0.008,1.40036,0,3/2/2026 5:45,0.12864882
1.32468,0.008666667,1.316013333,0,3/2/2026 6:00,0.11
1.32432,0.003333333,1.320986667,0,3/2/2026 6:15,0.1156
1.11608,0.01,1.10608,0,3/2/2026 6:30,0.12954
1.155996667,0.008,1.147996667,0,3/2/2026 6:45,0.13842
1.415483333,0.006666667,1.408816667,0,3/2/2026 7:00,0.121
0.878956667,0.003666667,0.87529,0,3/2/2026 7:15,0.12203
1.58563,0.006666667,1.578963333,0,3/2/2026 7:30,0.12953
1.67715,0.008333333,1.668816667,0,3/2/2026 7:45,0.12953
1.67641,0.495333333,1.181076667,0,3/2/2026 8:00,0.1301
1.575503333,0.007666667,1.675376667,0.10754,3/2/2026 8:15,0.12953
1.775156667,0.009,2.046863333,0.280706667,3/2/2026 8:30,0.12954
1.15436,0.009,1.80564,0.66028,3/2/2026 8:45,0.12953
1.337556667,-2.811,4.807836667,0.65928,3/2/2026 9:00,0.12812
0,-3.21,3.838023333,0.628023333,3/2/2026 9:15,0.12205
0,-2.535333333,3.887816667,1.352483333,3/2/2026 9:30,0.13842
0,-1.094,3.28203,2.18803,3/2/2026 9:45,0.12953
-1.511713333,0.006,1.92281,3.440523333,3/2/2026 10:00,0.11764
-1.14277,-0.001333333,3.257,4.398436667,3/2/2026 10:15,0.1111
-3.365763333,0.108666667,3.270206667,6.744636667,3/2/2026 10:30,0.12954
-6.630986667,-0.022,2.502786667,9.111773333,3/2/2026 10:45,0.121
-7.68055,0.056333333,0.499496667,8.23638,3/2/2026 11:00,0.12499
-5.64144,0.061,0.95721,6.65965,3/2/2026 11:15,0.11709
-4.002866667,-0.005,2.438753333,6.43662,3/2/2026 11:30,0.11504
-4.479966667,0.068333333,2.723026667,7.271326667,3/2/2026 11:45,0.113
-2.734873333,0.034,2.803463333,5.572336667,3/2/2026 12:00,0.11314
-3.033646667,0,1.690293333,4.72394,3/2/2026 12:15,0.10697
-5.0419,0.035333333,1.014643333,6.091876667,3/2/2026 12:30,0.10139
-8.617556667,0.044333333,0.564836667,9.226726667,3/2/2026 12:45,0.0985
-10.70738,0.076333333,0.37955,11.16326333,3/2/2026 13:00,0.10468
-8.53056,0.023666667,0.73323,9.287456667,3/2/2026 13:15,0.1021
-9.988233333,-0.001333333,1.308033333,11.29493333,3/2/2026 13:30,0.10681
-10.31349,0.026,3.040373333,13.37986333,3/2/2026 13:45,0.10681
-7.42918,0.021,3.30373,10.75391,3/2/2026 14:00,0.10049
-6.183246667,0.018666667,3.59888,9.800793333,3/2/2026 14:15,0.10697
-5.820756667,0.234333333,3.451146667,9.506236667,3/2/2026 14:30,0.11019
-6.75086,0.007666667,3.03783,9.796356667,3/2/2026 14:45,0.11503
-5.75753,0.005,3.100803333,8.863333333,3/2/2026 15:00,0.12953
-6.502573333,0.098,2.995113333,9.595686667,3/2/2026 15:15,0.12954
-10.01707333,0.002,0.222973333,10.11831333,3/2/2026 15:30,0.12
-7.295423333,0.131,1.722383333,9.069466667,3/2/2026 15:45,0.12953
-1.79006,0.431333333,5.64484,7.866233333,3/2/2026 16:00,0.12194
0.525466667,1.541,5.146933333,6.162466667,3/2/2026 16:15,0.12954
0,0.482,5.265673333,5.747673333,3/2/2026 16:30,0.1301
0.976133333,0.538,5.582116667,5.143983333,3/2/2026 16:45,0.13842
2.331413333,-0.002,6.524186667,4.190773333,3/2/2026 17:00,0.1301
0,1.803,3.101046667,4.904046667,3/2/2026 17:15,0.14141
0,0.701333333,3.207833333,3.909166667,3/2/2026 17:30,0.15181
0.79302,0.005333333,3.512073333,2.724386667,3/2/2026 17:45,0.15807
2.486566667,0.006333333,3.79166,1.311426667,3/2/2026 18:00,0.15181
3.556733333,0.003666667,3.851433333,0.298366667,3/2/2026 18:15,0.15918
3.963563333,0.002,4.122656667,0.161093333,3/2/2026 18:30,0.16072
3.55423,0.008333333,3.572023333,0.026126667,3/2/2026 18:45,0.16324
1.555866667,0.004333333,1.551533333,0,3/2/2026 19:00,0.15378
1.782513333,0.002666667,1.779846667,0,3/2/2026 19:15,0.15378
1.795786667,0.006666667,1.78912,0,3/2/2026 19:30,0.14577
1.809123333,0.002,1.807123333,0,3/2/2026 19:45,0.13573486
1.9762,0.009333333,1.966866667,0,3/2/2026 20:00,0.15378
1.650406667,0.003333333,1.647073333,0,3/2/2026 20:15,0.14473
2.712916667,0.006333333,2.706583333,0,3/2/2026 20:30,0.13720582
1.81413,0.000333333,1.813796667,0,3/2/2026 20:45,0.11969555
2.332726667,-0.008333333,2.34106,0,3/2/2026 21:00,0.13842
1.48965,0.005666667,1.483983333,0,3/2/2026 21:15,0.1301
2.036403333,0.013,2.023403333,0,3/2/2026 21:30,0.12251646
2.073666667,0.004333333,2.069333333,0,3/2/2026 21:45,0.11501
1.987406667,0.009666667,1.97774,0,3/2/2026 22:00,0.11764
2.000163333,0.220666667,1.779496667,0,3/2/2026 22:15,0.11709
1.970626667,0.003333333,1.967293333,0,3/2/2026 22:30,0.11497
1.900303333,0.013333333,1.88697,0,3/2/2026 22:45,0.11497
1.718746667,0.004,1.714746667,0,3/2/2026 23:00,0.11685
1.62178,0.010333333,1.611446667,0,3/2/2026 23:15,0.11495
1.564796667,-0.013333333,1.57813,0,3/2/2026 23:30,0.11167
1.230386667,0.005,1.225386667,0,3/2/2026 23:45,0.10133
1.342453333,0.012333333,1.33012,0,3/3/2026 0:00,0.12498
1.606653333,0.007,1.599653333,0,3/3/2026 0:15,0.11871
1.341826667,0.005333333,1.336493333,0,3/3/2026 0:30,0.11071
1.355453333,0.005666667,1.349786667,0,3/3/2026 0:45,0.1056
1.243916667,0.003666667,1.24025,0,3/3/2026 1:00,0.11525
1.46689,0.010333333,1.456556667,0,3/3/2026 1:15,0.10687
1.523633333,0.002666667,1.520966667,0,3/3/2026 1:30,0.10673
1.829006667,0.005,1.824006667,0,3/3/2026 1:45,0.10618
2.022866667,0.009666667,2.0132,0,3/3/2026 2:00,0.10692
2.008786667,0.007333333,2.001453333,0,3/3/2026 2:15,0.10692
1.869656667,0.000666667,1.86899,0,3/3/2026 2:30,0.1061
2.230923333,0.002333333,2.22859,0,3/3/2026 2:45,0.1046
1.562826667,-0.001,1.563826667,0,3/3/2026 3:00,0.10779
1.799966667,0.011666667,1.7883,0,3/3/2026 3:15,0.10708
1.3811,0.008,1.3731,0,3/3/2026 3:30,0.10696
1.312143333,0.003,1.309143333,0,3/3/2026 3:45,0.10684
1.270343333,0.007,1.263343333,0,3/3/2026 4:00,0.10618
1.353633333,0.006,1.347633333,0,3/3/2026 4:15,0.10726
1.046963333,0.007333333,1.03963,0,3/3/2026 4:30,0.10718
1.06071,0.005666667,1.055043333,0,3/3/2026 4:45,0.11162
0.977216667,0.007666667,0.96955,0,3/3/2026 5:00,0.10678
1.143273333,0.006,1.137273333,0,3/3/2026 5:15,0.1111
1.310803333,0.007333333,1.30347,0,3/3/2026 5:30,0.11307675
0.907216667,0.013,0.894216667,0,3/3/2026 5:45,0.12574
0.920723333,0.000666667,0.920056667,0,3/3/2026 6:00,0.11882
1.392806667,-0.000333333,1.39314,0,3/3/2026 6:15,0.12855551
1.26748,0.009666667,1.257813333,0,3/3/2026 6:30,0.13475
1.406933333,0.005333333,1.4016,0,3/3/2026 6:45,0.14337
1.446646667,0.01,1.436646667,0,3/3/2026 7:00,0.13724
1.25196,0.007333333,1.244626667,0,3/3/2026 7:15,0.15203
2.163716667,0.005333333,2.158716667,0.000333333,3/3/2026 7:30,0.16084
2.4657,0.004333333,2.463366667,0.002,3/3/2026 7:45,0.15782
1.511553333,0.001666667,1.5732,0.063313333,3/3/2026 8:00,0.18419
1.415376667,0.192,1.453253333,0.229876667,3/3/2026 8:15,0.14488
1.247886667,-0.043,1.826816667,0.53593,3/3/2026 8:30,0.1301
2.859456667,-0.014666667,3.877916667,1.003793333,3/3/2026 8:45,0.13389
1.78167,0.029,3.483816667,1.731146667,3/3/2026 9:00,0.13389
-0.071513333,0.003333333,3.891996667,3.966843333,3/3/2026 9:15,0.13573
-6.740036667,0.017,1.256906667,8.013943333,3/3/2026 9:30,0.13375
-6.72177,0.020333333,1.431763333,8.173866667,3/3/2026 9:45,0.12746
-9.067266667,0.01,0.68153,9.758796667,3/3/2026 10:00,0.12746
-10.41957667,0.007,0.172596667,10.58875,3/3/2026 10:15,0.12746
-12.44153667,0.038,0,12.22716333,3/3/2026 10:30,0.12746
-12.27158667,0.025666667,1.49971,13.79696333,3/3/2026 10:45,0.12522
-14.66013,0.009666667,0.70089,15.37068667,3/3/2026 11:00,0.12746
-15.83964,0.019333333,0.792253333,16.65122667,3/3/2026 11:15,0.12522
-18.63921,0.011333333,0.037046667,17.94953,3/3/2026 11:30,0.11554
-17.46993667,0.109666667,2.760946667,19.26056333,3/3/2026 11:45,0.11344
0,10.34333333,7.735193333,18.07852667,3/3/2026 12:00,0.10663
0,11.15133333,10.05938,21.21071333,3/3/2026 12:15,0.10147
0,13.354,8.485566667,21.83956667,3/3/2026 12:30,0.10038
0,13.195,9.240453333,22.43545333,3/3/2026 12:45,0.09912
0,13.236,8.98449,22.22049,3/3/2026 13:00,0.095
0,13.612,8.59481,22.20681,3/3/2026 13:15,0.09783
0,13.33733333,8.97421,22.31154333,3/3/2026 13:30,0.09783
0,12.25233333,9.88766,22.13999333,3/3/2026 13:45,0.09912
0,14.139,7.896813333,22.03581333,3/3/2026 14:00,0.10127
0,14.16666667,7.917116667,22.08378333,3/3/2026 14:15,0.10564
0,16.97266667,6.20315,23.17581667,3/3/2026 14:30,0.10631
0,18.39033333,4.34842,22.73875333,3/3/2026 14:45,0.10718
0,8.140333333,4.074473333,12.21480667,3/3/2026 15:00,0.11922
0,14.106,2.584966667,16.52641,3/3/2026 15:15,0.12333
0,17.00533333,2.834776667,19.60175,3/3/2026 15:30,0.11718
0,19.793,0.2927,19.63023333,3/3/2026 15:45,0.11979
0,17.49066667,2.263156667,19.65316333,3/3/2026 16:00,0.11679
0,10.03433333,2.483253333,12.46029333,3/3/2026 16:15,0.11718
0,8.481333333,1.970286667,10.45162,3/3/2026 16:30,0.11679
0,12.93033333,2.001483333,14.56302,3/3/2026 16:45,0.12312
0,6.345,4.249366667,10.59436667,3/3/2026 17:00,0.13389
0,4.123,1.828186667,5.951186667,3/3/2026 17:15,0.13671
0,1.873333333,1.838256667,3.71159,3/3/2026 17:30,0.15152
0,1.949666667,1.131026667,3.080693333,3/3/2026 17:45,0.18314
0.946166667,0.273,2.45345,1.780283333,3/3/2026 18:00,0.13738
0.05668,0.120666667,1.15277,1.216756667,3/3/2026 18:15,0.15124
0.48188,0.011,1.226143333,0.755263333,3/3/2026 18:30,0.17814
1.31584,0.010666667,1.670446667,0.365273333,3/3/2026 18:45,0.19324
1.427936667,0.012,1.4724,0.056463333,3/3/2026 19:00,0.18814
1.667796667,0.003666667,1.66913,0.005,3/3/2026 19:15,0.18064
2.076563333,0.004666667,2.071896667,0,3/3/2026 19:30,0.15895
2.25965,0.007666667,2.251983333,0,3/3/2026 19:45,0.13724
2.19006,0.004666667,2.185393333,0,3/3/2026 20:00,0.13378
2.007423333,0.014,1.993423333,0,3/3/2026 20:15,0.13375
1.710026667,0.005333333,1.704693333,0,3/3/2026 20:30,0.1301
1.69586,0.005,1.69086,0,3/3/2026 20:45,0.12574
1.69652,0.076,1.62052,0,3/3/2026 21:00,0.13814
2.315026667,0.005,2.310026667,0,3/3/2026 21:15,0.1301
1.582156667,0.003,1.579156667,0,3/3/2026 21:30,0.1301
1.566376667,0.005,1.561376667,0,3/3/2026 21:45,0.12746
2.772446667,0.011666667,2.76078,0,3/3/2026 22:00,0.1301
1.913536667,0.008,1.905536667,0,3/3/2026 22:15,0.12808
1.827923333,0.006,1.821923333,0,3/3/2026 22:30,0.12574
1.603833333,0.008333333,1.5955,0,3/3/2026 22:45,0.1128
1.979633333,0.005333333,1.9743,0,3/3/2026 23:00,0.12574
2.061866667,0.005333333,2.056533333,0,3/3/2026 23:15,0.12614
1.626313333,0.009,1.617313333,0,3/3/2026 23:30,0.11917
1.750553333,0.005333333,1.74522,0,3/3/2026 23:45,0.11675
1.357596667,-0.118333333,1.47593,0,3/4/2026 0:00,0.15352
1.245326667,0.006,1.239326667,0,3/4/2026 0:15,0.15453
1.04938,0.013666667,1.035713333,0,3/4/2026 0:30,0.15352
1.300193333,0.007,1.293193333,0,3/4/2026 0:45,0.15
1.24381,0.007333333,1.236476667,0,3/4/2026 1:00,0.15179472
1.14631,0.002666667,1.143643333,0,3/4/2026 1:15,0.14229
2.46613,0.009333333,2.456796667,0,3/4/2026 1:30,0.13979797
4.83777,0.008333333,4.829436667,0,3/4/2026 1:45,0.13811731
5.296996667,0.004,5.292996667,0,3/4/2026 2:00,0.13952448
5.21101,0.007,5.20401,0,3/4/2026 2:15,0.13780477
4.86611,-0.012333333,4.878443333,0,3/4/2026 2:30,0.13644
4.548456667,0.009,4.539456667,0,3/4/2026 2:45,0.13555075
3.61533,0.001666667,3.613663333,0,3/4/2026 3:00,0.13644
1.85515,0.008,1.84715,0,3/4/2026 3:15,0.1369651
1.40955,0.007333333,1.402216667,0,3/4/2026 3:30,0.13696
1.438183333,0.009333333,1.42885,0,3/4/2026 3:45,0.13684
1.145136667,0.004333333,1.140803333,0,3/4/2026 4:00,0.13662134
1.298296667,0.006666667,1.29163,0,3/4/2026 4:15,0.13726
1.367976667,0.005666667,1.36231,0,3/4/2026 4:30,0.14045433
1.2001,0.001,1.1991,0,3/4/2026 4:45,0.1436
1.199746667,0.011,1.188746667,0,3/4/2026 5:00,0.14003616
1.26896,0.006,1.26296,0,3/4/2026 5:15,0.15116906
1.407733333,0.008,1.399733333,0,3/4/2026 5:30,0.15352
1.54738,0.126333333,1.421046667,0,3/4/2026 5:45,0.15853
1.08692,0.01,1.07692,0,3/4/2026 6:00,0.15508
1.503376667,0.007333333,1.496043333,0,3/4/2026 6:15,0.163
1.058526667,0.003,1.055526667,0,3/4/2026 6:30,0.176
1.127783333,0.007666667,1.120116667,0,3/4/2026 6:45,0.18643
1.36242,0.003,1.35942,0,3/4/2026 7:00,0.176
1.375203333,0.006,1.369203333,0,3/4/2026 7:15,0.21721
2.244026667,0.017333333,2.228026667,0.001333333,3/4/2026 7:30,0.2259
3.805393333,-0.002,3.832393333,0.025,3/4/2026 7:45,0.21721
1.18967,0.005,1.517486667,0.332816667,3/4/2026 8:00,0.29110452
3.333146667,0.017,4.131626667,0.81548,3/4/2026 8:15,0.21721
1.488683333,0.017666667,3.193046667,1.72203,3/4/2026 8:30,0.18343
-0.668903333,0.032666667,1.88917,2.59074,3/4/2026 8:45,0.19001
-1.37771,0.081666667,2.66499,4.124366667,3/4/2026 9:00,0.18343
-3.615746667,0.038666667,1.62564,5.280053333,3/4/2026 9:15,0.17355
-5.656233333,0.006,0.806123333,6.468356667,3/4/2026 9:30,0.17115
-5.053226667,-0.013666667,2.657013333,7.696573333,3/4/2026 9:45,0.15639
-6.600556667,0.026666667,2.522953333,9.150176667,3/4/2026 10:00,0.15756
-6.721006667,1.115,2.85581,10.69181667,3/4/2026 10:15,0.15505
-7.778936667,1.982333333,2.570096667,12.33136667,3/4/2026 10:30,0.15505
-11.38337333,0.865666667,1.493706667,13.62798,3/4/2026 10:45,0.15453
-15.45148333,0.013333333,0,15.08686333,3/4/2026 11:00,0.1569
-16.81689333,0.032,0.1402,16.39953667,3/4/2026 11:15,0.15505
-17.13072333,0.022666667,0.621263333,17.70817667,3/4/2026 11:30,0.15453
-19.00823333,0.024666667,0.21201,18.79914667,3/4/2026 11:45,0.15352
-11.35637,0.832333333,5.33565,17.17324,3/4/2026 12:00,0.15352
0,7.872333333,11.01091667,18.88325,3/4/2026 12:15,0.14082
0,9.708666667,11.40567667,21.11434333,3/4/2026 12:30,0.14082
0,12.85533333,8.709446667,21.56478,3/4/2026 12:45,0.14082
0,11.87266667,10.00453,21.87719667,3/4/2026 13:00,0.14644
0,12.18,9.798523333,21.97852333,3/4/2026 13:15,0.14705
0,10.638,11.69833667,22.33633667,3/4/2026 13:30,0.14705
0,9.435666667,13.02307,22.45873667,3/4/2026 13:45,0.153
0,12.923,9.486986667,22.40998667,3/4/2026 14:00,0.15352
0,11.79666667,10.2658,22.06246667,3/4/2026 14:15,0.15352
0,13.47433333,8.165686667,21.64002,3/4/2026 14:30,0.15453
0,14.06566667,7.031966667,21.09763333,3/4/2026 14:45,0.15619
0,14.20566667,6.198586667,20.40425333,3/4/2026 15:00,0.15505
0,15.24633333,4.4402,19.68653333,3/4/2026 15:15,0.15839
0,14.81766667,3.936716667,18.75438333,3/4/2026 15:30,0.1669
0,15.659,1.894436667,17.55343667,3/4/2026 15:45,0.1669
0,15.84966667,0.43664,16.28630667,3/4/2026 16:00,0.1669
0,11.87166667,2.84056,14.71222667,3/4/2026 16:15,0.17055
0,11.793,1.35595,13.14895,3/4/2026 16:30,0.17055
0,7.475,4.148953333,11.62395333,3/4/2026 16:45,0.17355
0,8.162666667,1.861973333,10.02464,3/4/2026 17:00,0.16715
0,6.838333333,1.556316667,8.39465,3/4/2026 17:15,0.17355
0,3.751333333,2.898436667,6.64977,3/4/2026 17:30,0.2031
0,3.506,1.79095,5.29695,3/4/2026 17:45,0.2162
0.1418,1.367333333,2.774883333,4.000416667,3/4/2026 18:00,0.211
0,1.287,1.702526667,2.989526667,3/4/2026 18:15,0.211
0,0.987333333,0.54326,1.530593333,3/4/2026 18:30,0.21721
0.19817,0.036,0.790823333,0.628653333,3/4/2026 18:45,0.22236
1.187156667,0.005,1.325406667,0.14325,3/4/2026 19:00,0.21721
1.48367,0.005,1.47867,0,3/4/2026 19:15,0.21721
1.71042,0.011,1.69942,0,3/4/2026 19:30,0.211
2.047823333,0.005,2.042823333,0,3/4/2026 19:45,0.18568
1.653266667,0.008333333,1.644933333,0,3/4/2026 20:00,0.17713
1.71054,0.005666667,1.704873333,0,3/4/2026 20:15,0.172
1.385233333,0.002666667,1.382566667,0,3/4/2026 20:30,0.15928638
2.0767,0.003666667,2.073033333,0,3/4/2026 20:45,0.15557
1.681763333,0.007666667,1.674096667,0,3/4/2026 21:00,0.18125
1.951363333,0.027333333,1.92403,0,3/4/2026 21:15,0.17549
2.00654,0.008666667,1.997873333,0,3/4/2026 21:30,0.16715
1.55384,0.004333333,1.549506667,0,3/4/2026 21:45,0.15611
1.483283333,0.005,1.478283333,0,3/4/2026 22:00,0.1669
1.48171,0.004,1.47771,0,3/4/2026 22:15,0.15856573
1.5087,0.009333333,1.499366667,0,3/4/2026 22:30,0.16644427
1.899903333,0.001666667,1.898236667,0,3/4/2026 22:45,0.15561
1.68789,0.006,1.68189,0,3/4/2026 23:00,0.166
1.854803333,0.006,1.848803333,0,3/4/2026 23:15,0.15639
1.60279,0.002666667,1.600123333,0,3/4/2026 23:30,0.15453
1.57367,0.004333333,1.569336667,0,3/4/2026 23:45,0.15238
1.320383333,0.002666667,1.317716667,0,3/5/2026 0:00,0.15689
1.264066667,0.005666667,1.2584,0,3/5/2026 0:15,0.15689
1.277296667,0.007,1.270296667,0,3/5/2026 0:30,0.15355
1.72269,0.002,1.72069,0,3/5/2026 0:45,0.14383
1.287603333,0.018,1.269603333,0,3/5/2026 1:00,0.15355
0.854183333,0.009333333,0.84485,0,3/5/2026 1:15,0.15355
2.299793333,0.010333333,2.28946,0,3/5/2026 1:30,0.14957
4.85364,0.002333333,4.851306667,0,3/5/2026 1:45,0.14333
4.423913333,-0.002,4.425913333,0,3/5/2026 2:00,0.14874
4.550073333,0.002,4.548073333,0,3/5/2026 2:15,0.148
4.673603333,0.006333333,4.66727,0,3/5/2026 2:30,0.14588
4.990896667,0.007,4.983896667,0,3/5/2026 2:45,0.14406
3.71478,0.001333333,3.713446667,0,3/5/2026 3:00,0.148
1.438336667,0.008666667,1.42967,0,3/5/2026 3:15,0.14588
1.25713,0.004333333,1.252796667,0,3/5/2026 3:30,0.14445
0.978673333,0.004,0.974673333,0,3/5/2026 3:45,0.1455
0.81094,0.007666667,0.803273333,0,3/5/2026 4:00,0.14677
0.950533333,0.009,0.941533333,0,3/5/2026 4:15,0.148
1.522053333,0.003,1.519053333,0,3/5/2026 4:30,0.148
1.271406667,0.005,1.266406667,0,3/5/2026 4:45,0.14383
0.824513333,0.010333333,0.81418,0,3/5/2026 5:00,0.14333
0.85219,-0.312666667,1.164856667,0,3/5/2026 5:15,0.14427
1.158173333,0,1.158173333,0,3/5/2026 5:30,0.15355
0.865626667,0.006,0.859626667,0,3/5/2026 5:45,0.15689
1.353093333,0.012,1.341093333,0,3/5/2026 6:00,0.15689
1.339363333,0.041666667,1.297696667,0,3/5/2026 6:15,0.16967
1.01795,0.007,1.01095,0,3/5/2026 6:30,0.17492
0.92021,-0.001666667,0.921876667,0,3/5/2026 6:45,0.17434753
1.058903333,0.003,1.055903333,0,3/5/2026 7:00,0.17499
0.989813333,0.004666667,0.985146667,0,3/5/2026 7:15,0.17499
2.740716667,0.008,2.732716667,0,3/5/2026 7:30,0.176
2.063173333,0.004333333,2.10663,0.04779,3/5/2026 7:45,0.17499
0.930796667,0.008666667,1.295036667,0.372906667,3/5/2026 8:00,0.17643
0.125176667,-0.048333333,1.19177,1.01826,3/5/2026 8:15,0.165
-0.181706667,-0.041,1.742476667,1.883183333,3/5/2026 8:30,0.16521
0.097723333,0.003666667,2.670643333,2.576586667,3/5/2026 8:45,0.15487
-0.15674,0.324666667,3.474806667,3.956213333,3/5/2026 9:00,0.1673
-2.265016667,0.041333333,2.993856667,5.300206667,3/5/2026 9:15,0.15989
-2.84207,0.112,3.28452,6.23859,3/5/2026 9:30,0.15355
-5.44406,0.026666667,2.136876667,7.607603333,3/5/2026 9:45,0.14406
-7.80904,-0.001333333,1.344163333,9.15187,3/5/2026 10:00,0.15355
-9.90726,0.045333333,0.979913333,10.93250667,3/5/2026 10:15,0.15355
-11.32685667,0.032666667,1.149296667,12.50882,3/5/2026 10:30,0.15179
-13.29551333,0.106666667,0.354683333,13.75686333,3/5/2026 10:45,0.13859
-14.93110667,0.056,0.305966667,15.06695667,3/5/2026 11:00,0.12746
-16.44648333,0.028666667,0.052886667,16.47965667,3/5/2026 11:15,0.12659
-18.46357333,-0.12,0.01392,17.91075667,3/5/2026 11:30,0.12659
-12.23122,3.075666667,2.881913333,17.91777667,3/5/2026 11:45,0.13859
0,8.234,11.47914667,19.71314667,3/5/2026 12:00,0.1295
0,9.448,11.15562333,20.60362333,3/5/2026 12:15,0.12349
0,9.323333333,11.24959333,20.57292667,3/5/2026 12:30,0.12025
0,9.918333333,10.87717667,20.79551,3/5/2026 12:45,0.12
0,8.527,12.41544667,20.94244667,3/5/2026 13:00,0.12459
0,8.993333333,12.23982667,21.23316,3/5/2026 13:15,0.12659
0,7.979666667,12.92441333,20.90408,3/5/2026 13:30,0.12868
0,5.556,14.67007667,20.22607667,3/5/2026 13:45,0.13306
0,4.883,15.35936,20.24236,3/5/2026 14:00,0.14406
0,4.624,13.2892,17.9132,3/5/2026 14:15,0.14625
0,12.42766667,10.49146667,22.91913333,3/5/2026 14:30,0.13406
0,10.67033333,9.768276667,20.43861,3/5/2026 14:45,0.13151
0,14.81766667,6.636563333,21.45423,3/5/2026 15:00,0.1355
0,12.25366667,7.231173333,19.48484,3/5/2026 15:15,0.13662
0,12.206,5.445626667,17.65162667,3/5/2026 15:30,0.15262
0,11.61266667,5.987613333,17.60028,3/5/2026 15:45,0.14666
0,10.39,5.26152,15.65152,3/5/2026 16:00,0.13662
0,10.456,4.586103333,15.04210333,3/5/2026 16:15,0.14406
0,7.142,5.29507,12.43707,3/5/2026 16:30,0.15082
0,6.630666667,3.213423333,9.84409,3/5/2026 16:45,0.16967
0,5.787,3.996813333,9.783813333,3/5/2026 17:00,0.14715
0,2.833333333,5.00234,7.835673333,3/5/2026 17:15,0.16745
0.198493333,0.657,4.266053333,4.72456,3/5/2026 17:30,0.16967
0.02837,0.725666667,3.11673,3.814026667,3/5/2026 17:45,0.17499
0.495666667,0.763333333,2.479906667,2.747573333,3/5/2026 18:00,0.18029
0,0.364333333,1.4856,1.849933333,3/5/2026 18:15,0.18745
0.36833,0.045666667,1.370503333,1.04784,3/5/2026 18:30,0.18642
1.11615,0.044,1.51909,0.44694,3/5/2026 18:45,0.18930841
2.23052,-0.004333333,2.28345,0.048596667,3/5/2026 19:00,0.185
2.061393333,0.001,2.060393333,0,3/5/2026 19:15,0.18350759
2.203413333,0.007333333,2.19608,0,3/5/2026 19:30,0.17521
2.302693333,0.008333333,2.29436,0,3/5/2026 19:45,0.17708241
2.37293,0.005,2.36793,0,3/5/2026 20:00,0.16967
2.019643333,0.011333333,2.00831,0,3/5/2026 20:15,0.15989
2.132443333,0.001,2.131443333,0,3/5/2026 20:30,0.15487
1.964246667,0.006,1.958246667,0,3/5/2026 20:45,0.1474
1.80819,0.012333333,1.795856667,0,3/5/2026 21:00,0.15989
1.922406667,0.005333333,1.917073333,0,3/5/2026 21:15,0.15989
1.581516667,0.004,1.577516667,0,3/5/2026 21:30,0.14588
1.340853333,0.068,1.272853333,0,3/5/2026 21:45,0.1206
1.818296667,0.009,1.809296667,0,3/5/2026 22:00,0.14406
1.817206667,0.007666667,1.80954,0,3/5/2026 22:15,0.14383
1.422203333,-0.010333333,1.432536667,0,3/5/2026 22:30,0.15023
1.350586667,0.000666667,1.34992,0,3/5/2026 22:45,0.1418
1.588626667,0.004666667,1.58396,0,3/5/2026 23:00,0.15355
1.910003333,-0.000666667,1.91067,0,3/5/2026 23:15,0.14905
1.56023,0.005,1.55523,0,3/5/2026 23:30,0.14383
1.58673,0.007666667,1.579063333,0,3/5/2026 23:45,0.14237
1.05242,0.011666667,1.040753333,0,3/6/2026 0:00,0.1358
0.911113333,0.008,0.903113333,0,3/6/2026 0:15,0.1358
1.259713333,0.014333333,1.24538,0,3/6/2026 0:30,0.13093
1.53814,0.005333333,1.532806667,0,3/6/2026 0:45,0.12945
1.329313333,0.111666667,1.217646667,0,3/6/2026 1:00,0.13101
1.17474,0.007333333,1.167406667,0,3/6/2026 1:15,0.12962
1.839983333,0.005,1.834983333,0,3/6/2026 1:30,0.12273
4.61644,0.008,4.60844,0,3/6/2026 1:45,0.12182
4.325816667,0.005,4.320816667,0,3/6/2026 2:00,0.12612
4.45133,0.008,4.44333,0,3/6/2026 2:15,0.12547
4.62945,-0.003333333,4.632783333,0,3/6/2026 2:30,0.11639879
4.739183333,0.01,4.729183333,0,3/6/2026 2:45,0.11671627
3.767513333,-0.004666667,3.77218,0,3/6/2026 3:00,0.12956
1.54935,0.003,1.54635,0,3/6/2026 3:15,0.12966
1.814566667,0.006666667,1.8079,0,3/6/2026 3:30,0.12616
1.202223333,0.009,1.193223333,0,3/6/2026 3:45,0.12542
1.103903333,0.004,1.099903333,0,3/6/2026 4:00,0.12646
1.075713333,0.002,1.073713333,0,3/6/2026 4:15,0.12962
1.2147,0.02,1.1947,0,3/6/2026 4:30,0.12754
1.103146667,0.009,1.094146667,0,3/6/2026 4:45,0.13261063
1.019453333,0,1.019453333,0,3/6/2026 5:00,0.12273
1.22914,0.004333333,1.224806667,0,3/6/2026 5:15,0.1299748
1.032766667,0.004666667,1.0281,0,3/6/2026 5:30,0.14180262
1.115883333,0.002,1.113883333,0,3/6/2026 5:45,0.14773258
1.21346,0.007333333,1.206126667,0,3/6/2026 6:00,0.14187718
1.04667,0.006,1.04067,0,3/6/2026 6:15,0.16058282
1.337766667,0.004333333,1.333433333,0,3/6/2026 6:30,0.16926
1.14285,0.012,1.13085,0,3/6/2026 6:45,0.16828
1.156406667,0.008666667,1.14774,0,3/6/2026 7:00,0.15706
1.238466667,0.008333333,1.230133333,0,3/6/2026 7:15,0.16139
2.01209,0.022,2.000756667,0.010666667,3/6/2026 7:30,0.16342
3.879713333,0.003,3.982533333,0.10582,3/6/2026 7:45,0.16773
0.66715,0.095,1.130396667,0.558246667,3/6/2026 8:00,0.15839
-0.16749,-0.016666667,1.004633333,1.155456667,3/6/2026 8:15,0.154
-0.30691,0.132,1.66452,2.10343,3/6/2026 8:30,0.15706
-0.185806667,0.568,2.26401,3.017816667,3/6/2026 8:45,0.14956
-0.11191,-0.020666667,3.910833333,4.002076667,3/6/2026 9:00,0.1637
-1.374866667,0.119666667,3.542393333,5.036926667,3/6/2026 9:15,0.15839
-1.519493333,0.024666667,4.755663333,6.299823333,3/6/2026 9:30,0.15706
-5.865253333,0.081,1.659276667,7.60553,3/6/2026 9:45,0.14649
-7.40894,0.079666667,1.069866667,8.558473333,3/6/2026 10:00,0.14107
-8.467706667,-0.134333333,1.30759,9.640963333,3/6/2026 10:15,0.1343
-9.50049,0.151333333,1.503436667,11.15526,3/6/2026 10:30,0.1323
-11.56212,0.002,0.682336667,12.24645667,3/6/2026 10:45,0.13413
-12.71689,0.113666667,0.958996667,13.78955333,3/6/2026 11:00,0.13273
-15.64117667,0.079666667,0.17714,15.89798333,3/6/2026 11:15,0.13273
-17.69908333,0.026666667,0.00948,17.57959,3/6/2026 11:30,0.12507
-18.22435667,0.083333333,0,17.85556,3/6/2026 11:45,0.11747
-4.642643333,3.735666667,9.400813333,17.77912333,3/6/2026 12:00,0.12902
0,8.974,11.41280333,20.38680333,3/6/2026 12:15,0.12902
0,8.098333333,11.76954,19.86787333,3/6/2026 12:30,0.127
0,11.777,8.003813333,19.78081333,3/6/2026 12:45,0.117
0,11.51233333,7.56243,19.07476333,3/6/2026 13:00,0.12173
0,11.14033333,7.513416667,18.65375,3/6/2026 13:15,0.12273
0,15.16566667,6.198893333,21.36456,3/6/2026 13:30,0.127
0,11.641,9.301596667,20.94259667,3/6/2026 13:45,0.13
0,11.37966667,10.20720667,21.58687333,3/6/2026 14:00,0.12759
0,16.174,5.43552,21.60952,3/6/2026 14:15,0.12708
0,14.694,6.02797,20.72197,3/6/2026 14:30,0.1326
0,13.56533333,6.31235,19.87768333,3/6/2026 14:45,0.13273
0,14.46233333,4.60015,19.06248333,3/6/2026 15:00,0.12507
0,15.973,2.510433333,18.48343333,3/6/2026 15:15,0.12798
0,14.56566667,3.34672,17.91238667,3/6/2026 15:30,0.13273
0,15.44533333,1.492796667,16.93813,3/6/2026 15:45,0.13807
0,12.96233333,2.71224,15.67457333,3/6/2026 16:00,0.135
0,10.863,2.537583333,13.40058333,3/6/2026 16:15,0.1449
0,8.747333333,2.83,11.57733333,3/6/2026 16:30,0.1321
0,5.899666667,4.2502,10.14986667,3/6/2026 16:45,0.142
0,5.411333333,2.38705,7.798383333,3/6/2026 17:00,0.14107
0,5.097666667,2.45417,7.551836667,3/6/2026 17:15,0.14745
0,0.156,6.069753333,6.225753333,3/6/2026 17:30,0.16021
1.61126,0.507,5.705203333,4.600943333,3/6/2026 17:45,0.18328
0.635703333,0.618666667,3.325743333,3.308706667,3/6/2026 18:00,0.16139
0.566413333,0.272,2.334366667,2.039953333,3/6/2026 18:15,0.16828
0.735986667,0.007333333,1.73855,1.009896667,3/6/2026 18:30,0.176
1.808443333,0.084666667,2.025866667,0.30209,3/6/2026 18:45,0.18371
2.005486667,0.003,2.04806,0.045573333,3/6/2026 19:00,0.185
1.9074,0.006333333,1.901066667,0,3/6/2026 19:15,0.17735
1.936186667,0.003333333,1.93352,0.000666667,3/6/2026 19:30,0.16183619
2.638696667,0.008333333,2.630363333,0,3/6/2026 19:45,0.15839
2.218123333,0.002333333,2.21579,0,3/6/2026 20:00,0.15688009
1.921333333,0.006,1.915333333,0,3/6/2026 20:15,0.15388
1.69646,0.011,1.68546,0,3/6/2026 20:30,0.14760991
2.005493333,0.003666667,2.001826667,0,3/6/2026 20:45,0.14603
2.117356667,0.016,2.101356667,0,3/6/2026 21:00,0.15706
2.14572,0.026666667,2.119053333,0,3/6/2026 21:15,0.14632494
1.566076667,0.001333333,1.564743333,0,3/6/2026 21:30,0.13133962
1.99976,0.008666667,1.991093333,0,3/6/2026 21:45,0.11727544
1.858446667,0.017,1.841446667,0,3/6/2026 22:00,0.14148983
1.392593333,-0.001666667,1.39426,0,3/6/2026 22:15,0.13189
1.602793333,0.012333333,1.59046,0,3/6/2026 22:30,0.13144232
1.63021,0.011,1.61921,0,3/6/2026 22:45,0.13473786
1.88254,0,1.88254,0,3/6/2026 23:00,0.14603
1.683613333,0.002333333,1.68128,0,3/6/2026 23:15,0.13323
1.64054,0.015666667,1.624873333,0,3/6/2026 23:30,0.13152
1.63736,0.011333333,1.626026667,0,3/6/2026 23:45,0.1315
1.817253333,-0.001,1.818253333,0,3/7/2026 0:00,0.14980633
1.132836667,0.003666667,1.12917,0,3/7/2026 0:15,0.14525562
1.537213333,0.017,1.520213333,0,3/7/2026 0:30,0.14221701
1.621313333,0.002333333,1.61898,0,3/7/2026 0:45,0.1395818
1.453553333,-0.000666667,1.45422,0,3/7/2026 1:00,0.14732624
0.895066667,0.005333333,0.889733333,0,3/7/2026 1:15,0.1422937
2.242963333,0.007666667,2.235296667,0,3/7/2026 1:30,0.136
4.851093333,0.013666667,4.837426667,0,3/7/2026 1:45,0.13193896
4.713816667,0.004,4.709816667,0,3/7/2026 2:00,0.139
4.563216667,0.011666667,4.55155,0,3/7/2026 2:15,0.13370044
4.352806667,0.000666667,4.35214,0,3/7/2026 2:30,0.13323862
4.503803333,0.014333333,4.48947,0,3/7/2026 2:45,0.13225512
3.656606667,0.007333333,3.649273333,0,3/7/2026 3:00,0.13656426
2.02252,0.012333333,2.010186667,0,3/7/2026 3:15,0.13477383
1.85508,0.005333333,1.849746667,0,3/7/2026 3:30,0.13322592
1.131376667,0.002,1.129376667,0,3/7/2026 3:45,0.1333902
1.06114,0.007333333,1.053806667,0,3/7/2026 4:00,0.13334889
1.367496667,-0.002,1.369496667,0,3/7/2026 4:15,0.134672
1.21382,0.007,1.20682,0,3/7/2026 4:30,0.13482742
1.102443333,0.006666667,1.095776667,0,3/7/2026 4:45,0.13839169
1.15752,0.003666667,1.153853333,0,3/7/2026 5:00,0.1352292
1.351783333,0.002666667,1.349116667,0,3/7/2026 5:15,0.13998
1.30948,0.004333333,1.305146667,0,3/7/2026 5:30,0.14054321
1.28127,0.005333333,1.275936667,0,3/7/2026 5:45,0.14576021
1.169633333,0.006666667,1.162966667,0,3/7/2026 6:00,0.145
1.349243333,-0.001333333,1.350576667,0,3/7/2026 6:15,0.15681
1.21012,0.009333333,1.200786667,0,3/7/2026 6:30,0.15882
1.29237,0.003666667,1.288703333,0,3/7/2026 6:45,0.15882
1.292103333,0.013333333,1.27877,0,3/7/2026 7:00,0.16017
1.318,0.004333333,1.314333333,0.000666667,3/7/2026 7:15,0.16323
1.373046667,0.015666667,1.37638,0.019,3/7/2026 7:30,0.16323
0.582866667,0.011333333,0.699936667,0.128403333,3/7/2026 7:45,0.16017
0.47174,0.002333333,1.018076667,0.54867,3/7/2026 8:00,0.16017
0.263983333,-0.000666667,1.43947,1.17482,3/7/2026 8:15,0.15681
2.83413,0.019,4.801653333,1.986523333,3/7/2026 8:30,0.15521
-1.10143,-0.002,1.805583333,2.905013333,3/7/2026 8:45,0.145
-3.477073333,0.121,0.632043333,4.230116667,3/7/2026 9:00,0.15681
-3.03999,-0.125333333,2.293,5.207656667,3/7/2026 9:15,0.15521
-2.49169,0.229666667,3.821563333,6.54292,3/7/2026 9:30,0.15681
-4.811546667,0.084,2.81517,7.710716667,3/7/2026 9:45,0.1358
-6.879916667,0.065666667,2.23417,9.179753333,3/7/2026 10:00,0.15261
-9.489853333,0.039333333,1.215333333,10.74452,3/7/2026 10:15,0.1426
-7.8283,0.450333333,3.788483333,12.06711667,3/7/2026 10:30,0.13275
-8.673753333,0.129333333,4.60907,13.41215667,3/7/2026 10:45,0.11406
-10.59117667,-0.165333333,4.157746667,14.58359,3/7/2026 11:00,0.12
-13.32071667,-0.269333333,2.82761,15.87899333,3/7/2026 11:15,0.11892
-15.14492667,0.033,2.003643333,17.18157,3/7/2026 11:30,0.12
-15.57986,0.005333333,2.524226667,18.10942,3/7/2026 11:45,0.11845
-15.62773,0.067333333,3.50834,18.92119667,3/7/2026 12:00,0.11094
-3.28539,2.233333333,12.81942,18.33814333,3/7/2026 12:15,0.1164
0,5.923,13.40920333,19.33220333,3/7/2026 12:30,0.11094
0,6.525333333,13.5995,20.12483333,3/7/2026 12:45,0.11094
0,5.392333333,15.03195,20.42428333,3/7/2026 13:00,0.11093
0,6.746,14.05257,20.79857,3/7/2026 13:15,0.11678
0,4.781333333,16.34942667,21.13076,3/7/2026 13:30,0.11773
0,3.638666667,17.52203,21.16069667,3/7/2026 13:45,0.11773
0,5.792666667,15.37602,21.16868667,3/7/2026 14:00,0.11954
0,5.131333333,15.49669667,20.62803,3/7/2026 14:15,0.11845
0,14.36533333,6.09369,20.45902333,3/7/2026 14:30,0.12453
0,14.289,5.46819,19.75719,3/7/2026 14:45,0.1252
0,13.67966667,5.644723333,19.32439,3/7/2026 15:00,0.11091
0,15.251,3.97215,18.73917667,3/7/2026 15:15,0.111
0,14.91966667,3.097146667,17.79839,3/7/2026 15:30,0.12418
0,15.67466667,1.745953333,16.76744667,3/7/2026 15:45,0.13789591
0,11.90166667,3.920966667,15.55784,3/7/2026 16:00,0.10718
0,7.760666667,6.357166667,14.11783333,3/7/2026 16:15,0.12449
0,7.022333333,5.830233333,12.85256667,3/7/2026 16:30,0.14171
0,3.773,7.47383,11.24683,3/7/2026 16:45,0.15882
0,3.119,6.51185,9.63085,3/7/2026 17:00,0.12903
1.859256667,1.89,7.982286667,8.01303,3/7/2026 17:15,0.15521
1.666266667,0.742666667,7.48177,6.55817,3/7/2026 17:30,0.15681
1.729316667,-0.004666667,6.910873333,5.17689,3/7/2026 17:45,0.17355
3.300973333,0.685666667,6.449976667,3.83467,3/7/2026 18:00,0.15681
3.523853333,0.002333333,6.10608,2.58456,3/7/2026 18:15,0.16124584
5.11448,0.007666667,6.487373333,1.38056,3/7/2026 18:30,0.17694416
7.088573333,0.075666667,7.66272,0.649813333,3/7/2026 18:45,0.185
6.21073,0.025,6.346013333,0.160283333,3/7/2026 19:00,0.17355
6.57872,0.015333333,6.56472,0.001333333,3/7/2026 19:15,0.178
11.66105667,0.003333333,11.65772333,0,3/7/2026 19:30,0.17146
8.859983333,-1.135666667,9.99565,0,3/7/2026 19:45,0.16163
8.194393333,-0.255666667,8.45006,0,3/7/2026 20:00,0.16017
6.649513333,-0.11,6.759513333,0,3/7/2026 20:15,0.15429047
7.374456667,0.008333333,7.366123333,0,3/7/2026 20:30,0.15351
3.83801,-0.001,3.83901,0,3/7/2026 20:45,0.14617
4.125636667,0.028333333,4.097303333,0,3/7/2026 21:00,0.15882
2.560493333,-0.009,2.569493333,0,3/7/2026 21:15,0.15882
1.894873333,0.005333333,1.88954,0,3/7/2026 21:30,0.15681
4.695406667,0,4.695406667,0,3/7/2026 21:45,0.14919
5.81266,0.001666667,5.810993333,0,3/7/2026 22:00,0.15351
5.374136667,0.01,5.364136667,0,3/7/2026 22:15,0.145
5.074673333,0.006,5.068673333,0,3/7/2026 22:30,0.14706
5.332116667,0.011,5.321116667,0,3/7/2026 22:45,0.14304
5.379726667,-0.002,5.381726667,0,3/7/2026 23:00,0.15681
5.55769,0.007333333,5.550356667,0,3/7/2026 23:15,0.15351
5.022746667,0.008,5.014746667,0,3/7/2026 23:30,0.15351
5.34496,-0.001333333,5.346293333,0,3/7/2026 23:45,0.13293
5.11699,0.01,5.10699,0,3/8/2026 0:00,0.14983875
5.37698,0.003333333,5.373646667,0,3/8/2026 0:15,0.15521
-1.80304,-6.772666667,4.969626667,0,3/8/2026 0:30,0.15218
-1.808033333,-6.704666667,4.896633333,0,3/8/2026 0:45,0.15
-1.802863333,-3.119,1.316136667,0,3/8/2026 1:00,0.15218
-0.705383333,-2.009666667,1.304283333,0,3/8/2026 1:15,0.14155
1.679893333,0.213666667,1.466226667,0,3/8/2026 1:30,0.14141
1.218186667,-3.490333333,4.70852,0,3/8/2026 1:45,0.1385
0,-1.749333333,1.749333333,0,3/8/2026 2:00,0.14557
0,-1.881333333,1.881333333,0,3/8/2026 2:15,0.13883291
0,-2.000666667,2.000666667,0,3/8/2026 2:30,0.1385
0,-1.977,1.977,0,3/8/2026 2:45,0.13428
0,-3.349333333,3.349333333,0,3/8/2026 3:00,0.1385
0,-2.399666667,2.399666667,0,3/8/2026 3:15,0.13605967
0,-1.478,1.478,0,3/8/2026 3:30,0.13645712
0,-1.248333333,1.248333333,0,3/8/2026 3:45,0.1329893
0,-1.314666667,1.314666667,0,3/8/2026 4:00,0.13528487
0,-0.829666667,0.829666667,0,3/8/2026 4:15,0.135
0,-1.212666667,1.212666667,0,3/8/2026 4:30,0.13541
0,-4.411333333,4.411333333,0,3/8/2026 4:45,0.13639111
0,-3.130333333,3.130333333,0,3/8/2026 5:00,0.15218
0,-0.998,0.998,0,3/8/2026 5:15,0.133
0,-1.434,1.434,0,3/8/2026 5:30,0.13582512
0,-1.482333333,1.482333333,0,3/8/2026 5:45,0.13757336
0,-2.718333333,2.718333333,0,3/8/2026 6:00,0.15623
0,-4.608666667,4.608666667,0,3/8/2026 6:15,0.1605
0,-2.408,2.408,0,3/8/2026 6:30,0.15623
0,-1.222,1.222,0,3/8/2026 6:45,0.15623
0,-1.101666667,1.101666667,0,3/8/2026 7:00,0.15623
0,-0.909666667,0.915666667,0.006,3/8/2026 7:15,0.15623
0,-3.463666667,3.512,0.048333333,3/8/2026 7:30,0.15623
0,-4.667666667,4.832113333,0.164446667,3/8/2026 7:45,0.15521
0,-0.808,1.402626667,0.594626667,3/8/2026 8:00,0.1595
0,-1.207666667,2.550846667,1.34318,3/8/2026 8:15,0.15623
0,-3.890666667,6.254156667,2.36349,3/8/2026 8:30,0.15521
0,-2.808666667,6.128193333,3.319526667,3/8/2026 8:45,0.15218
0,-7.386666667,11.91015333,4.523486667,3/8/2026 9:00,0.15623
0,-3.884,9.456803333,5.572803333,3/8/2026 9:15,0.153
-0.548466667,-1.758333333,7.67681,6.466943333,3/8/2026 9:30,0.142
-0.385886667,-2.634,10.07361667,7.825503333,3/8/2026 9:45,0.15521
-0.386166667,-1.288666667,10.20342667,9.300926667,3/8/2026 10:00,0.142
-5.329586667,-0.162333333,5.692686667,10.85994,3/8/2026 10:15,0.133
-7.32968,0.916,3.914786667,12.16046667,3/8/2026 10:30,0.133
-6.401406667,0.404,6.82834,13.63374667,3/8/2026 10:45,0.125
-9.52627,1.029333333,4.38953,14.94513333,3/8/2026 11:00,0.125
-10.35766667,0.814,5.091056667,16.26272333,3/8/2026 11:15,0.1218
-11.18179667,1.965,4.271296667,17.41809333,3/8/2026 11:30,0.12915
-11.78613,0.32,6.399116667,18.50524667,3/8/2026 11:45,0.13
-12.41498,2.423666667,4.58123,19.41987667,3/8/2026 12:00,0.11752
-13.02800667,2.298,4.96015,20.28615667,3/8/2026 12:15,0.1164
-13.22875667,1.406333333,6.099673333,20.73476333,3/8/2026 12:30,0.1138
-13.25574333,0.628333333,7.406436667,21.29051333,3/8/2026 12:45,0.1
-13.977,1.481333333,6.276266667,21.7346,3/8/2026 13:00,0.11043
-14.01483333,2.327666667,5.54448,21.88698,3/8/2026 13:15,0.1
-10.85286,2.755,7.155883333,20.76374333,3/8/2026 13:30,0.08
-5.01862,4.625666667,10.79234,20.43662667,3/8/2026 13:45,0.07935
0,8.469666667,12.98298333,21.45265,3/8/2026 14:00,0.09954
0,9.764666667,11.73014333,21.49481,3/8/2026 14:15,0.11739
0,10.13366667,10.96687,21.10053667,3/8/2026 14:30,0.11739
0,8.646333333,11.84210333,20.48843667,3/8/2026 14:45,0.11739
0,9.370666667,10.23799333,19.60866,3/8/2026 15:00,0.1013
0,6.002,10.42401333,16.42601333,3/8/2026 15:15,0.115
0,8.026666667,9.59895,17.62561667,3/8/2026 15:30,0.11736
0,10.08733333,6.384,16.47133333,3/8/2026 15:45,0.12639148
0,7.165666667,5.64393,12.80959667,3/8/2026 16:00,0.10232242
0,4.567,6.91558,11.48258,3/8/2026 16:15,0.11738
0,4.413333333,6.171886667,10.58522,3/8/2026 16:30,0.149
0,4.82,5.460283333,10.28028333,3/8/2026 16:45,0.16837758
0,3.713666667,5.145253333,8.85892,3/8/2026 17:00,0.145
0.014163333,1.437,6.604526667,8.027363333,3/8/2026 17:15,0.15218
0,3.197,3.74705,6.94405,3/8/2026 17:30,0.15218
1.271566667,0.472333333,6.298416667,5.499183333,3/8/2026 17:45,0.16964673
0,2.406333333,1.518883333,3.925216667,3/8/2026 18:00,0.17026
0.9905,1.241333333,2.438653333,2.689486667,3/8/2026 18:15,0.17355
0,0.753333333,0.869463333,1.622796667,3/8/2026 18:30,0.17915
0.42532,-0.003666667,1.14868,0.719693333,3/8/2026 18:45,0.18
0.6795,0.002,0.852886667,0.175386667,3/8/2026 19:00,0.17355
0.962656667,0.010666667,0.972323333,0.020333333,3/8/2026 19:15,0.17355
1.202023333,0,1.202023333,0,3/8/2026 19:30,0.17668
1.72406,0.008,1.71606,0,3/8/2026 19:45,0.17278
1.695863333,0.009,1.686863333,0,3/8/2026 20:00,0.17355
2.049026667,0.008333333,2.040693333,0,3/8/2026 20:15,0.17162
2.738426667,0.002333333,2.736093333,0,3/8/2026 20:30,0.17162
2.16005,-0.006666667,2.166716667,0,3/8/2026 20:45,0.1605
2.27389,0.006333333,2.267556667,0,3/8/2026 21:00,0.15521
2.357916667,0.008666667,2.34925,0,3/8/2026 21:15,0.15218
1.807303333,-0.000333333,1.807636667,0,3/8/2026 21:30,0.1478
1.98954,0.009666667,1.979873333,0,3/8/2026 21:45,0.14563
1.593656667,0.01,1.583656667,0,3/8/2026 22:00,0.153
1.95725,0.009,1.94825,0,3/8/2026 22:15,0.15218
2.136936667,0.017,2.119936667,0,3/8/2026 22:30,0.153
2.332683333,-0.970666667,3.30335,0,3/8/2026 22:45,0.14182
1.74231,0.003666667,1.738643333,0,3/8/2026 23:00,0.14543
1.770863333,0.006666667,1.764196667,0,3/8/2026 23:15,0.132
1.78275,-0.002,1.78475,0,3/8/2026 23:30,0.12532
1.72495,0.004333333,1.720616667,0,3/8/2026 23:45,0.11765
1.526803333,0.014666667,1.512136667,0,3/9/2026 0:00,0.1388
1.511326667,0.009333333,1.501993333,0,3/9/2026 0:15,0.1366
1.705776667,0.009666667,1.69611,0,3/9/2026 0:30,0.13316
1.258236667,0.007,1.251236667,0,3/9/2026 0:45,0.13136
1.021023333,0.018333333,1.00269,0,3/9/2026 1:00,0.13316
1.188396667,-0.005666667,1.194063333,0,3/9/2026 1:15,0.133
2.369533333,-0.000333333,2.369866667,0,3/9/2026 1:30,0.13
4.741573333,0.008333333,4.73324,0,3/9/2026 1:45,0.13225
4.688063333,0.023,4.665063333,0,3/9/2026 2:00,0.13407
4.300306667,0.010666667,4.28964,0,3/9/2026 2:15,0.1337
4.34079,-0.157666667,4.498456667,0,3/9/2026 2:30,0.13217
4.13146,0.002,4.12946,0,3/9/2026 2:45,0.13217
2.52072,0.01,2.51072,0,3/9/2026 3:00,0.14
2.051186667,-0.003333333,2.05452,0,3/9/2026 3:15,0.15035
1.451466667,0.015333333,1.436133333,0,3/9/2026 3:30,0.14716
0.629203333,-0.001666667,0.63087,0,3/9/2026 3:45,0.14396
0.615276667,0.008666667,0.60661,0,3/9/2026 4:00,0.14418
1.076126667,0.009333333,1.066793333,0,3/9/2026 4:15,0.13933
0.964226667,-0.000666667,0.964893333,0,3/9/2026 4:30,0.14464
0.950186667,0.016,0.934186667,0,3/9/2026 4:45,0.13933
0.93601,-0.000666667,0.936676667,0,3/9/2026 5:00,0.15035
1.200453333,0.007666667,1.192786667,0,3/9/2026 5:15,0.15084
1.186466667,0.004666667,1.1818,0,3/9/2026 5:30,0.14686468
1.186273333,0.003,1.183273333,0,3/9/2026 5:45,0.17076
1.158063333,0.015666667,1.142396667,0,3/9/2026 6:00,0.15035
0.739603333,-0.008,0.747603333,0,3/9/2026 6:15,0.15835
0.711823333,0.010333333,0.70149,0,3/9/2026 6:30,0.17183
1.1007,0.111333333,0.989366667,0,3/9/2026 6:45,0.17536957
1.239773333,0.000333333,1.24044,0.001,3/9/2026 7:00,0.18647
1.23943,-0.002666667,1.24443,0.002333333,3/9/2026 7:15,0.20418146
1.87452,0,1.897853333,0.023333333,3/9/2026 7:30,0.17959
1.720426667,0.007333333,1.825936667,0.112843333,3/9/2026 7:45,0.17871
1.822416667,0.007,2.364146667,0.54873,3/9/2026 8:00,0.20679118
0.097303333,0.044333333,1.301143333,1.248173333,3/9/2026 8:15,0.172
-0.644026667,0.152666667,1.059643333,1.856336667,3/9/2026 8:30,0.17076
-1.575336667,0.076,0.789913333,2.44125,3/9/2026 8:45,0.1605
-1.28297,0.453333333,1.012613333,2.748916667,3/9/2026 9:00,0.17183
-2.902913333,0.097,0.673376667,3.67329,3/9/2026 9:15,0.15947
-4.7846,-0.042333333,0.136976667,4.849313333,3/9/2026 9:30,0.15035
-7.07628,0.012333333,0,6.841896667,3/9/2026 9:45,0.15035
-7.289783333,-0.112,0,7.017223333,3/9/2026 10:00,0.14664
-7.4211,0.064333333,0.003366667,7.35028,3/9/2026 10:15,0.14664
-9.229586667,0.01,0,8.63768,3/9/2026 10:30,0.14664
-12.28552667,0.000666667,0,11.51719333,3/9/2026 10:45,0.13413
-13.70336667,-0.087666667,0,12.50324,3/9/2026 11:00,0.13275
-17.77350333,0.113,0,16.14426,3/9/2026 11:15,0.13329
-14.20531333,0.054,0,12.77301333,3/9/2026 11:30,0.13167
-11.70762333,0.040333333,1.821246667,13.17069,3/9/2026 11:45,0.13164
-1.217023333,2.585,8.301733333,12.10375667,3/9/2026 12:00,0.12719
0,6.443333333,5.146433333,11.58976667,3/9/2026 12:15,0.1229
0,6.343666667,7.72757,14.07123667,3/9/2026 12:30,0.12209
0,7.509666667,4.80763,12.31729667,3/9/2026 12:45,0.11902
0,9.135,4.132476667,13.26747667,3/9/2026 13:00,0.12425
0,7.718333333,4.233413333,11.95174667,3/9/2026 13:15,0.1286
0,9.096,3.161636667,12.25763667,3/9/2026 13:30,0.13064
0,13.365,6.678356667,20.04335667,3/9/2026 13:45,0.13172
0,17.80166667,3.100513333,20.90218,3/9/2026 14:00,0.13467
0,10.13866667,5.008723333,15.14739,3/9/2026 14:15,0.13947
0,8.999,6.641963333,15.64096333,3/9/2026 14:30,0.14664
0,13.34666667,4.755466667,18.10213333,3/9/2026 14:45,0.15035
0,13.19733333,4.414446667,17.61178,3/9/2026 15:00,0.14364
0,6.004333333,4.604926667,10.60926,3/9/2026 15:15,0.13933
0,7.433333333,2.93552,10.36885333,3/9/2026 15:30,0.13467
0.297616667,2.6,5.286573333,7.588956667,3/9/2026 15:45,0.14664
0,4.382666667,3.027803333,7.41047,3/9/2026 16:00,0.13467
0,5.593666667,1.916633333,7.5103,3/9/2026 16:15,0.14202539
0,1.978,4.513043333,6.491043333,3/9/2026 16:30,0.15521
0,1.977333333,2.969373333,4.946706667,3/9/2026 16:45,0.16038
0,2.379333333,1.49126,3.870593333,3/9/2026 17:00,0.153
0.08503,1.276666667,2.479056667,3.670693333,3/9/2026 17:15,0.15521
0,1.664666667,1.613886667,3.278553333,3/9/2026 17:30,0.18521
0.028363333,0.885,2.57497,3.431606667,3/9/2026 17:45,0.21228
0.45344,1.678333333,1.945646667,3.17054,3/9/2026 18:00,0.2033
0.11336,0.240333333,2.614683333,2.741656667,3/9/2026 18:15,0.19315
1.329293333,0.449,2.199736667,1.319443333,3/9/2026 18:30,0.22017
1.976896667,-0.001333333,2.287366667,0.309136667,3/9/2026 18:45,0.23258
2.52624,0.012333333,2.52076,0.006853333,3/9/2026 19:00,0.231
2.512783333,0.006,2.510116667,0.003333333,3/9/2026 19:15,0.21777
3.077643333,0.005,3.07331,0.000666667,3/9/2026 19:30,0.21777
2.32909,-0.002666667,2.331756667,0,3/9/2026 19:45,0.20569999
2.456303333,0.013333333,2.44297,0,3/9/2026 20:00,0.21777
2.230723333,0.013333333,2.21739,0,3/9/2026 20:15,0.19517676
1.8359,-0.003333333,1.839233333,0,3/9/2026 20:30,0.17076
1.933133333,-0.105666667,2.0388,0,3/9/2026 20:45,0.15521
1.663326667,0.003333333,1.659993333,0,3/9/2026 21:00,0.17959
1.956703333,0.022666667,1.934036667,0,3/9/2026 21:15,0.16485136
2.431643333,0.013666667,2.417976667,0,3/9/2026 21:30,0.15248199
2.177453333,0.015,2.162453333,0,3/9/2026 21:45,0.14412918
1.91094,0.012666667,1.898273333,0,3/9/2026 22:00,0.15521
2.232166667,-0.000333333,2.2325,0,3/9/2026 22:15,0.15035
2.146763333,0.017,2.129763333,0,3/9/2026 22:30,0.15261
1.417016667,0.016,1.401016667,0,3/9/2026 22:45,0.15035
1.61256,-0.043333333,1.655893333,0,3/9/2026 23:00,0.15261
1.77642,-0.000666667,1.777086667,0,3/9/2026 23:15,0.15035
1.649646667,0.014666667,1.63498,0,3/9/2026 23:30,0.14552
1.370363333,0.006666667,1.363696667,0,3/9/2026 23:45,0.1376
1.523383333,0.001666667,1.521716667,0,3/10/2026 0:00,0.162
1.454326667,0.021333333,1.432993333,0,3/10/2026 0:15,0.16624
1.30036,0.003666667,1.296693333,0,3/10/2026 0:30,0.162
1.564853333,0.045,1.519853333,0,3/10/2026 0:45,0.15434
1.397556667,0.010666667,1.38689,0,3/10/2026 1:00,0.15434
1.328,0.017,1.311,0,3/10/2026 1:15,0.15434
2.38323,0.000666667,2.382563333,0,3/10/2026 1:30,0.15188
4.686063333,-0.003333333,4.689396667,0,3/10/2026 1:45,0.14775
4.4491,0.007,4.4421,0,3/10/2026 2:00,0.15182
4.545326667,0.011333333,4.533993333,0,3/10/2026 2:15,0.1511
4.819893333,0.021333333,4.79856,0,3/10/2026 2:30,0.14933
4.555303333,-0.004333333,4.559636667,0,3/10/2026 2:45,0.14775
1.97839,0.020333333,1.958056667,0,3/10/2026 3:00,0.14775
2.327043333,0.006,2.321043333,0,3/10/2026 3:15,0.15021
1.936193333,0.002333333,1.93386,0,3/10/2026 3:30,0.14855
1.088196667,0.004333333,1.083863333,0,3/10/2026 3:45,0.14775
1.296443333,0.004333333,1.29211,0,3/10/2026 4:00,0.14675
1.671766667,-0.002666667,1.674433333,0,3/10/2026 4:15,0.15021
1.295623333,0.001666667,1.293956667,0,3/10/2026 4:30,0.14822
1.017746667,-0.003333333,1.02108,0,3/10/2026 4:45,0.15188
1.100133333,0.000333333,1.0998,0,3/10/2026 5:00,0.15341
1.210696667,0.006333333,1.204363333,0,3/10/2026 5:15,0.14775
1.390253333,0.004,1.386253333,0,3/10/2026 5:30,0.15992
1.223726667,0.003666667,1.22006,0,3/10/2026 5:45,0.172
1.235846667,0.008666667,1.22718,0,3/10/2026 6:00,0.16754
1.568193333,0.007,1.561193333,0,3/10/2026 6:15,0.17366
1.48365,0.009,1.47465,0,3/10/2026 6:30,0.17465
1.634703333,0.007333333,1.62737,0,3/10/2026 6:45,0.18415
1.343466667,0.008666667,1.3348,0,3/10/2026 7:00,0.18724311
1.61832,0.016,1.602986667,0.000666667,3/10/2026 7:15,0.203
3.626356667,-0.002666667,3.629023333,0,3/10/2026 7:30,0.208
4.099733333,-0.782666667,4.95133,0.06893,3/10/2026 7:45,0.20871
2.239126667,0.007333333,2.72828,0.496486667,3/10/2026 8:00,0.18842
4.529926667,0.178333333,5.45323,1.101636667,3/10/2026 8:15,0.18415
1.883433333,0.010666667,3.691343333,1.818576667,3/10/2026 8:30,0.17543
0.06728,-0.012,3.22576,3.14648,3/10/2026 8:45,0.172
1.081826667,0.030333333,3.411803333,2.36031,3/10/2026 9:00,0.18586
-0.564163333,0.065666667,2.46718,3.09701,3/10/2026 9:15,0.17704
-1.449136667,0.059333333,2.640333333,4.148803333,3/10/2026 9:30,0.175
-3.018553333,0.044666667,2.105006667,5.168226667,3/10/2026 9:45,0.16783
-7.709766667,0.007333333,1.146273333,8.863373333,3/10/2026 10:00,0.16782
-11.28477,0.024333333,1.298993333,12.60809667,3/10/2026 10:15,0.16754
-13.16241333,0.063,0.292276667,13.51769,3/10/2026 10:30,0.16624
-14.11467333,0.055,0.831756667,15.00143,3/10/2026 10:45,0.16624
-17.92774333,0.001333333,0,17.07082667,3/10/2026 11:00,0.16556
-16.63394667,0.055,0.545626667,16.47629,3/10/2026 11:15,0.16556
-13.85945,0.178333333,0.515803333,14.17107333,3/10/2026 11:30,0.16167
-20.60888,0.069666667,0,19.72507667,3/10/2026 11:45,0.15827
-20.49359,0.056333333,0,19.74350667,3/10/2026 12:00,0.15269
-3.75318,3.058333333,9.287593333,16.09910667,3/10/2026 12:15,0.15008
0,5.920666667,11.09608,17.01674667,3/10/2026 12:30,0.14575
0,4.829333333,10.67257333,15.50190667,3/10/2026 12:45,0.14587
0,3.373333333,11.96448667,15.33782,3/10/2026 13:00,0.14675
0,3.222,11.64007333,14.86207333,3/10/2026 13:15,0.15
0.283633333,1.126,10.07585,10.91821667,3/10/2026 13:30,0.15614
2.330483333,-0.005666667,11.71074333,9.374593333,3/10/2026 13:45,0.16172
0,2.039,5.251976667,7.290976667,3/10/2026 14:00,0.1558
0.297606667,0.07,6.19537,5.967763333,3/10/2026 14:15,0.16556
0.42519,0.001,6.410886667,5.986696667,3/10/2026 14:30,0.16606
0.354343333,0.016,6.263336667,5.924993333,3/10/2026 14:45,0.16754
0,2.372333333,4.01302,6.385353333,3/10/2026 15:00,0.16624
0,1.951333333,5.616493333,7.567826667,3/10/2026 15:15,0.16783
0,2.008,5.11209,7.12009,3/10/2026 15:30,0.16783
0,4.181666667,5.254586667,9.436253333,3/10/2026 15:45,0.16783
0,1.321,8.356606667,9.677606667,3/10/2026 16:00,0.16754
2.01932,0.181333333,8.068436667,6.23045,3/10/2026 16:15,0.16886
1.567323333,0.488333333,4.732086667,3.653096667,3/10/2026 16:30,0.16754
2.22594,0.424666667,5.024843333,3.22357,3/10/2026 16:45,0.172
-1.8083,0.021333333,0.959836667,2.78947,3/10/2026 17:00,0.17704
-1.455903333,0.005333333,0.654916667,2.116153333,3/10/2026 17:15,0.18415
0.01371,0.008666667,1.363026667,1.357983333,3/10/2026 17:30,0.18415
1.160986667,0.201,1.907466667,0.94748,3/10/2026 17:45,0.21387
2.4995,-0.000666667,3.0815,0.581333333,3/10/2026 18:00,0.18842
3.34314,0.022,3.57048,0.24934,3/10/2026 18:15,0.20935
3.232383333,0.007666667,3.441736667,0.21702,3/10/2026 18:30,0.22388136
3.35739,0.013666667,3.465783333,0.12206,3/10/2026 18:45,0.24
3.52565,0.012,3.563043333,0.049393333,3/10/2026 19:00,0.21669637
3.607846667,0.012666667,3.59518,0,3/10/2026 19:15,0.20401
3.06953,0.002,3.06753,0,3/10/2026 19:30,0.19514363
3.330556667,0.027666667,3.30289,0,3/10/2026 19:45,0.18415
3.243376667,0.003,3.240376667,0,3/10/2026 20:00,0.17818056
3.65862,0.013333333,3.645286667,0,3/10/2026 20:15,0.17303
3.081373333,0.011333333,3.07004,0,3/10/2026 20:30,0.17497
2.280993333,0.004666667,2.276326667,0,3/10/2026 20:45,0.16783
2.613013333,0.002666667,2.610346667,0,3/10/2026 21:00,0.1692045
3.127223333,0.015666667,3.111556667,0,3/10/2026 21:15,0.16783
2.818376667,-0.005666667,2.824043333,0,3/10/2026 21:30,0.1617955
3.44348,0.014666667,3.428813333,0,3/10/2026 21:45,0.14245
2.845573333,-0.000333333,2.845906667,0,3/10/2026 22:00,0.15182
2.623733333,0.015333333,2.6084,0,3/10/2026 22:15,0.16284
2.13579,0.013,2.12279,0,3/10/2026 22:30,0.16754
2.456083333,0.003,2.453083333,0,3/10/2026 22:45,0.16624
2.663343333,0.011666667,2.651676667,0,3/10/2026 23:00,0.16783
2.648786667,0.040666667,2.60812,0,3/10/2026 23:15,0.16624
2.009363333,-0.003333333,2.012696667,0,3/10/2026 23:30,0.15593
1.633083333,0.002,1.631083333,0,3/10/2026 23:45,0.14675
1.536026667,-0.004333333,1.54036,0,3/11/2026 0:00,0.14369
1.35473,0.006333333,1.348396667,0,3/11/2026 0:15,0.14476
1.897463333,-0.002333333,1.899796667,0,3/11/2026 0:30,0.13912
1.53449,0.007,1.52749,0,3/11/2026 0:45,0.13586
1.298333333,0.013666667,1.284666667,0,3/11/2026 1:00,0.15062
0.992146667,-0.001333333,0.99348,0,3/11/2026 1:15,0.14784
2.63811,0.011333333,2.626776667,0,3/11/2026 1:30,0.14784
5.555236667,0.004,5.551236667,0,3/11/2026 1:45,0.14784
5.71584,0.007666667,5.708173333,0,3/11/2026 2:00,0.14784
5.552623333,0.018,5.534623333,0,3/11/2026 2:15,0.1434
5.82824,0.014333333,5.813906667,0,3/11/2026 2:30,0.13912
5.690823333,0.009333333,5.68149,0,3/11/2026 2:45,0.14784
3.24447,0.013666667,3.230803333,0,3/11/2026 3:00,0.13741
2.898903333,0.002666667,2.896236667,0,3/11/2026 3:15,0.13741
2.606166667,0.004,2.602166667,0,3/11/2026 3:30,0.13746
2.028593333,0.003333333,2.02526,0,3/11/2026 3:45,0.13547
1.88815,-0.014666667,1.902816667,0,3/11/2026 4:00,0.13547
2.250286667,-0.003666667,2.253953333,0,3/11/2026 4:15,0.13912
1.947126667,0.003333333,1.943793333,0,3/11/2026 4:30,0.1434
1.36037,0.007333333,1.353036667,0,3/11/2026 4:45,0.13741
1.021823333,0.009666667,1.012156667,0,3/11/2026 5:00,0.14245
1.223833333,0.002,1.221833333,0,3/11/2026 5:15,0.15062
1.263783333,0.019666667,1.244116667,0,3/11/2026 5:30,0.153
1.1549,0.004666667,1.150233333,0,3/11/2026 5:45,0.15729
1.127153333,0.006666667,1.120486667,0,3/11/2026 6:00,0.12628
1.2217,0.018,1.2037,0,3/11/2026 6:15,0.14934
1.125543333,0.005666667,1.119876667,0,3/11/2026 6:30,0.15404
1.246123333,0.012333333,1.23379,0,3/11/2026 6:45,0.15729
0.7452,-0.468666667,1.213866667,0,3/11/2026 7:00,0.15062
0,-1.467333333,1.467333333,0,3/11/2026 7:15,0.15373
0,-3.063333333,3.064,0.000666667,3/11/2026 7:30,0.15373
0,-2.397,2.408333333,0.011333333,3/11/2026 7:45,0.15373
0,-3.408333333,3.46,0.051666667,3/11/2026 8:00,0.15729
0,-5.588666667,5.632333333,0.043666667,3/11/2026 8:15,0.15373
0,-3.381333333,3.477243333,0.09591,3/11/2026 8:30,0.15188
0,-1.696333333,2.135856667,0.439523333,3/11/2026 8:45,0.14824
0,-3.877666667,4.683313333,0.805646667,3/11/2026 9:00,0.15373
-0.08185,-1.193,2.912583333,1.801433333,3/11/2026 9:15,0.14784
0,-1.286,4.39678,3.11078,3/11/2026 9:30,0.14085
-3.18846,0.008,2.34796,5.54442,3/11/2026 9:45,0.13198
-9.431956667,0.002,0.823516667,10.25747333,3/11/2026 10:00,0.14784
-13.30611667,-0.014333333,0.771703333,14.06348667,3/11/2026 10:15,0.14368
-13.10475333,0.014,0.123636667,13.22353667,3/11/2026 10:30,0.141
-13.41571333,-0.002666667,2.183563333,15.59661,3/11/2026 10:45,0.1352
-11.11617667,-0.009,3.26478,14.37195667,3/11/2026 11:00,0.1366
-7.930236667,0.417666667,4.522143333,12.87004667,3/11/2026 11:15,0.135
-9.23088,0.648666667,2.622776667,12.50232333,3/11/2026 11:30,0.14368
-5.546973333,0.025,4.444426667,10.0164,3/11/2026 11:45,0.1434
-5.00816,0.162,3.713723333,8.883883333,3/11/2026 12:00,0.135
-4.56617,0.029,3.9614,8.55657,3/11/2026 12:15,0.13437
-4.84218,0.118,4.132573333,9.092753333,3/11/2026 12:30,0.13094
-6.550743333,0.138333333,3.64007,10.32914667,3/11/2026 12:45,0.13196
-5.919863333,-0.001666667,3.76837,9.686566667,3/11/2026 13:00,0.1234
-5.85244,0.079333333,3.760833333,9.692606667,3/11/2026 13:15,0.13716
-6.11935,0.136333333,3.426716667,9.6824,3/11/2026 13:30,0.143
-7.013653333,0.769666667,3.139663333,10.92298333,3/11/2026 13:45,0.14784
-7.23466,1.421666667,2.65852,11.31484667,3/11/2026 14:00,0.14772
-12.59611333,3.268666667,0,14.93463667,3/11/2026 14:15,0.14784
-1.717836667,0.013,9.440326667,11.17116333,3/11/2026 14:30,0.135
-2.012596667,0.462666667,8.553996667,11.02926,3/11/2026 14:45,0.13912
0,3.354666667,6.63393,9.988596667,3/11/2026 15:00,0.13616
0,5.914666667,5.664906667,11.57957333,3/11/2026 15:15,0.1378
0,4.021333333,8.783856667,12.80519,3/11/2026 15:30,0.141
1.28409,0.129333333,13.26135333,12.10659667,3/11/2026 15:45,0.141
0.269166667,0.486,8.09918,8.316013333,3/11/2026 16:00,0.14082
0.0709,0.835,8.532833333,9.296933333,3/11/2026 16:15,0.14082
1.851686667,0.270333333,9.8012,8.219846667,3/11/2026 16:30,0.14784
2.706946667,0.339,11.44802,9.080073333,3/11/2026 16:45,0.16424
0.033616667,0.051,6.897636667,6.91502,3/11/2026 17:00,0.14693
-0.13411,0.909,5.297173333,6.309026667,3/11/2026 17:15,0.15062
-0.639656667,0.002,5.142396667,5.784053333,3/11/2026 17:30,0.15373
1.576983333,0.005333333,7.38624,5.81459,3/11/2026 17:45,0.17006374
1.777776667,0.075333333,5.42277,3.720326667,3/11/2026 18:00,0.15376143
3.851913333,-0.104666667,6.310373333,2.353793333,3/11/2026 18:15,0.16771857
5.817046667,0.001,7.27953,1.463483333,3/11/2026 18:30,0.17303
3.387926667,-0.000666667,4.1543,0.765706667,3/11/2026 18:45,0.18549
6.447273333,-0.000666667,6.617036667,0.169096667,3/11/2026 19:00,0.17483
4.340323333,-0.006333333,4.346656667,0,3/11/2026 19:15,0.17483
6.610423333,0.011,6.60009,0.000666667,3/11/2026 19:30,0.17483
5.757316667,0.003666667,5.75365,0,3/11/2026 19:45,0.16335435
7.01207,0.016333333,6.995736667,0,3/11/2026 20:00,0.17483
6.499136667,0.436666667,6.06247,0,3/11/2026 20:15,0.16984
4.99855,0.027333333,4.971216667,0,3/11/2026 20:30,0.15729
3.39034,0.004333333,3.386006667,0,3/11/2026 20:45,0.15062
2.220673333,0.001333333,2.21934,0,3/11/2026 21:00,0.15729
2.51344,0.087333333,2.426106667,0,3/11/2026 21:15,0.15062
2.56772,0.002333333,2.565386667,0,3/11/2026 21:30,0.14273
1.89877,0.002333333,1.896436667,0,3/11/2026 21:45,0.1385
1.80117,0,1.80117,0,3/11/2026 22:00,0.14
2.30277,0.006,2.29677,0,3/11/2026 22:15,0.1388
2.301063333,-0.001,2.302063333,0,3/11/2026 22:30,0.1385
1.799976667,0.004333333,1.795643333,0,3/11/2026 22:45,0.1347
1.840763333,-0.002666667,1.84343,0,3/11/2026 23:00,0.15062
1.97869,0.002,1.97669,0,3/11/2026 23:15,0.14
1.75568,0.008666667,1.747013333,0,3/11/2026 23:30,0.13539
1.61615,0,1.61615,0,3/11/2026 23:45,0.13275
1.698363333,0.009,1.689363333,0,3/12/2026 0:00,0.13612
1.392453333,0.005666667,1.386786667,0,3/12/2026 0:15,0.13525
1.183596667,0.01,1.173596667,0,3/12/2026 0:30,0.13524
1.626746667,0.000666667,1.62608,0,3/12/2026 0:45,0.13176
1.19551,0.005,1.19051,0,3/12/2026 1:00,0.13394
1.279226667,0.000333333,1.278893333,0,3/12/2026 1:15,0.12981
2.531536667,0.009333333,2.522203333,0,3/12/2026 1:30,0.12784
4.837396667,0.008333333,4.829063333,0,3/12/2026 1:45,0.12881
4.63385,0.003,4.63085,0,3/12/2026 2:00,0.12784
1.901753333,0.012,1.889753333,0,3/12/2026 2:15,0.12781
2.065083333,0.012,2.053083333,0,3/12/2026 2:30,0.12303
1.69238,0.072666667,1.619713333,0,3/12/2026 2:45,0.12781
1.94907,-0.007,1.95607,0,3/12/2026 3:00,0.12781
2.12243,0.013,2.10943,0,3/12/2026 3:15,0.1277
1.477686667,0.009333333,1.468353333,0,3/12/2026 3:30,0.1247
0.820666667,0.011333333,0.809333333,0,3/12/2026 3:45,0.1299
1.46082,0.004,1.45682,0,3/12/2026 4:00,0.13187
1.444206667,0.01,1.434206667,0,3/12/2026 4:15,0.13187
1.33458,0.007333333,1.327246667,0,3/12/2026 4:30,0.12781
0.816636667,0.003333333,0.813303333,0,3/12/2026 4:45,0.12781
1.100686667,0.001666667,1.09902,0,3/12/2026 5:00,0.12981
1.33075,0.007,1.32375,0,3/12/2026 5:15,0.12881
1.262693333,0.003333333,1.25936,0,3/12/2026 5:30,0.13187
1.411766667,0.003333333,1.408433333,0,3/12/2026 5:45,0.13798
0.949873333,0.015,0.934873333,0,3/12/2026 6:00,0.13524
0.922603333,0.002,0.920603333,0,3/12/2026 6:15,0.1481
0.82729,-0.006333333,0.833623333,0,3/12/2026 6:30,0.15311387
1.300666667,0.11,1.190666667,0,3/12/2026 6:45,0.15974915
1.350763333,0.002666667,1.348096667,0,3/12/2026 7:00,0.15451
0.497526667,-0.565666667,1.063526667,0.000333333,3/12/2026 7:15,0.15258
0,-3.352666667,3.367666667,0.015,3/12/2026 7:30,0.15253
0,-3.965333333,4.16477,0.199436667,3/12/2026 7:45,0.15496
0,-2.981333333,3.55787,0.576536667,3/12/2026 8:00,0.15451
-0.122503333,-0.006333333,1.579556667,1.695726667,3/12/2026 8:15,0.15451
-0.286696667,0.086,1.9659,2.338596667,3/12/2026 8:30,0.15258
-1.35939,0.129,3.336683333,4.825073333,3/12/2026 8:45,0.149
-1.876076667,-0.044666667,5.368953333,7.200363333,3/12/2026 9:00,0.15258
-7.701666667,0.006,1.77625,9.483916667,3/12/2026 9:15,0.14799
-4.643163333,0.129,3.217123333,7.989286667,3/12/2026 9:30,0.1476
-10.07254333,0.063,1.886093333,12.02163667,3/12/2026 9:45,0.1416
-15.17253333,-1.146333333,2.478396667,16.50459667,3/12/2026 10:00,0.1481
-15.51592667,-1.136333333,1.061036667,15.40791333,3/12/2026 10:15,0.14799
-14.89185333,0.042666667,0.0704,14.96652667,3/12/2026 10:30,0.14544
-17.72076667,-0.121666667,0.081306667,17.37568,3/12/2026 10:45,0.14492
-18.90362333,-0.084666667,0.06209,18.84083333,3/12/2026 11:00,0.1481
-14.58434,0.014333333,0.98169,15.58036333,3/12/2026 11:15,0.14799
-20.70522333,0.132666667,0,20.15016667,3/12/2026 11:30,0.14544
-12.21498333,1.709666667,6.181816667,19.94422,3/12/2026 11:45,0.14017
0,10.76633333,11.41659,22.18292333,3/12/2026 12:00,0.13238
0,12.303,11.107,23.41,3/12/2026 12:15,0.13374
0,14.58033333,9.943916667,24.52425,3/12/2026 12:30,0.13343
0,12.71333333,9.676783333,22.39011667,3/12/2026 12:45,0.13246
0,14.878,9.534256667,24.41225667,3/12/2026 13:00,0.133
0,14.89766667,10.0397,24.93736667,3/12/2026 13:15,0.135
0,13.23966667,10.91251667,24.15218333,3/12/2026 13:30,0.13486
0,13.25166667,12.24489667,25.49656333,3/12/2026 13:45,0.1342
0,12.69833333,12.11230667,24.81064,3/12/2026 14:00,0.1322
0,14.566,9.59661,24.16261,3/12/2026 14:15,0.135
0,17.00266667,5.75837,22.76103667,3/12/2026 14:30,0.13596
0,14.998,6.712656667,21.71065667,3/12/2026 14:45,0.13884
0,17.064,6.146736667,23.21073667,3/12/2026 15:00,0.13974
0,18.834,3.541756667,22.37575667,3/12/2026 15:15,0.14159
0,21.83,0.849593333,22.67959333,3/12/2026 15:30,0.1476
0,20.811,0.691236667,21.07528333,3/12/2026 15:45,0.14599
0,20.52466667,0,20.34907333,3/12/2026 16:00,0.13776
0,15.729,1.033196667,16.76219667,3/12/2026 16:15,0.14035
0,7.569333333,1.390616667,8.904083333,3/12/2026 16:30,0.14727
0,13.792,1.356893333,15.14889333,3/12/2026 16:45,0.1481
0,13.13033333,0.776123333,13.90645667,3/12/2026 17:00,0.1476
0,9.224333333,1.81461,11.03894333,3/12/2026 17:15,0.14826786
0,3.865,3.69394,7.55894,3/12/2026 17:30,0.153
0.76416,1.076333333,4.005486667,4.31766,3/12/2026 17:45,0.15695
0.212173333,0.531333333,4.117393333,4.436553333,3/12/2026 18:00,0.15258
0.17006,1.648,2.50253,3.98047,3/12/2026 18:15,0.15451
0.198403333,0.387666667,2.02655,2.215813333,3/12/2026 18:30,0.16454
0.141716667,0.464,1.46021,1.782493333,3/12/2026 18:45,0.16837
0.76428,0.004333333,1.351526667,0.59158,3/12/2026 19:00,0.16365
1.85049,0.008333333,1.89975,0.057593333,3/12/2026 19:15,0.16198
2.260146667,0.002333333,2.257813333,0,3/12/2026 19:30,0.16234
1.865623333,0.007666667,1.857956667,0,3/12/2026 19:45,0.16288
1.781246667,0.009666667,1.77158,0,3/12/2026 20:00,0.16078
1.781213333,-0.003333333,1.784546667,0,3/12/2026 20:15,0.15724
1.555286667,0.007,1.548286667,0,3/12/2026 20:30,0.15425012
1.837773333,-0.002,1.839773333,0,3/12/2026 20:45,0.14799
1.555066667,0.015333333,1.539733333,0,3/12/2026 21:00,0.17546
1.950923333,0.001,1.949923333,0,3/12/2026 21:15,0.166
1.49847,0.004666667,1.493803333,0,3/12/2026 21:30,0.15258
1.921393333,0.001666667,1.919726667,0,3/12/2026 21:45,0.15258
1.850853333,0.024333333,1.82652,0,3/12/2026 22:00,0.14799
1.65148,0.006,1.64548,0,3/12/2026 22:15,0.14131
1.55153,0.015666667,1.535863333,0,3/12/2026 22:30,0.14028
1.83043,-0.292333333,2.122763333,0,3/12/2026 22:45,0.14
2.053236667,0.013,2.040236667,0,3/12/2026 23:00,0.14544
2.010443333,-0.001,2.011443333,0,3/12/2026 23:15,0.1403
1.420473333,0.001,1.419473333,0,3/12/2026 23:30,0.1402
1.826236667,0.003666667,1.82257,0,3/12/2026 23:45,0.14
1.62896,0.004,1.62496,0,3/13/2026 0:00,0.15001
1.51567,0.011666667,1.504003333,0,3/13/2026 0:15,0.15001
1.585026667,0.029666667,1.55536,0,3/13/2026 0:30,0.1412
1.539806667,0.013666667,1.52614,0,3/13/2026 0:45,0.1412
1.07798,0.004,1.07398,0,3/13/2026 1:00,0.14143
0.81218,0.007333333,0.804846667,0,3/13/2026 1:15,0.14143
2.70766,0.004333333,2.703326667,0,3/13/2026 1:30,0.1412
4.952386667,0.001333333,4.951053333,0,3/13/2026 1:45,0.14143
4.73285,0.007,4.72585,0,3/13/2026 2:00,0.1412
4.759056667,-0.000333333,4.75939,0,3/13/2026 2:15,0.14064
4.758733333,0.014333333,4.7444,0,3/13/2026 2:30,0.1365
4.522913333,0.000666667,4.522246667,0,3/13/2026 2:45,0.1365
1.995263333,0.069,1.926263333,0,3/13/2026 3:00,0.1355
1.787376667,0.011,1.776376667,0,3/13/2026 3:15,0.1355
1.49453,-0.002,1.49653,0,3/13/2026 3:30,0.13489
1.258393333,0.009333333,1.24906,0,3/13/2026 3:45,0.13443
1.25774,0.001666667,1.256073333,0,3/13/2026 4:00,0.1365
1.341226667,0.010666667,1.33056,0,3/13/2026 4:15,0.1365
1.243793333,-0.005333333,1.249126667,0,3/13/2026 4:30,0.1412
1.28627,0.018333333,1.267936667,0,3/13/2026 4:45,0.1412
1.312613333,0,1.312613333,0,3/13/2026 5:00,0.13691
1.369046667,0.016666667,1.35238,0,3/13/2026 5:15,0.1399
1.075356667,0.005,1.070356667,0,3/13/2026 5:30,0.14754
1.35355,0.014,1.33955,0,3/13/2026 5:45,0.15001
0.9912,-0.001333333,0.992533333,0,3/13/2026 6:00,0.15001
1.213393333,0.015666667,1.197726667,0,3/13/2026 6:15,0.16082
1.352913333,-0.002,1.354913333,0,3/13/2026 6:30,0.15957
0.864453333,0.003666667,0.860786667,0,3/13/2026 6:45,0.16175
1.282183333,0.009,1.273183333,0,3/13/2026 7:00,0.1778
1.045386667,0.009666667,1.036386667,0.000666667,3/13/2026 7:15,0.16524
2.851696667,-0.003,2.85963,0.004933333,3/13/2026 7:30,0.16561
3.075503333,0.007333333,3.243743333,0.175573333,3/13/2026 7:45,0.17688
1.20833,-0.057666667,2.173436667,0.90744,3/13/2026 8:00,0.16082
-0.921096667,-0.034666667,1.536606667,2.423036667,3/13/2026 8:15,0.1778
-2.09052,0.000666667,1.336513333,3.4277,3/13/2026 8:30,0.16375
-0.224473333,0.006333333,3.015873333,3.24668,3/13/2026 8:45,0.15998
0.279296667,0.021,3.719833333,3.461536667,3/13/2026 9:00,0.15504
0.374653333,0.028,4.063123333,3.71647,3/13/2026 9:15,0.15001
0.432923333,0.520666667,3.909876667,3.99762,3/13/2026 9:30,0.14342
-2.283163333,0.053,2.176723333,4.512886667,3/13/2026 9:45,0.13153
-3.72361,0.042666667,1.709443333,5.47572,3/13/2026 10:00,0.14952
-5.31404,-0.002666667,0.770093333,6.081466667,3/13/2026 10:15,0.13502
-5.327366667,-0.009666667,0.659876667,5.977576667,3/13/2026 10:30,0.13123
-4.429136667,0.072,1.332386667,5.833523333,3/13/2026 10:45,0.13053
-4.602086667,0.028333333,1.17823,5.80865,3/13/2026 11:00,0.12723
-5.342666667,0.043666667,1.265113333,6.651446667,3/13/2026 11:15,0.12223
-7.22082,0.071666667,0.93696,8.229446667,3/13/2026 11:30,0.12107
-6.237946667,-0.011666667,1.72262,7.9489,3/13/2026 11:45,0.1213
-19.30351333,0.618333333,0.384596667,19.81269333,3/13/2026 12:00,0.11915
-24.86422,2.264666667,0.345893333,26.71255667,3/13/2026 12:15,0.11374
-20.43274,0.934333333,4.177226667,25.49220667,3/13/2026 12:30,0.11369
-5.82524,7.140333333,10.23386,23.19943333,3/13/2026 12:45,0.11369
0,9.466,10.36292,19.82892,3/13/2026 13:00,0.11749
0,12.221,9.902776667,22.12377667,3/13/2026 13:15,0.11596
0,15.20633333,11.05735667,26.26369,3/13/2026 13:30,0.11855
0,13.358,13.15671667,26.51471667,3/13/2026 13:45,0.12
0,11.32666667,14.05345,25.38011667,3/13/2026 14:00,0.1218
0,14.989,9.618733333,24.60773333,3/13/2026 14:15,0.1218
0,14.88866667,9.373746667,24.26241333,3/13/2026 14:30,0.1243
0,7.85,9.927213333,17.77721333,3/13/2026 14:45,0.1243
0,11.18066667,4.413386667,15.59405333,3/13/2026 15:00,0.13284
0,7.032333333,5.61363,12.64596333,3/13/2026 15:15,0.13695
0,3.031,3.533613333,6.564613333,3/13/2026 15:30,0.13999
0,2.206666667,3.244876667,5.451543333,3/13/2026 15:45,0.14154
0.36803,1.411,3.74197,4.78494,3/13/2026 16:00,0.1399
0,2.994666667,1.64874,4.557066667,3/13/2026 16:15,0.14068
0,2.18,2.30616,4.48616,3/13/2026 16:30,0.14964
0,1.432666667,2.531293333,3.96396,3/13/2026 16:45,0.16351
0,0.539666667,3.140533333,3.6802,3/13/2026 17:00,0.14402
0,1.005666667,2.834406667,3.840073333,3/13/2026 17:15,0.1448
0,1.374666667,2.528863333,3.90353,3/13/2026 17:30,0.15464
0,2.538666667,1.785036667,4.323703333,3/13/2026 17:45,0.15961
0.24078,1.327666667,1.49648,2.583366667,3/13/2026 18:00,0.15717
0.820413333,0.022333333,2.351216667,1.553136667,3/13/2026 18:15,0.16082
1.596316667,0.008666667,2.27954,0.69189,3/13/2026 18:30,0.17548
1.470463333,0.000666667,1.774883333,0.305086667,3/13/2026 18:45,0.18
1.936176667,0.007333333,1.979423333,0.05058,3/13/2026 19:00,0.1783338
2.459136667,0.021333333,2.437803333,0,3/13/2026 19:15,0.1778
2.160786667,0.037,2.123786667,0,3/13/2026 19:30,0.16534
2.119566667,0.007,2.112566667,0,3/13/2026 19:45,0.16282
2.203826667,0.003333333,2.200493333,0,3/13/2026 20:00,0.16409
2.570156667,0.002333333,2.567823333,0,3/13/2026 20:15,0.16082
2.076283333,-0.050333333,2.126616667,0,3/13/2026 20:30,0.16351
1.865273333,-0.000666667,1.86594,0,3/13/2026 20:45,0.16534
1.722693333,0.006333333,1.71636,0,3/13/2026 21:00,0.15586
1.72088,0.005666667,1.715213333,0,3/13/2026 21:15,0.16082
1.62072,0.003,1.61772,0,3/13/2026 21:30,0.16082
1.844296667,0.016333333,1.827963333,0,3/13/2026 21:45,0.15558
1.78596,-0.001333333,1.787293333,0,3/13/2026 22:00,0.165
1.729333333,0.013,1.716333333,0,3/13/2026 22:15,0.16164
1.574383333,0.004,1.570383333,0,3/13/2026 22:30,0.15001
1.64478,0.019333333,1.625446667,0,3/13/2026 22:45,0.14335
1.572536667,0.005666667,1.56687,0,3/13/2026 23:00,0.16082
2.031606667,0.001666667,2.02994,0,3/13/2026 23:15,0.15001
1.94588,0.011333333,1.934546667,0,3/13/2026 23:30,0.14328
2.26364,0.005,2.25864,0,3/13/2026 23:45,0.14189
1.59323,0.013666667,1.579563333,0,3/14/2026 0:00,0.14544
1.677626667,-0.002333333,1.67996,0,3/14/2026 0:15,0.1481
1.63611,0.004333333,1.631776667,0,3/14/2026 0:30,0.1453
1.69045,0.005,1.68545,0,3/14/2026 0:45,0.1407
1.439306667,0.000666667,1.43864,0,3/14/2026 1:00,0.1407
1.299933333,0.007,1.292933333,0,3/14/2026 1:15,0.14107
2.535706667,-0.003666667,2.539373333,0,3/14/2026 1:30,0.1406
4.464936667,0.018,4.446936667,0,3/14/2026 1:45,0.1407
4.49363,0.008,4.48563,0,3/14/2026 2:00,0.13808
4.783576667,-0.001333333,4.78491,0,3/14/2026 2:15,0.13751
5.072876667,0.010666667,5.06221,0,3/14/2026 2:30,0.13369
4.80862,0.008,4.80062,0,3/14/2026 2:45,0.1365
3.7367,0.030666667,3.706033333,0,3/14/2026 3:00,0.1406
2.020813333,-0.005333333,2.026146667,0,3/14/2026 3:15,0.1406
1.798556667,0.014333333,1.784223333,0,3/14/2026 3:30,0.13886
1.43686,0.005,1.43186,0,3/14/2026 3:45,0.13945
1.116103333,0.018333333,1.09777,0,3/14/2026 4:00,0.13473
1.116076667,0.005,1.111076667,0,3/14/2026 4:15,0.13473
1.32428,0.008333333,1.315946667,0,3/14/2026 4:30,0.13646
1.365253333,0.004333333,1.36092,0,3/14/2026 4:45,0.1307
1.25321,0.003333333,1.249876667,0,3/14/2026 5:00,0.13362
1.294723333,0.000333333,1.29439,0,3/14/2026 5:15,0.13419
1.22438,0.009,1.21538,0,3/14/2026 5:30,0.128
1.320813333,-0.001333333,1.322146667,0,3/14/2026 5:45,0.13299
1.153996667,0.013333333,1.140663333,0,3/14/2026 6:00,0.1412
1.249843333,-0.006333333,1.256176667,0,3/14/2026 6:15,0.15035
1.235053333,0.009666667,1.225386667,0,3/14/2026 6:30,0.15184
1.23473,0.001333333,1.233396667,0,3/14/2026 6:45,0.15127
1.206403333,-0.000333333,1.206736667,0,3/14/2026 7:00,0.15619
1.163533333,-0.079,1.244533333,0.002,3/14/2026 7:15,0.15176
1.438886667,0.017,1.422886667,0.001,3/14/2026 7:30,0.14982
0.982753333,0.010666667,0.97442,0.002333333,3/14/2026 7:45,0.15219
0.84473,0.001333333,0.860063333,0.016666667,3/14/2026 8:00,0.14511
0.78857,0.013333333,1.041253333,0.266016667,3/14/2026 8:15,0.14544
3.195913333,0.028,3.730106667,0.562193333,3/14/2026 8:30,0.145
0.041566667,-0.021333333,1.514433333,1.451533333,3/14/2026 8:45,0.1412
1.56968,-0.002,4.559296667,2.987616667,3/14/2026 9:00,0.15219
1.415166667,0.006333333,3.623973333,2.21514,3/14/2026 9:15,0.14285
1.140223333,0.017666667,4.05135,2.928793333,3/14/2026 9:30,0.13788
-1.58085,0.006666667,2.197576667,3.785093333,3/14/2026 9:45,0.12708
-1.742796667,-0.057333333,3.68275,5.368213333,3/14/2026 10:00,0.1225
-1.423463333,0.051,2.781996667,4.25646,3/14/2026 10:15,0.15619
-0.237713333,0.041333333,3.28482,3.563866667,3/14/2026 10:30,0.14858
-0.46106,0.110333333,3.142776667,3.71417,3/14/2026 10:45,0.14053
-4.39396,-0.034,2.336176667,6.696136667,3/14/2026 11:00,0.14886
-8.423546667,0.051,0.61075,9.085296667,3/14/2026 11:15,0.145
-9.65102,0.055,0.17437,9.74904,3/14/2026 11:30,0.13484
-7.743666667,-0.426333333,0.90189,8.219223333,3/14/2026 11:45,0.1313
-7.345676667,0.010333333,0.886163333,8.242173333,3/14/2026 12:00,0.12796
-6.198243333,-0.02,1.36453,7.542773333,3/14/2026 12:15,0.1245
-5.054863333,0.096666667,1.26494,6.41647,3/14/2026 12:30,0.12369
-5.05942,0.123,1.4075,6.58992,3/14/2026 12:45,0.12164
-4.960956667,0.046333333,0.98395,5.99124,3/14/2026 13:00,0.126
-2.636566667,0.198666667,1.186633333,4.021866667,3/14/2026 13:15,0.12
-2.76689,0.008333333,1.507703333,4.282926667,3/14/2026 13:30,0.11971
1.967956667,-0.005,4.928366667,2.95541,3/14/2026 13:45,0.11764
1.94912,0.016333333,4.491813333,2.559026667,3/14/2026 14:00,0.12175
0.42103,0.000333333,3.57235,3.151653333,3/14/2026 14:15,0.12295
0.744046667,0.000666667,3.56641,2.82303,3/14/2026 14:30,0.12478
1.752226667,0.002333333,4.26844,2.518546667,3/14/2026 14:45,0.12459
1.960113333,0.006,4.080793333,2.12668,3/14/2026 15:00,0.12696
1.596623333,0.007666667,3.91257,2.323613333,3/14/2026 15:15,0.12796
-0.42184,0.042666667,1.41598,1.880486667,3/14/2026 15:30,0.12921
-0.604866667,0.012,0.873143333,1.49001,3/14/2026 15:45,0.12931
-0.662033333,-0.000333333,1.052853333,1.714553333,3/14/2026 16:00,0.145
-0.337723333,0.041,1.131973333,1.510696667,3/14/2026 16:15,0.14544
-0.28158,-0.018666667,1.101196667,1.36411,3/14/2026 16:30,0.145
0.042176667,0.022,0.935826667,0.91565,3/14/2026 16:45,0.15729458
0.449643333,0.014,1.142443333,0.7068,3/14/2026 17:00,0.1468
0.72933,0.006,1.27834,0.55501,3/14/2026 17:15,0.15597
0.896793333,0.004666667,1.38372,0.491593333,3/14/2026 17:30,0.16762
0.826426667,0.005666667,1.288356667,0.467596667,3/14/2026 17:45,0.16961
1.03696,0.002333333,1.298996667,0.26437,3/14/2026 18:00,0.15619
1.399376667,0.009333333,1.51686,0.126816667,3/14/2026 18:15,0.17082
1.315646667,0.010333333,1.38562,0.080306667,3/14/2026 18:30,0.1766
1.59399,0.003333333,1.612323333,0.021666667,3/14/2026 18:45,0.19
1.31401,0.016333333,1.297676667,0,3/14/2026 19:00,0.18348349
2.911596667,0.002666667,2.90893,0,3/14/2026 19:15,0.18263
4.98481,0.007666667,4.97781,0.000666667,3/14/2026 19:30,0.18
5.05621,-0.063333333,5.119543333,0,3/14/2026 19:45,0.1766
2.31368,0.007666667,2.306013333,0,3/14/2026 20:00,0.17636
2.22907,0.017666667,2.211403333,0,3/14/2026 20:15,0.15619
2.129893333,0.005,2.124893333,0,3/14/2026 20:30,0.1481
2.086036667,0.008333333,2.077703333,0,3/14/2026 20:45,0.14766
2.277793333,0.07,2.207793333,0,3/14/2026 21:00,0.14544
1.929613333,0.025,1.904613333,0,3/14/2026 21:15,0.14726
1.94163,0.010666667,1.930963333,0,3/14/2026 21:30,0.145
1.92509,0.006333333,1.918756667,0,3/14/2026 21:45,0.1407
1.854976667,-0.004,1.858976667,0,3/14/2026 22:00,0.13952708
1.89437,0.005666667,1.888703333,0,3/14/2026 22:15,0.13299354
1.781103333,0.004,1.777103333,0,3/14/2026 22:30,0.13981
1.738696667,0.007333333,1.731363333,0,3/14/2026 22:45,0.13636
1.737196667,0.006666667,1.73053,0,3/14/2026 23:00,0.13960649
1.831,0.011666667,1.819333333,0,3/14/2026 23:15,0.13615
2.005693333,-0.000333333,2.006026667,0,3/14/2026 23:30,0.1357
1.825046667,0.004,1.821046667,0,3/14/2026 23:45,0.13289
1.522013333,0.009666667,1.512346667,0,3/15/2026 0:00,0.14586333
1.820013333,0.021666667,1.798346667,0,3/15/2026 0:15,0.14542944
0,-1.555333333,1.555333333,0,3/15/2026 0:30,0.1414
0,-1.749,1.749,0,3/15/2026 0:45,0.1345
0,-1.622,1.622,0,3/15/2026 1:00,0.14346
0,-1.211666667,1.211666667,0,3/15/2026 1:15,0.13674199
0,-2.251,2.251,0,3/15/2026 1:30,0.13394
0,-4.430666667,4.430666667,0,3/15/2026 1:45,0.1266
0,-4.524,4.524,0,3/15/2026 2:00,0.1347
0,-4.641,4.641,0,3/15/2026 2:15,0.1278722
0,-4.496666667,4.496666667,0,3/15/2026 2:30,0.12015534
0,-4.185,4.185,0,3/15/2026 2:45,0.11819218
0,-4.518333333,4.518333333,0,3/15/2026 3:00,0.11857763
0,-4.947,4.947,0,3/15/2026 3:15,0.12044674
0,-3.394,3.394,0,3/15/2026 3:30,0.12681616
0,-1.088666667,1.088666667,0,3/15/2026 3:45,0.12917
0,-1.258666667,1.258666667,0,3/15/2026 4:00,0.12355
0,-1.377,1.377,0,3/15/2026 4:15,0.12355
0,-1.131333333,1.131333333,0,3/15/2026 4:30,0.12484934
0,-1.274,1.274,0,3/15/2026 4:45,0.1269858
0,-1.091,1.091,0,3/15/2026 5:00,0.12342
0,-1.492666667,1.492666667,0,3/15/2026 5:15,0.12193995
0,-1.215,1.215,0,3/15/2026 5:30,0.12758691
0,-0.980666667,0.980666667,0,3/15/2026 5:45,0.13026541
0,-1.499,1.499,0,3/15/2026 6:00,0.13976
0,-1.125333333,1.125333333,0,3/15/2026 6:15,0.13597
0,-1.244,1.244,0,3/15/2026 6:30,0.13976
0,-1.198,1.198,0,3/15/2026 6:45,0.13658
0,-1.219666667,1.219666667,0,3/15/2026 7:00,0.13308828
0,-1.454333333,1.455333333,0.001,3/15/2026 7:15,0.13013
0,-1.073666667,1.077666667,0.004,3/15/2026 7:30,0.12916
0,-1.073666667,1.136666667,0.063,3/15/2026 7:45,0.1224
0,-0.766333333,1.01026,0.243926667,3/15/2026 8:00,0.13428
0,-4.407333333,4.89797,0.490636667,3/15/2026 8:15,0.13211
-0.013666667,-0.658333333,1.525496667,0.88083,3/15/2026 8:30,0.13405
-0.674063333,0.082666667,1.36591,2.12264,3/15/2026 8:45,0.1226
-0.57993,-0.557333333,3.93977,3.962366667,3/15/2026 9:00,0.13009
-3.569016667,0.235666667,2.778983333,6.583666667,3/15/2026 9:15,0.12285
-8.07498,0.699,1.829066667,10.60304667,3/15/2026 9:30,0.11607
-10.98655667,0.37,1.70358,12.44416,3/15/2026 9:45,0.11275231
-6.863586667,-0.335333333,3.456176667,9.78311,3/15/2026 10:00,0.11744
-7.789826667,0.010666667,1.038596667,8.621106667,3/15/2026 10:15,0.11969
-6.862443333,0.021666667,2.50946,9.39357,3/15/2026 10:30,0.11531
-5.5017,0.912,2.15653,8.57023,3/15/2026 10:45,0.11
-7.368136667,0.106,1.775053333,9.24919,3/15/2026 11:00,0.11459
-6.775836667,0.052333333,1.651383333,8.479553333,3/15/2026 11:15,0.11753
-7.71155,0.087333333,0.960203333,8.759086667,3/15/2026 11:30,0.11224
-6.714556667,-0.692666667,2.218253333,8.240143333,3/15/2026 11:45,0.11364
-8.73649,-0.006333333,1.115903333,9.84606,3/15/2026 12:00,0.09969
-9.216633333,-0.001,0.793463333,10.00909667,3/15/2026 12:15,0.10103
-15.50761333,4.090333333,0.168973333,16.70054,3/15/2026 12:30,0.09964
-13.75567333,1.517,7.002696667,22.18967667,3/15/2026 12:45,0.09964
-7.357393333,3.096333333,7.172896667,17.62662333,3/15/2026 13:00,0.0927
-6.16472,3.710666667,6.980963333,16.80861333,3/15/2026 13:15,0.085
-1.035616667,-0.007333333,9.966196667,10.99448,3/15/2026 13:30,0.08
0.595313333,0.179666667,11.45031,11.03466333,3/15/2026 13:45,0.07898
0,3.600666667,6.848073333,10.44874,3/15/2026 14:00,0.073
0.0573,0.669666667,8.10015,8.712516667,3/15/2026 14:15,0.07
0,3.147,8.906103333,12.05310333,3/15/2026 14:30,0.065
0.38282,1.084666667,11.67559667,12.37744333,3/15/2026 14:45,0.073
1.117256667,0.001666667,11.20479667,10.08920667,3/15/2026 15:00,0.091
3.189026667,-0.002,11.43771333,8.246686667,3/15/2026 15:15,0.09643
0,2.375,4.565016667,6.940016667,3/15/2026 15:30,0.09943
0,4.059333333,6.459406667,10.51874,3/15/2026 15:45,0.0996
0.636823333,3.847333333,8.61072,11.82123,3/15/2026 16:00,0.0996
0.595,2.3,7.550903333,9.255903333,3/15/2026 16:15,0.0996
0,2.517333333,5.87597,8.393303333,3/15/2026 16:30,0.12978
0.226853333,1.099,4.860056667,5.732203333,3/15/2026 16:45,0.14883
0.698033333,0.270666667,4.16897,3.741603333,3/15/2026 17:00,0.11261947
0.730536667,0.282666667,3.373183333,2.925313333,3/15/2026 17:15,0.14352053
-1.62159,0.016666667,0.821106667,2.459363333,3/15/2026 17:30,0.14883
-1.955773333,0.234666667,0.976766667,3.167206667,3/15/2026 17:45,0.16623
-2.53798,0.261333333,0.490773333,3.290086667,3/15/2026 18:00,0.14990561
-1.361303333,0.004,0.655253333,2.020556667,3/15/2026 18:15,0.15141
0.099386667,0.007,0.975526667,0.88314,3/15/2026 18:30,0.15941
0.694286667,0.004,1.204026667,0.51374,3/15/2026 18:45,0.16124
1.23081,0.005333333,1.295573333,0.070096667,3/15/2026 19:00,0.15760203
1.10355,0.003666667,1.101216667,0.001333333,3/15/2026 19:15,0.15745
2.03364,0.008333333,2.025306667,0,3/15/2026 19:30,0.16045
1.427416667,-0.356,1.783416667,0,3/15/2026 19:45,0.15349
1.49795,0.083666667,1.414283333,0,3/15/2026 20:00,0.15528591
1.837033333,-0.000333333,1.837366667,0,3/15/2026 20:15,0.15448096
1.89327,0.009,1.88427,0,3/15/2026 20:30,0.16124
1.47014,0.009333333,1.460806667,0,3/15/2026 20:45,0.16093
1.7666,0.004,1.7626,0,3/15/2026 21:00,0.14985
1.45601,0.010333333,1.445676667,0,3/15/2026 21:15,0.14883
1.513323333,-0.002333333,1.515656667,0,3/15/2026 21:30,0.14883
1.69607,0.008666667,1.687403333,0,3/15/2026 21:45,0.16124
1.525813333,0.001666667,1.524146667,0,3/15/2026 22:00,0.15555
1.97635,0.016666667,1.959683333,0,3/15/2026 22:15,0.14883
1.397083333,0.013333333,1.38375,0,3/15/2026 22:30,0.14802
1.888023333,0,1.888023333,0,3/15/2026 22:45,0.14
1.675306667,0.012,1.663306667,0,3/15/2026 23:00,0.14883
1.632176667,0.005666667,1.62651,0,3/15/2026 23:15,0.1419
1.25195,0.011333333,1.240616667,0,3/15/2026 23:30,0.13518
1.560286667,-0.000333333,1.56062,0,3/15/2026 23:45,0.12496
1.406,0.004333333,1.401666667,0,3/16/2026 0:00,0.14586
1.489416667,0.002666667,1.48675,0,3/16/2026 0:15,0.1422
1.460613333,0.005666667,1.454946667,0,3/16/2026 0:30,0.14001
1.122963333,0.004333333,1.11863,0,3/16/2026 0:45,0.13343
1.17804,0.011333333,1.166706667,0,3/16/2026 1:00,0.1395
1.33064,0.004,1.32664,0,3/16/2026 1:15,0.13674
2.73387,-0.000333333,2.734203333,0,3/16/2026 1:30,0.13394
4.688483333,0.016,4.672483333,0,3/16/2026 1:45,0.13189
4.730566667,0.004333333,4.726233333,0,3/16/2026 2:00,0.13653
4.341666667,0.012666667,4.329,0,3/16/2026 2:15,0.13239
4.49455,0.000666667,4.493883333,0,3/16/2026 2:30,0.13225
4.340456667,0.018,4.322456667,0,3/16/2026 2:45,0.13598
4.58867,0.035,4.55367,0,3/16/2026 3:00,0.1355
3.864853333,0.013,3.851853333,0,3/16/2026 3:15,0.135
1.340543333,-0.001,1.341543333,0,3/16/2026 3:30,0.13456
0.936703333,0.016666667,0.920036667,0,3/16/2026 3:45,0.13714
1.326746667,0.002333333,1.324413333,0,3/16/2026 4:00,0.13849
1.215586667,-0.000333333,1.21592,0,3/16/2026 4:15,0.13428
1.243246667,0.012333333,1.230913333,0,3/16/2026 4:30,0.13713
1.340963333,-0.001666667,1.34263,0,3/16/2026 4:45,0.13238
1.07558,0.157666667,0.917913333,0,3/16/2026 5:00,0.13483
1.15906,0.004333333,1.154726667,0,3/16/2026 5:15,0.1384
1.172416667,0.010333333,1.162083333,0,3/16/2026 5:30,0.1409
1.187183333,-0.004,1.191183333,0,3/16/2026 5:45,0.15027
1.297043333,0.006,1.291043333,0,3/16/2026 6:00,0.13712
1.338193333,0.001,1.337193333,0,3/16/2026 6:15,0.15026164
1.18523,0.009333333,1.175896667,0,3/16/2026 6:30,0.15783
1.420583333,0.003666667,1.416916667,0,3/16/2026 6:45,0.16656
1.10038,0.012333333,1.088046667,0,3/16/2026 7:00,0.15382
1.391883333,0.005,1.386883333,0,3/16/2026 7:15,0.1613
1.583743333,0.008,1.699023333,0.12328,3/16/2026 7:30,0.1613
1.026973333,-0.000666667,1.38949,0.36185,3/16/2026 7:45,0.16674
-0.125626667,0.002,1.0425,1.170126667,3/16/2026 8:00,0.1613
-1.16537,0.08,0.95565,2.20102,3/16/2026 8:15,0.16656
-0.92925,0.006666667,3.12799,4.063906667,3/16/2026 8:30,0.16299
-3.218836667,-0.116,2.018796667,5.121633333,3/16/2026 8:45,0.15219
-5.126863333,0.014,1.188306667,6.32917,3/16/2026 9:00,0.1613
-4.484816667,0.124333333,2.815466667,7.424616667,3/16/2026 9:15,0.15144
-5.533486667,0.333333333,3.009186667,8.876006667,3/16/2026 9:30,0.14486
-9.19906,-0.101333333,1.555113333,10.61427,3/16/2026 9:45,0.1424
-12.55603667,0.017,0.25496,12.82181333,3/16/2026 10:00,0.14911
-15.19057,0.047666667,0,14.77803,3/16/2026 10:15,0.14164
-16.93823667,0.063666667,0,16.41763667,3/16/2026 10:30,0.13627
-19.06231667,0.016333333,0,17.92995667,3/16/2026 10:45,0.13298
-16.68482333,0.057666667,2.888486667,19.23964,3/16/2026 11:00,0.1319
0,6.467666667,10.40916,16.87682667,3/16/2026 11:15,0.12896
0,9.131333333,12.21204,21.34337333,3/16/2026 11:30,0.12825
0,10.333,12.27412,22.60712,3/16/2026 11:45,0.1268
0,11.541,12.06152667,23.60252667,3/16/2026 12:00,0.12314
0,15.049,7.28361,22.33261,3/16/2026 12:15,0.12017
0,16.23333333,7.921693333,24.15502667,3/16/2026 12:30,0.1136
0,19.863,4.80594,24.66894,3/16/2026 12:45,0.11329
0,20.359,3.565573333,23.92263667,3/16/2026 13:00,0.11642
0,21.81166667,1.53918,23.3318,3/16/2026 13:15,0.1178
0,21.67,2.51007,24.18007,3/16/2026 13:30,0.118
0,18.46066667,5.72153,24.18219667,3/16/2026 13:45,0.1209
0,16.751,5.64269,22.39369,3/16/2026 14:00,0.123
0,16.87666667,4.338843333,21.21551,3/16/2026 14:15,0.125
0,18.01933333,4.537313333,22.55664667,3/16/2026 14:30,0.1305
0,15.02766667,5.432333333,20.46,3/16/2026 14:45,0.13441
0,15.85633333,4.871263333,20.72759667,3/16/2026 15:00,0.1373
0,18.845,1.311706667,20.06386,3/16/2026 15:15,0.146
0,13.41066667,6.73083,20.14149667,3/16/2026 15:30,0.14943
0,14.809,4.58825,19.39725,3/16/2026 15:45,0.144
0,13.28566667,3.29633,16.58199667,3/16/2026 16:00,0.1374
0,15.43466667,3.225773333,18.66044,3/16/2026 16:15,0.14
0,9.211666667,5.506406667,14.71807333,3/16/2026 16:30,0.14941493
0,12.63633333,2.802306667,15.43864,3/16/2026 16:45,0.16
0,9.625666667,3.657453333,13.28312,3/16/2026 17:00,0.14618
0,7.614666667,2.788176667,10.40284333,3/16/2026 17:15,0.15135576
0,6.547,1.931403333,8.478403333,3/16/2026 17:30,0.16076
0.198426667,1.624,3.555636667,4.98121,3/16/2026 17:45,0.17414
0,1.212,1.283426667,2.495426667,3/16/2026 18:00,0.15068322
0.93104,0.349666667,2.471383333,1.89001,3/16/2026 18:15,0.16085
2.11767,-0.001666667,3.945216667,1.82588,3/16/2026 18:30,0.17436319
0.198476667,0.216333333,1.142553333,1.16041,3/16/2026 18:45,0.18518324
1.174353333,-0.000666667,1.541646667,0.366626667,3/16/2026 19:00,0.17985
2.2178,0.003,2.2338,0.019,3/16/2026 19:15,0.18
2.442996667,0.008333333,2.434663333,0,3/16/2026 19:30,0.18
2.316756667,0.017,2.300423333,0.000666667,3/16/2026 19:45,0.17985
2.245273333,0,2.245273333,0,3/16/2026 20:00,0.18203
2.385583333,0.009,2.376583333,0,3/16/2026 20:15,0.16656
1.9207,-0.000666667,1.921366667,0,3/16/2026 20:30,0.15159884
2.14676,0.020666667,2.126093333,0,3/16/2026 20:45,0.1465
1.99045,0.001666667,1.988783333,0,3/16/2026 21:00,0.15144
1.523743333,0.006,1.517743333,0,3/16/2026 21:15,0.15
1.80332,0.013333333,1.789986667,0,3/16/2026 21:30,0.14333
2.306293333,0.003666667,2.302626667,0,3/16/2026 21:45,0.145
1.603236667,0.013666667,1.58957,0,3/16/2026 22:00,0.145
1.67375,0.001333333,1.672416667,0,3/16/2026 22:15,0.14164
1.89758,0.006,1.89158,0,3/16/2026 22:30,0.1417
2.246276667,0.006666667,2.23961,0,3/16/2026 22:45,0.13721
1.447,0.002,1.445,0,3/16/2026 23:00,0.14164
2.409386667,0.002333333,2.407053333,0,3/16/2026 23:15,0.139
1.696093333,0.005666667,1.690426667,0,3/16/2026 23:30,0.13501
2.23704,0.003,2.23404,0,3/16/2026 23:45,0.1309
4.883446667,0.012666667,4.87078,0,3/17/2026 0:00,0.1417
1.465703333,-0.019,1.484703333,0,3/17/2026 0:15,0.14073
1.53723,0.008,1.52923,0,3/17/2026 0:30,0.13807
1.66236,0.009333333,1.653026667,0,3/17/2026 0:45,0.1395
1.383636667,0.002,1.381636667,0,3/17/2026 1:00,0.1348
1.397593333,0.006666667,1.390926667,0,3/17/2026 1:15,0.13337
1.676533333,0.001333333,1.6752,0,3/17/2026 1:30,0.13054
2.191106667,0.028666667,2.16244,0,3/17/2026 1:45,0.13109
1.745836667,-0.097666667,1.843503333,0,3/17/2026 2:00,0.13009
1.702656667,0.008333333,1.694323333,0,3/17/2026 2:15,0.12788
1.59084,0.007333333,1.583506667,0,3/17/2026 2:30,0.12909
2.05024,0.005666667,2.044573333,0,3/17/2026 2:45,0.13001
2.120506667,0.008333333,2.112173333,0,3/17/2026 3:00,0.13492
2.063913333,0.007,2.056913333,0,3/17/2026 3:15,0.13492
1.75772,0.012,1.74572,0,3/17/2026 3:30,0.13492
1.326616667,0.004,1.322616667,0,3/17/2026 3:45,0.13248
1.24272,0.015666667,1.227053333,0,3/17/2026 4:00,0.13289
0.96405,0.000333333,0.963716667,0,3/17/2026 4:15,0.13478
1.103453333,0.006333333,1.09712,0,3/17/2026 4:30,0.13109
1.284026667,0.006,1.278026667,0,3/17/2026 4:45,0.1314
1.395603333,0.267333333,1.12827,0,3/17/2026 5:00,0.12985
1.102736667,0.013333333,1.089403333,0,3/17/2026 5:15,0.13163
1.534946667,0.008666667,1.52628,0,3/17/2026 5:30,0.13643
1.101286667,0.010666667,1.09062,0,3/17/2026 5:45,0.14374
1.296433333,0.007666667,1.288766667,0,3/17/2026 6:00,0.14006
1.310476667,0.01,1.300476667,0,3/17/2026 6:15,0.15024
1.212663333,0.009666667,1.202996667,0,3/17/2026 6:30,0.15695
1.11407,0.011,1.10307,0,3/17/2026 6:45,0.161
1.141416667,0.007666667,1.13475,0.001,3/17/2026 7:00,0.17434
1.294293333,0.003333333,1.30496,0.014,3/17/2026 7:15,0.17831213
3.5023,0.010333333,3.555753333,0.063786667,3/17/2026 7:30,0.17434
2.86929,-0.000666667,3.51987,0.649913333,3/17/2026 7:45,0.17131
0.166503333,0.007333333,2.65537,2.4962,3/17/2026 8:00,0.19266467
-1.679636667,0.064666667,1.94256,3.686863333,3/17/2026 8:15,0.15995722
-3.035976667,0.373,1.342423333,4.7514,3/17/2026 8:30,0.15695
-3.772233333,0.220666667,1.771743333,5.764643333,3/17/2026 8:45,0.15384
-3.658796667,0.011333333,3.260326667,6.930456667,3/17/2026 9:00,0.15695
-4.73263,0.299333333,2.957483333,7.989446667,3/17/2026 9:15,0.15384
-5.932493333,0.289333333,3.15353,9.375356667,3/17/2026 9:30,0.15
-6.174343333,0.112,4.58318,10.86952333,3/17/2026 9:45,0.13453
-8.45839,0.971666667,3.991306667,13.42136333,3/17/2026 10:00,0.14
-9.683023333,2.308666667,3.14686,15.13855,3/17/2026 10:15,0.13009
-10.70069667,0.998666667,5.017873333,16.71723667,3/17/2026 10:30,0.12323
-11.61843,1.398333333,5.123383333,18.14014667,3/17/2026 10:45,0.12056
-12.43685,0.995333333,5.998886667,19.43107,3/17/2026 11:00,0.11947
-13.23866667,1.593666667,5.847826667,20.68016,3/17/2026 11:15,0.12946
-14.01152667,1.894333333,5.835953333,21.74181333,3/17/2026 11:30,0.12875
-4.739776667,2.724,10.55539,18.01916667,3/17/2026 11:45,0.12327
0,10.54933333,12.58382,23.13315333,3/17/2026 12:00,0.1284
0,11.469,12.5196,23.9886,3/17/2026 12:15,0.1208
0,13.48066667,10.99102,24.47168667,3/17/2026 12:30,0.1208
0,13.52966667,11.74293333,25.2726,3/17/2026 12:45,0.12
0,13.01466667,12.35326,25.36792667,3/17/2026 13:00,0.1208
0,13.239,12.18861667,25.42761667,3/17/2026 13:15,0.12
0,12.34766667,13.22231667,25.56998333,3/17/2026 13:30,0.1208
0,13.693,13.06819667,26.76119667,3/17/2026 13:45,0.12306
0,14.30233333,10.8273,25.12963333,3/17/2026 14:00,0.1235
0,16.251,5.63545,21.88645,3/17/2026 14:15,0.1233
-0.028366667,16.656,6.409103333,23.09347,3/17/2026 14:30,0.1295
0,18.37533333,5.370836667,23.74617,3/17/2026 14:45,0.1314
0,18.35966667,5.453803333,23.81347,3/17/2026 15:00,0.12
0,18.465,3.971346667,22.43634667,3/17/2026 15:15,0.12435
0,19.75766667,1.872623333,21.63029,3/17/2026 15:30,0.13200822
0,17.24366667,4.111536667,21.35520333,3/17/2026 15:45,0.14383
0,17.46066667,2.771126667,20.23179333,3/17/2026 16:00,0.13255
0,17.25233333,2.48594,19.73827333,3/17/2026 16:15,0.14074544
0,15.23933333,3.47481,18.71414333,3/17/2026 16:30,0.15342581
0,10.79666667,2.550793333,13.1108,3/17/2026 16:45,0.15911
0,12.82333333,2.61043,15.43376333,3/17/2026 17:00,0.15695
0,6.592,3.32433,9.91633,3/17/2026 17:15,0.16405
0,1.560666667,2.71801,4.278676667,3/17/2026 17:30,0.175
0.523,0.352,3.37165,3.20065,3/17/2026 17:45,0.18
0.354273333,1.420666667,2.482823333,3.549216667,3/17/2026 18:00,0.16864755
0,1.602333333,2.433196667,4.03553,3/17/2026 18:15,0.175
0.297223333,1.786,3.0768,4.565576667,3/17/2026 18:30,0.18
0.19838,0.133,2.160696667,2.095316667,3/17/2026 18:45,0.195
0.580806667,-0.014666667,1.55481,0.959336667,3/17/2026 19:00,0.18007
1.97617,0.010666667,2.066893333,0.10139,3/17/2026 19:15,0.18007
2.623933333,0.004,2.621266667,0.001333333,3/17/2026 19:30,0.17621
2.441743333,0.006333333,2.435743333,0.000333333,3/17/2026 19:45,0.17459
2.34321,0.010666667,2.332543333,0,3/17/2026 20:00,0.15695
2.37139,0.000666667,2.370723333,0,3/17/2026 20:15,0.14998547
2.16004,-0.000666667,2.160706667,0,3/17/2026 20:30,0.14048453
2.470123333,0.013,2.457123333,0,3/17/2026 20:45,0.13258
1.990356667,0.004333333,1.986023333,0,3/17/2026 21:00,0.15024
2.242193333,0.003333333,2.23886,0,3/17/2026 21:15,0.14501
2.085726667,-0.004,2.089726667,0,3/17/2026 21:30,0.14374
1.88771,0.002666667,1.885043333,0,3/17/2026 21:45,0.13109
2.179116667,0.006333333,2.172783333,0,3/17/2026 22:00,0.1412
1.92485,0.014,1.91085,0,3/17/2026 22:15,0.13911
1.728183333,0.010666667,1.717516667,0,3/17/2026 22:30,0.14211
1.588056667,-0.000666667,1.588723333,0,3/17/2026 22:45,0.14118
1.517356667,0.004,1.513356667,0,3/17/2026 23:00,0.14211
1.950356667,0.000333333,1.950023333,0,3/17/2026 23:15,0.14115
1.850636667,0.007666667,1.84297,0,3/17/2026 23:30,0.14006
1.73653,0.004333333,1.732196667,0,3/17/2026 23:45,0.13643
1.33003,-0.004,1.33403,0,3/18/2026 0:00,0.13446
1.538853333,0.001333333,1.53752,0,3/18/2026 0:15,0.13717
1.28627,0.011666667,1.274603333,0,3/18/2026 0:30,0.13318
1.67664,-0.003333333,1.679973333,0,3/18/2026 0:45,0.13089
1.14638,0.007333333,1.139046667,0,3/18/2026 1:00,0.13089
1.048656667,0.012333333,1.036323333,0,3/18/2026 1:15,0.12984
2.577193333,0.011,2.566193333,0,3/18/2026 1:30,0.12799
4.42198,-0.002,4.42398,0,3/18/2026 1:45,0.122
4.919013333,-0.001666667,4.92068,0,3/18/2026 2:00,0.1256
4.752113333,0.005333333,4.74678,0,3/18/2026 2:15,0.12989
4.697126667,0.008,4.689126667,0,3/18/2026 2:30,0.13057
4.403513333,0.008333333,4.39518,0,3/18/2026 2:45,0.1283
2.642603333,0.009333333,2.63327,0,3/18/2026 3:00,0.12808
1.86807,0.083,1.78507,0,3/18/2026 3:15,0.1268
1.617453333,-0.243333333,1.860786667,0,3/18/2026 3:30,0.12788
0.977276667,0.014,0.963276667,0,3/18/2026 3:45,0.12808
1.409363333,0.005,1.404363333,0,3/18/2026 4:00,0.12674
1.01864,0.085,0.93364,0,3/18/2026 4:15,0.13089
1.269396667,0.001666667,1.26773,0,3/18/2026 4:30,0.12989
0.93498,0.003666667,0.931313333,0,3/18/2026 4:45,0.13446
1.03216,0.011333333,1.020826667,0,3/18/2026 5:00,0.14082
1.046056667,0.013,1.033056667,0,3/18/2026 5:15,0.14121
1.2538,0.007666667,1.246133333,0,3/18/2026 5:30,0.143
1.128823333,0.005333333,1.12349,0,3/18/2026 5:45,0.14082
1.072746667,0.007,1.065746667,0,3/18/2026 6:00,0.13438
1.281153333,0.010666667,1.270486667,0,3/18/2026 6:15,0.14767
1.22411,0.002333333,1.221776667,0,3/18/2026 6:30,0.15317
1.07064,0.007,1.06364,0,3/18/2026 6:45,0.1587
1.08456,0.001333333,1.08556,0.002333333,3/18/2026 7:00,0.15784287
1.20901,-0.001,1.227773333,0.017763333,3/18/2026 7:15,0.15831
1.938033333,0.008333333,2.080853333,0.151153333,3/18/2026 7:30,0.1587
3.323466667,-1.055,5.0692,0.690733333,3/18/2026 7:45,0.1587
0.94353,-0.005,3.27483,2.3263,3/18/2026 8:00,0.16868
-1.942333333,0.035333333,1.480776667,3.458443333,3/18/2026 8:15,0.1587
-0.44999,0.027,4.093683333,4.570673333,3/18/2026 8:30,0.15762
-1.19248,-0.463,4.72384,5.45332,3/18/2026 8:45,0.155
-3.96383,0.279666667,2.869073333,7.11257,3/18/2026 9:00,0.1587
-5.550563333,0.025333333,2.47398,8.049876667,3/18/2026 9:15,0.15434
-5.90419,0.33,2.73217,8.96636,3/18/2026 9:30,0.15022
-5.60535,0.256,2.20558,8.06693,3/18/2026 9:45,0.142
-10.30013667,0.083,0.924446667,11.24430333,3/18/2026 10:00,0.14767
-7.89985,-0.073333333,2.731336667,10.55785333,3/18/2026 10:15,0.14767
-11.33935333,0.149,2.180126667,13.66848,3/18/2026 10:30,0.14366
-15.11447,0.013333333,1.44153,16.56933333,3/18/2026 10:45,0.14766
-17.75897667,-0.002333333,2.32849,20.08513333,3/18/2026 11:00,0.14939
-17.22954667,0.012333333,2.750743333,19.99262333,3/18/2026 11:15,0.14939
-13.21181667,1.268,3.31078,17.79059667,3/18/2026 11:30,0.14767
0,5.640333333,13.07435667,18.71469,3/18/2026 11:45,0.14767
0,6.283666667,14.81977333,21.10344,3/18/2026 12:00,0.145
0,5.405333333,16.82983333,22.23516667,3/18/2026 12:15,0.14127
0,9.145666667,16.77541667,25.92108333,3/18/2026 12:30,0.1393
0,2.929333333,17.17929333,20.10862667,3/18/2026 12:45,0.13863
0,5.243,12.67845667,17.92145667,3/18/2026 13:00,0.144
1.620753333,2.608666667,16.99869333,17.98660667,3/18/2026 13:15,0.14139
1.872433333,5.567666667,15.14023,18.83546333,3/18/2026 13:30,0.14767
1.410183333,3.645666667,17.90005,20.13553333,3/18/2026 13:45,0.14767
1.367703333,6.612333333,10.27762667,15.52225667,3/18/2026 14:00,0.15
1.300553333,2.474,13.39029,14.56373667,3/18/2026 14:15,0.15022
-6.915143333,-0.171666667,7.542483333,14.28596,3/18/2026 14:30,0.15314
0,2.488,8.01104,10.49904,3/18/2026 14:45,0.1586
0,1.483333333,7.516786667,9.00012,3/18/2026 15:00,0.14939
2.197666667,3.545666667,9.459313333,10.80731333,3/18/2026 15:15,0.15124
2.507353333,1.129,11.37217333,9.99382,3/18/2026 15:30,0.14538
3.376206667,1.585666667,15.2814,13.49086,3/18/2026 15:45,0.14939
0,5.697666667,15.34714667,21.04481333,3/18/2026 16:00,0.144
0,7.488,12.6746,20.1626,3/18/2026 16:15,0.15365
1.846683333,7.277333333,12.08856,17.51921,3/18/2026 16:30,0.15778
-6.715393333,-0.160666667,8.87908,15.43380667,3/18/2026 16:45,0.15864
-5.58563,1.228,6.84247,13.6561,3/18/2026 17:00,0.1448
0,5.351333333,7.308436667,12.65977,3/18/2026 17:15,0.1452
1.024056667,0.092666667,10.92699,9.9956,3/18/2026 17:30,0.17
6.428673333,0.001,13.20137667,6.773703333,3/18/2026 17:45,0.19497952
3.53521,0.914,7.165983333,4.544773333,3/18/2026 18:00,0.17184
2.384153333,0.009666667,6.21076,3.836273333,3/18/2026 18:15,0.18071532
2.094333333,-0.007333333,5.824586667,3.72292,3/18/2026 18:30,0.19
4.495133333,-0.011333333,7.067143333,2.560676667,3/18/2026 18:45,0.19
5.499563333,0.288333333,6.140786667,0.929556667,3/18/2026 19:00,0.18268783
9.529853333,0.003,9.710783333,0.18393,3/18/2026 19:15,0.17952226
10.31322333,0.013666667,10.31022333,0.010666667,3/18/2026 19:30,0.17235
13.04160667,-0.002,13.04360667,0,3/18/2026 19:45,0.17184
9.159273333,-0.011666667,9.17094,0,3/18/2026 20:00,0.17235
10.5917,-0.032666667,10.62436667,0,3/18/2026 20:15,0.16619
8.987676667,0.007,8.980676667,0,3/18/2026 20:30,0.1587
7.126166667,0.049,7.077166667,0,3/18/2026 20:45,0.15022
6.724813333,0.030333333,6.69448,0,3/18/2026 21:00,0.16868
7.66693,0.005,7.66193,0,3/18/2026 21:15,0.1587
3.690713333,0.001333333,3.68938,0,3/18/2026 21:30,0.15022
2.437223333,0.007333333,2.42989,0,3/18/2026 21:45,0.145
4.3276,0.019333333,4.308266667,0,3/18/2026 22:00,0.14767
1.79543,-0.005333333,1.800763333,0,3/18/2026 22:15,0.14767
2.20833,0.014333333,2.193996667,0,3/18/2026 22:30,0.14974
2.28749,-0.000333333,2.287823333,0,3/18/2026 22:45,0.144
2.064486667,0.002,2.062486667,0,3/18/2026 23:00,0.14767
1.91083,0.005,1.90583,0,3/18/2026 23:15,0.14767
1.62074,0.001666667,1.619073333,0,3/18/2026 23:30,0.14621
1.699163333,0.012333333,1.68683,0,3/18/2026 23:45,0.14509
1.75077,0.006,1.74477,0,3/19/2026 0:00,0.1619
1.570623333,0.005666667,1.564956667,0,3/19/2026 0:15,0.15802
2.401266667,-0.269,2.670266667,0,3/19/2026 0:30,0.14153
1.6053,0.011,1.5943,0,3/19/2026 0:45,0.13855
1.426983333,-0.001666667,1.42865,0,3/19/2026 1:00,0.14153
1.128203333,0.017,1.111203333,0,3/19/2026 1:15,0.14158
2.79881,0.121666667,2.677143333,0,3/19/2026 1:30,0.14094
4.70343,0.008,4.69543,0,3/19/2026 1:45,0.13445
4.774666667,0.000666667,4.774,0,3/19/2026 2:00,0.1338
0.325283333,-4.677333333,5.002616667,0,3/19/2026 2:15,0.13475
-1.806713333,-6.549,4.742286667,0,3/19/2026 2:30,0.13475
-1.81522,-6.861333333,5.046113333,0,3/19/2026 2:45,0.13475
0.061846667,-4.601333333,4.66318,0,3/19/2026 3:00,0.13445
0.5364,-1.387666667,1.924066667,0,3/19/2026 3:15,0.13342
0,-1.886333333,1.886333333,0,3/19/2026 3:30,0.13314
0,-1.994333333,1.994333333,0,3/19/2026 3:45,0.13118
0,-2.199333333,2.199333333,0,3/19/2026 4:00,0.12924
0,-1.685,1.685,0,3/19/2026 4:15,0.12936
0,-2.724666667,2.724666667,0,3/19/2026 4:30,0.13173437
0,-1.152666667,1.152666667,0,3/19/2026 4:45,0.13469449
0,-1.551333333,1.551333333,0,3/19/2026 5:00,0.12941162
0,-1.196666667,1.196666667,0,3/19/2026 5:15,0.13492
0,-1.454666667,1.454666667,0,3/19/2026 5:30,0.13928
0,-1.097666667,1.097666667,0,3/19/2026 5:45,0.15586336
0,-1.288,1.288,0,3/19/2026 6:00,0.15803
0,-1.476,1.476,0,3/19/2026 6:15,0.16271508
0,-1.441,1.441,0,3/19/2026 6:30,0.17525
0,-1.52,1.52,0,3/19/2026 6:45,0.18076492
0,-2.362,2.363333333,0.001333333,3/19/2026 7:00,0.17466544
0,-1.502,1.538666667,0.036666667,3/19/2026 7:15,0.1721
0,-3.940666667,4.165623333,0.224956667,3/19/2026 7:30,0.16548
0,-1.818333333,2.769286667,0.950953333,3/19/2026 7:45,0.16548
-0.31481,-0.303333333,2.45095,2.462426667,3/19/2026 8:00,0.16631469
0,0.087333333,3.513073333,3.600406667,3/19/2026 8:15,0.15232
-0.274533333,-0.348,4.81124,4.737773333,3/19/2026 8:30,0.12824
-2.836993333,0.016666667,2.974626667,5.828286667,3/19/2026 8:45,0.1211
-3.686493333,0.144333333,3.27758,7.108406667,3/19/2026 9:00,0.14539
-5.01055,1.601666667,1.656746667,8.268963333,3/19/2026 9:15,0.13145
-7.599283333,0.025,2.034166667,9.65845,3/19/2026 9:30,0.13698
-9.62626,-0.250333333,2.145316667,11.52124333,3/19/2026 9:45,0.13698
-10.44128667,-0.019333333,3.234453333,13.65640667,3/19/2026 10:00,0.13856
-10.03084,0.119333333,5.25734,15.40751333,3/19/2026 10:15,0.12924
-10.75024,0.490333333,5.78099,17.02156333,3/19/2026 10:30,0.12415
-11.87923,1.35,5.255716667,18.48494667,3/19/2026 10:45,0.1213
-12.41023333,0.992333333,6.353413333,19.75598,3/19/2026 11:00,0.1187
-13.49939333,1.811333333,5.663823333,20.97455,3/19/2026 11:15,0.11994
-14.1924,1.242666667,6.597683333,22.03275,3/19/2026 11:30,0.11839
-14.75984333,1.935666667,6.248826667,22.94433667,3/19/2026 11:45,0.1117
-15.23776,0.738666667,7.84773,23.82415667,3/19/2026 12:00,0.08005
-13.11511667,4.352666667,5.846003333,23.31378667,3/19/2026 12:15,0.0681
-3.532,6.349333333,14.48245,24.36378333,3/19/2026 12:30,0.069
0,9.516,15.41919,24.93519,3/19/2026 12:45,0.069
0,10.82733333,14.07189333,24.89922667,3/19/2026 13:00,0.069
0,10.38433333,14.58264333,24.96697667,3/19/2026 13:15,0.0806
0,9.911666667,14.23215667,24.14382333,3/19/2026 13:30,0.1
0,13.88266667,12.47490667,26.35757333,3/19/2026 13:45,0.10539
0,15.754,10.56741333,26.32141333,3/19/2026 14:00,0.10846
0,17.92766667,8.061076667,25.98874333,3/19/2026 14:15,0.11648
0,18.97233333,6.571866667,25.5442,3/19/2026 14:30,0.1171
0.028363333,19.47933333,5.637943333,25.08891333,3/19/2026 14:45,0.11992539
0.028363333,9.81,3.694573333,13.47621,3/19/2026 15:00,0.11163
0,7.831666667,3.378373333,11.21004,3/19/2026 15:15,0.115
0,18.43766667,1.77016,20.20782667,3/19/2026 15:30,0.12038
0,16.79333333,3.538983333,20.33231667,3/19/2026 15:45,0.13428
0,14.76933333,4.33756,19.10689333,3/19/2026 16:00,0.12215
0,14.05566667,3.68927,17.74493667,3/19/2026 16:15,0.12924
0,13.57633333,2.848846667,16.42518,3/19/2026 16:30,0.13708
0,13.12933333,1.771926667,14.90126,3/19/2026 16:45,0.1619
0,10.36866667,2.9239,13.29256667,3/19/2026 17:00,0.1248
0,8.218333333,3.170686667,11.38902,3/19/2026 17:15,0.14045033
0,3.497666667,6.102323333,9.59999,3/19/2026 17:30,0.1619
0,3.374333333,4.591653333,7.965986667,3/19/2026 17:45,0.17498
0,1.515333333,5.04193,6.557263333,3/19/2026 18:00,0.16465
0,1.185333333,4.10976,5.295093333,3/19/2026 18:15,0.17407
0.50911,1.115333333,3.408773333,4.014996667,3/19/2026 18:30,0.1881779
0.49522,0.159333333,2.93492,2.599033333,3/19/2026 18:45,0.19
0.57995,-0.113333333,1.656303333,0.96302,3/19/2026 19:00,0.18
1.666576667,-0.004333333,1.76087,0.08996,3/19/2026 19:15,0.18842
1.779963333,0.000666667,1.797806667,0.01851,3/19/2026 19:30,0.17525
2.24633,0.002333333,2.243996667,0,3/19/2026 19:45,0.17142386
2.50021,0.003,2.49721,0,3/19/2026 20:00,0.17525
2.261086667,-0.003333333,2.26442,0,3/19/2026 20:15,0.17
2.190846667,-0.006333333,2.19718,0,3/19/2026 20:30,0.16291167
2.177026667,-0.005,2.182026667,0,3/19/2026 20:45,0.15201
1.880443333,0.014,1.866443333,0,3/19/2026 21:00,0.1685
1.83802,0.011,1.82702,0,3/19/2026 21:15,0.16316035
2.17618,0.020666667,2.155513333,0,3/19/2026 21:30,0.15280543
1.653496667,0.015333333,1.638163333,0,3/19/2026 21:45,0.13553422
1.751123333,0.023,1.728123333,0,3/19/2026 22:00,0.16
2.156576667,0.058,2.098576667,0,3/19/2026 22:15,0.155
1.69016,0.013666667,1.676493333,0,3/19/2026 22:30,0.14099955
1.701996667,0.019666667,1.68233,0,3/19/2026 22:45,0.13472
1.897536667,0.000333333,1.897203333,0,3/19/2026 23:00,0.14994207
2.372296667,-0.006333333,2.37863,0,3/19/2026 23:15,0.14336
1.839113333,0.001,1.838113333,0,3/19/2026 23:30,0.13801
1.78123,0.016333333,1.764896667,0,3/19/2026 23:45,0.13798
1.430233333,0.01,1.420233333,0,3/20/2026 0:00,0.16663769
1.624866667,0.005,1.619866667,0,3/20/2026 0:15,0.15812
1.273356667,0,1.273356667,0,3/20/2026 0:30,0.15
1.52362,-0.007333333,1.530953333,0,3/20/2026 0:45,0.15
1.496006667,0.000333333,1.495673333,0,3/20/2026 1:00,0.15054
1.42478,0.005666667,1.419113333,0,3/20/2026 1:15,0.14715441
1.24402,-0.001333333,1.245353333,0,3/20/2026 1:30,0.14480559
1.244943333,0.004666667,1.240276667,0,3/20/2026 1:45,0.1455
1.299706667,-0.005666667,1.305373333,0,3/20/2026 2:00,0.147
1.243723333,-0.002,1.245723333,0,3/20/2026 2:15,0.147
1.326983333,0.059333333,1.26765,0,3/20/2026 2:30,0.147
1.075703333,0.018666667,1.057036667,0,3/20/2026 2:45,0.147
1.27087,0.017666667,1.253203333,0,3/20/2026 3:00,0.15007
1.368286667,0.012666667,1.35562,0,3/20/2026 3:15,0.14797
1.15913,0.02,1.13913,0,3/20/2026 3:30,0.14839497
1.20075,0.018666667,1.182083333,0,3/20/2026 3:45,0.14752941
1.256463333,0.024333333,1.23213,0,3/20/2026 4:00,0.14144
1.298093333,0.012333333,1.28576,0,3/20/2026 4:15,0.14585486
1.297913333,0.009,1.288913333,0,3/20/2026 4:30,0.14986
1.354123333,0.104333333,1.24979,0,3/20/2026 4:45,0.15773
1.228443333,0.002,1.226443333,0,3/20/2026 5:00,0.14102
1.353503333,-0.000666667,1.35417,0,3/20/2026 5:15,0.14963
1.255533333,-0.008666667,1.2642,0,3/20/2026 5:30,0.16988432
1.24173,-0.008666667,1.250396667,0,3/20/2026 5:45,0.1793
1.171966667,0.003333333,1.168633333,0,3/20/2026 6:00,0.17342
1.4923,0.009666667,1.482633333,0,3/20/2026 6:15,0.19822
0.879436667,0.012,0.867436667,0,3/20/2026 6:30,0.2054264
0.935323333,0.007666667,0.927656667,0,3/20/2026 6:45,0.21055944
1.505336667,0.035666667,1.46967,0,3/20/2026 7:00,0.21
1.379573333,0.011,1.368573333,0,3/20/2026 7:15,0.21
1.76575,0.008,1.822166667,0.064416667,3/20/2026 7:30,0.20164
3.84228,0.498,3.883873333,0.539593333,3/20/2026 7:45,0.2
0.684036667,-0.023666667,2.092026667,1.384323333,3/20/2026 8:00,0.19822
0.265963333,-0.022,2.00891,1.720946667,3/20/2026 8:15,0.18643
1.005133333,-0.051,3.965716667,2.909583333,3/20/2026 8:30,0.18142
2.230783333,0.579333333,5.310916667,3.659466667,3/20/2026 8:45,0.17241
-1.735966667,1.159333333,1.844133333,4.380666667,3/20/2026 9:00,0.17336
-6.387943333,0.02,3.19117,9.599113333,3/20/2026 9:15,0.16474
-8.900413333,0.028333333,0.844983333,9.701056667,3/20/2026 9:30,0.15522
-8.760306667,0.060333333,2.324066667,11.09659667,3/20/2026 9:45,0.15174
-10.76312667,0.105666667,1.961016667,12.82981,3/20/2026 10:00,0.14242
-13.51214667,0.051333333,1.04658,14.49542667,3/20/2026 10:15,0.134
-14.53902333,0.071666667,1.60009,16.05485,3/20/2026 10:30,0.13338
-16.72182,0.018333333,1.172746667,17.62653333,3/20/2026 10:45,0.119
-15.19308333,0.624333333,3.242653333,18.97555667,3/20/2026 11:00,0.12
0,3.597333333,15.50781,19.10514333,3/20/2026 11:15,0.12
0,4.210666667,17.15764333,21.36831,3/20/2026 11:30,0.13353
0,4.851666667,17.57268,22.42434667,3/20/2026 11:45,0.12
0,5.584666667,17.80209,23.38675667,3/20/2026 12:00,0.079
0,6.783,17.5238,24.3068,3/20/2026 12:15,0.08675
0,7.078,17.93379333,25.01179333,3/20/2026 12:30,0.079
0,7.031666667,18.5073,25.53896667,3/20/2026 12:45,0.06552
0,7.987,17.75064667,25.73764667,3/20/2026 13:00,0.08555
0,10.51833333,15.73392667,26.25226,3/20/2026 13:15,0.08668
0,13.72766667,12.78239667,26.51006333,3/20/2026 13:30,0.09204
0,6.797333333,19.32561,26.12294333,3/20/2026 13:45,0.09373
0,4.911,20.82208,25.73308,3/20/2026 14:00,0.116
0,9.838333333,15.57350667,25.41184,3/20/2026 14:15,0.104
0,13.54733333,11.46683333,25.01416667,3/20/2026 14:30,0.1172
0,12.831,11.85921,24.69021,3/20/2026 14:45,0.12608799
0,15.60466667,8.014233333,23.6189,3/20/2026 15:00,0.12
0,10.252,12.56437667,22.81637667,3/20/2026 15:15,0.12913577
0,9.553,12.07887667,21.63187667,3/20/2026 15:30,0.1334
0,9.659333333,10.77891,20.43824333,3/20/2026 15:45,0.15116
0,6.957333333,12.14368,19.10101333,3/20/2026 16:00,0.13751562
0,6.03,11.68305,17.71305,3/20/2026 16:15,0.15459996
0,7.674666667,8.670943333,16.34561,3/20/2026 16:30,0.17395122
0,3.892,10.89736,14.78936,3/20/2026 16:45,0.19793321
1.045766667,1.120666667,12.94174667,13.01664667,3/20/2026 17:00,0.1560119
0.08498,1.683333333,9.734116667,11.33247,3/20/2026 17:15,0.17336
0.97301,2.001666667,7.81709,8.845746667,3/20/2026 17:30,0.18142
1.465366667,1.010666667,7.800203333,7.345503333,3/20/2026 17:45,0.18142
0,1.248,5.129623333,6.377623333,3/20/2026 18:00,0.18643
0.820026667,0.614,4.918933333,4.712906667,3/20/2026 18:15,0.20164
4.568636667,-0.029333333,8.28896,3.69099,3/20/2026 18:30,0.21484
5.919913333,-0.022,8.31578,2.373866667,3/20/2026 18:45,0.21914
5.914506667,0.010666667,6.748116667,0.844276667,3/20/2026 19:00,0.21897
6.996173333,-0.007,7.077853333,0.07468,3/20/2026 19:15,0.21753
7.388076667,-0.007,7.395076667,0,3/20/2026 19:30,0.20873198
11.62799333,-0.024666667,11.65266,0,3/20/2026 19:45,0.19480802
10.4186,-0.28,10.6986,0,3/20/2026 20:00,0.20164
7.917353333,0.003,7.914353333,0,3/20/2026 20:15,0.18987805
8.32537,0.004333333,8.321036667,0,3/20/2026 20:30,0.18264562
6.422536667,0.014333333,6.408203333,0,3/20/2026 20:45,0.1724
2.30076,0.012666667,2.288093333,0,3/20/2026 21:00,0.18643
3.108116667,0.171333333,2.936783333,0,3/20/2026 21:15,0.18078184
1.80004,0.014333333,1.785706667,0,3/20/2026 21:30,0.17313
1.785706667,-0.370333333,2.15604,0,3/20/2026 21:45,0.15873
1.63239,0.001,1.63139,0,3/20/2026 22:00,0.17344
1.785053333,-0.002333333,1.787386667,0,3/20/2026 22:15,0.17492
1.602883333,0.001333333,1.60155,0,3/20/2026 22:30,0.16634
1.40771,0.002666667,1.405043333,0,3/20/2026 22:45,0.16026
1.865376667,0.008333333,1.857043333,0,3/20/2026 23:00,0.1793
1.668656667,0.018666667,1.64999,0,3/20/2026 23:15,0.16395896
2.11011,0.017666667,2.092443333,0,3/20/2026 23:30,0.1604
2.492063333,0.019,2.473063333,0,3/20/2026 23:45,0.15552
2.544886667,0.005333333,2.539553333,0,3/21/2026 0:00,0.175
2.856163333,0.005,2.851163333,0,3/21/2026 0:15,0.17383
2.220703333,0.007333333,2.21337,0,3/21/2026 0:30,0.17066
1.69631,-0.002,1.69831,0,3/21/2026 0:45,0.16051
1.324133333,0.001,1.323133333,0,3/21/2026 1:00,0.17383
1.048013333,0.002,1.046013333,0,3/21/2026 1:15,0.17383
2.86328,0.001666667,2.861613333,0,3/21/2026 1:30,0.15179
4.84873,0.000666667,4.848063333,0,3/21/2026 1:45,0.15237
4.79628,0.006333333,4.789946667,0,3/21/2026 2:00,0.16517
3.828613333,-0.002666667,3.83128,0,3/21/2026 2:15,0.157
2.156356667,0.002333333,2.154023333,0,3/21/2026 2:30,0.157
1.911423333,0.009333333,1.90209,0,3/21/2026 2:45,0.15663
1.991466667,0.012333333,1.979133333,0,3/21/2026 3:00,0.16007
1.705053333,0.012333333,1.69272,0,3/21/2026 3:15,0.15918
2.05162,0.017333333,2.034286667,0,3/21/2026 3:30,0.1502
1.800213333,0.013666667,1.786546667,0,3/21/2026 3:45,0.14848
-1.198486667,-3.345666667,2.14718,0,3/21/2026 4:00,0.15144
-1.810893333,-3.673666667,1.862773333,0,3/21/2026 4:15,0.15585
-1.817713333,-3.710333333,1.89262,0,3/21/2026 4:30,0.15078
-0.9126,-2.045666667,1.133066667,0,3/21/2026 4:45,0.15475
1.382576667,-0.004666667,1.387243333,0,3/21/2026 5:00,0.15236
1.322026667,-0.043666667,1.365693333,0,3/21/2026 5:15,0.14708
0,-1.472333333,1.472333333,0,3/21/2026 5:30,0.16534
0,-1.373333333,1.373333333,0,3/21/2026 5:45,0.17066
0,-1.145333333,1.145333333,0,3/21/2026 6:00,0.15433
0,-1.399666667,1.399666667,0,3/21/2026 6:15,0.16011
0,-1.450333333,1.450333333,0,3/21/2026 6:30,0.17
0,-1.025333333,1.025333333,0,3/21/2026 6:45,0.17383
0,-1.488,1.488,0,3/21/2026 7:00,0.17028
0,-0.955333333,0.955333333,0,3/21/2026 7:15,0.16765
0,-0.842,0.842,0,3/21/2026 7:30,0.15328
0,-0.992333333,1.048,0.055666667,3/21/2026 7:45,0.14599
0,-1.051,1.439653333,0.388653333,3/21/2026 8:00,0.14636
-0.067966667,-0.475,1.572713333,1.16568,3/21/2026 8:15,0.13877872
-0.09546,-2.814666667,5.118696667,2.39949,3/21/2026 8:30,0.12837
-0.505883333,-1.325333333,4.33893,3.51948,3/21/2026 8:45,0.12689128
-1.15709,0.374666667,2.586183333,4.11794,3/21/2026 9:00,0.13009525
-2.08468,0.112333333,3.414116667,5.61113,3/21/2026 9:15,0.12823
-6.025033333,0.227333333,0.978086667,7.22062,3/21/2026 9:30,0.12625418
-6.69546,0.002,3.01863,9.71609,3/21/2026 9:45,0.1228
-13.56114333,-0.006,0.697023333,14.04764667,3/21/2026 10:00,0.12816
-13.81255,-0.332333333,1.312583333,14.54565,3/21/2026 10:15,0.09744
-8.554233333,0.029666667,1.881553333,10.44140333,3/21/2026 10:30,0.0769
-8.629553333,0.465,1.675266667,10.76982,3/21/2026 10:45,0.0765
-9.107326667,0.079666667,0.707266667,9.89426,3/21/2026 11:00,0.0631
-7.921483333,0.139,1.136863333,9.197346667,3/21/2026 11:15,0.06532183
-8.948856667,0.523666667,0.832203333,10.30472667,3/21/2026 11:30,0.06322
-9.118173333,-0.578666667,0.822776667,9.362283333,3/21/2026 11:45,0.05
-6.10801,0.192,1.68295,7.98296,3/21/2026 12:00,0.06121
-5.366823333,0.41,2.54042,8.317243333,3/21/2026 12:15,0.08169
-6.6486,1.018333333,2.239896667,9.90683,3/21/2026 12:30,0.0795
-7.150536667,1.365666667,2.112156667,10.62836,3/21/2026 12:45,0.07552
-7.08786,1.692666667,1.90918,10.68970667,3/21/2026 13:00,0.11046
-10.3838,2.934666667,2.388436667,15.70690333,3/21/2026 13:15,0.11407
-15.18369333,4.008,4.591893333,23.78358667,3/21/2026 13:30,0.12035
-7.007806667,3.695333333,7.626636667,18.32977667,3/21/2026 13:45,0.1205
-1.2488,0.787666667,12.61689667,14.65336333,3/21/2026 14:00,0.12098
0,1.282666667,10.16696,11.44962667,3/21/2026 14:15,0.12685
0.2126,0.794,7.043956667,7.625356667,3/21/2026 14:30,0.12802
1.145103333,-0.02,6.721836667,5.556733333,3/21/2026 14:45,0.13073
0,3.131,7.905273333,11.03627333,3/21/2026 15:00,0.12805
0,0.364333333,8.068383333,8.432716667,3/21/2026 15:15,0.12964
0.14181,0.395333333,4.000953333,4.254476667,3/21/2026 15:30,0.1424
0,1.397,4.582176667,5.979176667,3/21/2026 15:45,0.14031
0,2.380333333,8.669313333,11.04964667,3/21/2026 16:00,0.1281
0.25518,1.077,15.26818667,16.09000667,3/21/2026 16:15,0.1383
0,3.747,13.37934,17.12634,3/21/2026 16:30,0.1455
0.481213333,2.075666667,16.289,17.88345333,3/21/2026 16:45,0.17383
0,4.646333333,11.45164667,16.09798,3/21/2026 17:00,0.15719
1.737426667,1.423666667,12.57874,12.26498,3/21/2026 17:15,0.16731
3.00148,1.283666667,10.15207333,8.43426,3/21/2026 17:30,0.17052479
11.41875,-0.004666667,12.41874,0.995323333,3/21/2026 17:45,0.18079479
6.783463333,0.000333333,6.887006667,0.103876667,3/21/2026 18:00,0.17383
9.52386,0.002666667,9.569823333,0.04863,3/21/2026 18:15,0.18275
9.33768,0.019333333,9.354553333,0.036206667,3/21/2026 18:30,0.18286
7.302156667,0.004,7.327713333,0.029556667,3/21/2026 18:45,0.18361
8.981816667,0.001,9.005243333,0.024426667,3/21/2026 19:00,0.196
9.373793333,0.01,9.363793333,0,3/21/2026 19:15,0.19576
9.487596667,0.002666667,9.48493,0,3/21/2026 19:30,0.196
2.582153333,0.116,2.466153333,0,3/21/2026 19:45,0.18316
3.19477,0.018,3.17677,0,3/21/2026 20:00,0.20584
3.247566667,0.006,3.241566667,0,3/21/2026 20:15,0.20584
2.552,-0.021666667,2.573666667,0,3/21/2026 20:30,0.18278
2.940676667,0.001333333,2.939343333,0,3/21/2026 20:45,0.17858
3.21444,0.024666667,3.189773333,0,3/21/2026 21:00,0.186
2.755056667,0.005,2.750056667,0,3/21/2026 21:15,0.18278
2.503656667,0.015,2.488656667,0,3/21/2026 21:30,0.18066
2.293743333,0.015,2.278743333,0,3/21/2026 21:45,0.17383
2.22263,0.010333333,2.212296667,0,3/21/2026 22:00,0.17383
1.76412,-0.004333333,1.768453333,0,3/21/2026 22:15,0.17
1.99768,0.003333333,1.994346667,0,3/21/2026 22:30,0.17066
2.187953333,-0.002333333,2.190286667,0,3/21/2026 22:45,0.16551
2.32217,0.014333333,2.307836667,0,3/21/2026 23:00,0.18278
2.25192,0.006333333,2.245586667,0,3/21/2026 23:15,0.18147
2.38464,0.023333333,2.361306667,0,3/21/2026 23:30,0.18066
1.721826667,0.002333333,1.719493333,0,3/21/2026 23:45,0.17383
1.611426667,0.001333333,1.610093333,0,3/22/2026 0:00,0.17249
1.855973333,0.01,1.845973333,0,3/22/2026 0:15,0.17122
1.632833333,-0.002,1.634833333,0,3/22/2026 0:30,0.17249
1.424746667,0.01,1.414746667,0,3/22/2026 0:45,0.17249
1.204613333,0.001,1.203613333,0,3/22/2026 1:00,0.16579
1.311773333,0.004666667,1.307106667,0,3/22/2026 1:15,0.16233
2.717033333,0.003666667,2.713366667,0,3/22/2026 1:30,0.15786
4.705386667,-0.001666667,4.707053333,0,3/22/2026 1:45,0.1595
4.4828,-0.003,4.4858,0,3/22/2026 2:00,0.15933
4.789106667,0.007333333,4.781773333,0,3/22/2026 2:15,0.15672
1.142236667,-2.957666667,4.099903333,0,3/22/2026 2:30,0.15676
-1.81918,-4.009333333,2.190153333,0,3/22/2026 2:45,0.15544
-1.800673333,-3.974666667,2.173993333,0,3/22/2026 3:00,0.15042
-1.818373333,-4.103333333,2.28496,0,3/22/2026 3:15,0.15706
-0.696286667,-2.479333333,1.783046667,0,3/22/2026 3:30,0.16647
1.997053333,-0.005333333,2.002386667,0,3/22/2026 3:45,0.16605
0.673,-1.219666667,1.892666667,0,3/22/2026 4:00,0.15348
0,-1.979333333,1.979333333,0,3/22/2026 4:15,0.15571
0,-1.650666667,1.650666667,0,3/22/2026 4:30,0.14707
0,-1.387,1.387,0,3/22/2026 4:45,0.15022
0,-1.032666667,1.032666667,0,3/22/2026 5:00,0.15317
0,-1.404333333,1.404333333,0,3/22/2026 5:15,0.15285
0,-1.301666667,1.301666667,0,3/22/2026 5:30,0.15683
0,-1.652333333,1.652333333,0,3/22/2026 5:45,0.15771
0,-1.105,1.105,0,3/22/2026 6:00,0.17249
0,-1.585333333,1.585333333,0,3/22/2026 6:15,0.17249
0,-1.400666667,1.400666667,0,3/22/2026 6:30,0.17249
0,-1.306666667,1.306666667,0,3/22/2026 6:45,0.16253
0,-1.503333333,1.503333333,0,3/22/2026 7:00,0.17078
0,-1.349,1.349,0,3/22/2026 7:15,0.15815
0,-1.346,1.35368,0.00768,3/22/2026 7:30,0.15727
0,-0.607,0.87826,0.27126,3/22/2026 7:45,0.1443
-0.259586667,0.328666667,0.51212,1.100373333,3/22/2026 8:00,0.14999
-0.45226,-0.369333333,1.77281,1.855736667,3/22/2026 8:15,0.14999
-0.798756667,-1.115,3.541693333,3.22545,3/22/2026 8:30,0.13607
-0.856473333,0.139666667,2.521193333,3.517333333,3/22/2026 8:45,0.12731
-1.02452,-0.221666667,3.239793333,4.042646667,3/22/2026 9:00,0.15009
-3.922243333,0.623,1.189943333,5.735186667,3/22/2026 9:15,0.14888
-5.636876667,0.075,1.659143333,7.37102,3/22/2026 9:30,0.14486
-6.331306667,0.916333333,2.22297,9.47061,3/22/2026 9:45,0.14486
-6.307746667,0.647,2.463706667,9.418453333,3/22/2026 10:00,0.14544
-3.22323,0.003,5.10852,8.33475,3/22/2026 10:15,0.1337
-4.370963333,0.813666667,3.499376667,8.684006667,3/22/2026 10:30,0.13076
-6.47073,1.118,1.958866667,9.547596667,3/22/2026 10:45,0.1305
-6.351403333,0.115666667,4.64001,11.10708,3/22/2026 11:00,0.1339
-6.98853,0.345666667,4.64586,11.98005667,3/22/2026 11:15,0.1337
-12.97638,0.156333333,5.707496667,18.84021,3/22/2026 11:30,0.1364
-14.95907333,0.086333333,3.257673333,18.30308,3/22/2026 11:45,0.1364
-16.52784,0.117333333,1.445463333,17.96074667,3/22/2026 12:00,0.14882
-18.82829667,0.366,0,18.80004,3/22/2026 12:15,0.14875
-16.74599667,0.042666667,0,16.50464,3/22/2026 12:30,0.155
-15.97452,0.030333333,0.05125,15.82934667,3/22/2026 12:45,0.14875
-7.49796,2.464,4.70613,14.66809,3/22/2026 13:00,0.14875
-1.712933333,8.987666667,8.300203333,19.00080333,3/22/2026 13:15,0.14869
0,13.52433333,11.82838333,25.35271667,3/22/2026 13:30,0.14776
0,14.37633333,15.3047,29.68103333,3/22/2026 13:45,0.14791
0,12.14166667,13.78080333,25.92247,3/22/2026 14:00,0.14869
0,13.288,13.93033667,27.21833667,3/22/2026 14:15,0.15405
0,2.797333333,11.99743667,14.79477,3/22/2026 14:30,0.15535
0,0.795,13.70559667,14.50059667,3/22/2026 14:45,0.16073
0.08508,1.386,9.55399,10.85491,3/22/2026 15:00,0.1364
0.0567,1.916333333,9.091476667,10.95111,3/22/2026 15:15,0.13428
0,2.966333333,6.90432,9.870653333,3/22/2026 15:30,0.14899
0,4.225666667,6.181746667,10.40741333,3/22/2026 15:45,0.1505
0,2.587666667,9.218583333,11.80625,3/22/2026 16:00,0.15043
0.960853333,1.049666667,11.11623667,11.20505,3/22/2026 16:15,0.15381
0.014176667,0.947666667,9.031523333,9.965013333,3/22/2026 16:30,0.16563
0.636673333,3.073333333,6.703113333,9.139773333,3/22/2026 16:45,0.17574209
0,4.803333333,7.778013333,12.58134667,3/22/2026 17:00,0.1513
0,7.311,4.87593,12.18693,3/22/2026 17:15,0.15774046
1.371426667,1.966,6.952626667,7.5472,3/22/2026 17:30,0.17752954
1.793943333,0.945333333,5.329376667,4.480766667,3/22/2026 17:45,0.19343
0.15583,0.804333333,2.650576667,3.29908,3/22/2026 18:00,0.17249
0,1.009333333,1.274126667,2.28346,3/22/2026 18:15,0.17743
0.113433333,0.686666667,0.753993333,1.327226667,3/22/2026 18:30,0.18489444
0.58083,0.005,0.945663333,0.369833333,3/22/2026 18:45,0.19066
1.272786667,0.181,1.214673333,0.122886667,3/22/2026 19:00,0.19540924
1.271983333,0.002,1.28752,0.017536667,3/22/2026 19:15,0.19019
1.737156667,0.019333333,1.717823333,0,3/22/2026 19:30,0.18944
1.906103333,0.011,1.895103333,0,3/22/2026 19:45,0.18894
2.836723333,0.008666667,2.828056667,0,3/22/2026 20:00,0.196
2.626216667,0.018666667,2.60755,0,3/22/2026 20:15,0.19288
2.415156667,0.016,2.399156667,0,3/22/2026 20:30,0.19016
2.162073333,-0.003666667,2.16574,0,3/22/2026 20:45,0.18016
2.75199,-0.006333333,2.758323333,0,3/22/2026 21:00,0.18836
2.31316,0.006,2.30716,0,3/22/2026 21:15,0.17794
2.099753333,0.011666667,2.088086667,0,3/22/2026 21:30,0.17794
2.363536667,-0.005666667,2.369203333,0,3/22/2026 21:45,0.17587
2.682886667,-0.001,2.683886667,0,3/22/2026 22:00,0.17677095
2.331266667,0.013,2.318266667,0,3/22/2026 22:15,0.17249
1.937573333,-0.002333333,1.939906667,0,3/22/2026 22:30,0.17131
1.97768,0.018,1.95968,0,3/22/2026 22:45,0.15943
2.294183333,0.007333333,2.28685,0,3/22/2026 23:00,0.17689
2.22138,-0.004,2.22538,0,3/22/2026 23:15,0.17077
1.760313333,-0.009666667,1.76998,0,3/22/2026 23:30,0.17587
1.49545,0.003333333,1.492116667,0,3/22/2026 23:45,0.17249
1.104536667,0.005333333,1.099203333,0,3/23/2026 0:00,0.15431
1.56553,0.013333333,1.552196667,0,3/23/2026 0:15,0.15013
1.202216667,0.011666667,1.19055,0,3/23/2026 0:30,0.14981
1.244106667,0.016666667,1.22744,0,3/23/2026 0:45,0.14981
1.048663333,0.001,1.047663333,0,3/23/2026 1:00,0.14981
1.229293333,-0.003666667,1.23296,0,3/23/2026 1:15,0.14981
2.2711,0.001333333,2.269766667,0,3/23/2026 1:30,0.14981
4.531173333,0.001333333,4.52984,0,3/23/2026 1:45,0.14981
4.50375,0.002666667,4.501083333,0,3/23/2026 2:00,0.15038
5.001203333,0.01,4.991203333,0,3/23/2026 2:15,0.15088
4.405933333,0.009,4.396933333,0,3/23/2026 2:30,0.15336
4.211946667,-0.007,4.218946667,0,3/23/2026 2:45,0.15038
4.58265,0.000333333,4.582316667,0,3/23/2026 3:00,0.15404
3.981586667,0.009,3.972586667,0,3/23/2026 3:15,0.15404
1.546413333,0.021333333,1.52508,0,3/23/2026 3:30,0.14981
1.92165,0.013666667,1.907983333,0,3/23/2026 3:45,0.14981
1.934983333,0.010333333,1.92465,0,3/23/2026 4:00,0.14981
2.099693333,0.015666667,2.084026667,0,3/23/2026 4:15,0.15038
1.61247,0.002333333,1.610136667,0,3/23/2026 4:30,0.15249
1.0994,0.005,1.0944,0,3/23/2026 4:45,0.15596678
1.1961,0.002333333,1.193766667,0,3/23/2026 5:00,0.14996957
1.32046,0.019,1.30146,0,3/23/2026 5:15,0.16005
1.028326667,0.011666667,1.01666,0,3/23/2026 5:30,0.17358744
1.055796667,0.015,1.040796667,0,3/23/2026 5:45,0.18
1.12451,0.009666667,1.114843333,0,3/23/2026 6:00,0.17139462
1.234333333,0.015333333,1.219,0,3/23/2026 6:15,0.18835
1.039933333,0.019666667,1.020266667,0,3/23/2026 6:30,0.1931
1.10842,0.012333333,1.096086667,0,3/23/2026 6:45,0.1931
1.259603333,0.004666667,1.254936667,0,3/23/2026 7:00,0.1931
1.147936667,0.001,1.196256667,0.04932,3/23/2026 7:15,0.19009
1.173846667,-0.000333333,1.450793333,0.276613333,3/23/2026 7:30,0.18156632
0.205936667,0.018666667,0.986106667,0.798836667,3/23/2026 7:45,0.1757
-0.654956667,0.219666667,0.946083333,1.80672,3/23/2026 8:00,0.19999
-2.594986667,0.118333333,0.538333333,3.251653333,3/23/2026 8:15,0.17339
-3.92392,0.104333333,0.110653333,4.073656667,3/23/2026 8:30,0.1554
-5.847816667,0.086333333,0,5.55983,3/23/2026 8:45,0.14981
-7.117283333,0.123333333,0,6.811783333,3/23/2026 9:00,0.16456
-8.151766667,0.092666667,0,7.943046667,3/23/2026 9:15,0.14981
-9.67567,0.236333333,0,9.613193333,3/23/2026 9:30,0.14981
-12.24709333,-0.002,0,11.53391,3/23/2026 9:45,0.14711
-14.47699,0.074333333,0,13.63291667,3/23/2026 10:00,0.14981
-16.20213,0.081333333,0,15.2968,3/23/2026 10:15,0.14317
-18.42631333,0.043,0,17.00005333,3/23/2026 10:30,0.13899
-20.19073333,0.040666667,0,18.42838333,3/23/2026 10:45,0.13428
-7.43924,3.706666667,8.15483,19.30073667,3/23/2026 11:00,0.13652
0,15.60266667,5.346676667,20.94934333,3/23/2026 11:15,0.14585
0,16.57466667,5.280213333,21.85488,3/23/2026 11:30,0.14311
0,19.751,2.941236667,22.69223667,3/23/2026 11:45,0.13789
0,19.561,3.765633333,23.32663333,3/23/2026 12:00,0.13428
0,20.487,3.67966,24.16666,3/23/2026 12:15,0.12983
0,22.06933333,2.63756,24.70689333,3/23/2026 12:30,0.12983
0,22.83533333,2.27846,25.11379333,3/23/2026 12:45,0.12983
0,23.226,2.341976667,25.56797667,3/23/2026 13:00,0.12886
0,22.79033333,2.88539,25.67572333,3/23/2026 13:15,0.13359
0,19.89333333,4.266393333,24.15972667,3/23/2026 13:30,0.14508
0,18.006,4.440136667,22.44613667,3/23/2026 13:45,0.14711
0,17.65533333,5.384133333,23.03946667,3/23/2026 14:00,0.14432
0,18.122,4.451903333,22.57390333,3/23/2026 14:15,0.14711
0,19.889,4.102793333,23.99179333,3/23/2026 14:30,0.14938
0,18.305,5.196843333,23.50184333,3/23/2026 14:45,0.14981
-0.014203333,14.719,4.567183333,19.30038667,3/23/2026 15:00,0.14981
0,18.684,2.410006667,21.09400667,3/23/2026 15:15,0.15322
0,20.365,1.53562,21.90062,3/23/2026 15:30,0.15447
0,14.544,4.722003333,19.26600333,3/23/2026 15:45,0.15775319
0,17.95533333,3.436953333,21.39228667,3/23/2026 16:00,0.15722
0,10.542,3.60154,14.14354,3/23/2026 16:15,0.15748
0,1.736333333,4.42242,6.158753333,3/23/2026 16:30,0.165
0,10.68066667,2.361273333,13.04194,3/23/2026 16:45,0.18279
0,10.67233333,2.74897,13.42130333,3/23/2026 17:00,0.17329
0,3.822,3.798543333,7.620543333,3/23/2026 17:15,0.17969948
0,3.917666667,3.634046667,7.551713333,3/23/2026 17:30,0.19599
0.523186667,3.303333333,4.233063333,7.01321,3/23/2026 17:45,0.20936
0.325683333,0.318666667,5.395263333,5.388246667,3/23/2026 18:00,0.20120116
1.876816667,0.008666667,6.261333333,4.393183333,3/23/2026 18:15,0.2205
2.550436667,0.191666667,5.442023333,3.083253333,3/23/2026 18:30,0.23297
5.322986667,0.003,6.90677,1.586783333,3/23/2026 18:45,0.24
6.550056667,0.002666667,7.41685,0.86946,3/23/2026 19:00,0.22371
5.844403333,0.013666667,5.944663333,0.113926667,3/23/2026 19:15,0.22445031
5.75965,0.018,5.762273333,0.020623333,3/23/2026 19:30,0.23297
7.5295,0.023,7.5065,0,3/23/2026 19:45,0.21739633
8.48013,-0.365333333,8.845463333,0,3/23/2026 20:00,0.22
4.739406667,-0.005666667,4.745073333,0,3/23/2026 20:15,0.20961802
2.73879,-0.001333333,2.740123333,0,3/23/2026 20:30,0.19294198
2.849943333,0.008333333,2.84161,0,3/23/2026 20:45,0.18
2.2788,0.02,2.2588,0,3/23/2026 21:00,0.18279
1.5678,0.008666667,1.559133333,0,3/23/2026 21:15,0.18001017
1.651076667,0.016,1.635076667,0,3/23/2026 21:30,0.16259983
2.223433333,0.002,2.221433333,0,3/23/2026 21:45,0.1542
2.264766667,0,2.264766667,0,3/23/2026 22:00,0.15706
2.041446667,0.010666667,2.03078,0,3/23/2026 22:15,0.1542
2.138213333,0.01,2.128213333,0,3/23/2026 22:30,0.1519906
1.998173333,-0.003333333,2.001506667,0,3/23/2026 22:45,0.14773148
2.542256667,-0.007,2.549256667,0,3/23/2026 23:00,0.15295
2.399673333,0.007666667,2.392006667,0,3/23/2026 23:15,0.14981
1.927193333,0.008,1.919193333,0,3/23/2026 23:30,0.14938
1.466433333,0.004333333,1.4621,0,3/23/2026 23:45,0.1379
1.523143333,-0.005683333,1.536943333,0.00016962,3/24/2026 0:00,0.1534
1.43372,-0.072983333,1.509463333,-0.000479315,3/24/2026 0:15,0.1534
1.61401,0.031543333,1.68345,-0.000335531,3/24/2026 0:30,0.1534
1.572626667,-0.008766667,1.664753333,-5.68E-05,3/24/2026 0:45,0.15146
1.372293333,-0.02854,1.37936,3.55E-05,3/24/2026 1:00,0.15245
1.35629,-0.0139,1.365823333,-6.58E-05,3/24/2026 1:15,0.14981
1.43235,0.011766667,1.43326,6.08E-05,3/24/2026 1:30,0.14981
1.524463333,0.12584,1.39361,-0.000591069,3/24/2026 1:45,0.14981
1.452226667,-0.015262447,1.43223,0.000406161,3/24/2026 2:00,0.14981
1.33604,0.002096667,1.331716667,0.000129003,3/24/2026 2:15,0.1534
1.44691,0.006906667,1.43702,0.00012969,3/24/2026 2:30,0.1534
1.578146667,0.006936667,1.581026667,0.000226759,3/24/2026 2:45,0.14981
1.554996667,-0.006613333,1.628526667,3.34E-05,3/24/2026 3:00,0.1534
1.872106667,0.046106667,1.884796667,0.00045288,3/24/2026 3:15,0.15146
1.720863333,-0.003943333,1.74428,-0.000528437,3/24/2026 3:30,0.15225
1.80455,0.014103333,1.770586667,-0.000159396,3/24/2026 3:45,0.14981
1.56494,0.010746667,1.576093333,0.000174672,3/24/2026 4:00,0.14981
1.762126667,0.03058,1.75743,0.000315761,3/24/2026 4:15,0.14981
1.835426667,-0.070793333,1.898116667,-0.00019238,3/24/2026 4:30,0.14981
1.79905,0.019473333,1.78739,-5.28E-05,3/24/2026 4:45,0.14946
1.604526667,-0.01414,1.572573333,-0.000173856,3/24/2026 5:00,0.14981
1.852466667,0.018453333,1.880326667,-0.000177978,3/24/2026 5:15,0.14981
1.84428,0.00827,1.946746667,0.000264866,3/24/2026 5:30,0.14981
1.942673333,0.024566667,1.89117,-0.000609235,3/24/2026 5:45,0.15146
1.651876667,0.00566,1.678623333,-0.000124089,3/24/2026 6:00,0.1534
1.772293333,-0.051256667,1.81602,0.000356699,3/24/2026 6:15,0.16585
1.930293333,-0.029023333,1.849883333,0.01121119,3/24/2026 6:30,0.16848
1.876473333,-0.018153333,1.860066667,0.012666667,3/24/2026 6:45,0.177
1.80094,-0.01383,1.856656667,0.044166667,3/24/2026 7:00,0.17969
1.623843333,4.76E-05,1.920393333,0.23927,3/24/2026 7:15,0.18145
0.952853333,0.0107,1.624543333,0.705193333,3/24/2026 7:30,0.18145
0.31351,-0.04649,2.66021,2.30302,3/24/2026 7:45,0.17969
-2.26724,-0.03682,0.976256667,3.171433333,3/24/2026 8:00,0.19086
-2.895586667,0.187176667,1.171756667,4.351836667,3/24/2026 8:15,0.17118
-3.403856667,0.011813333,1.310896667,4.900796667,3/24/2026 8:30,0.1669
-4.269936667,0.001463333,0.867596667,5.263276667,3/24/2026 8:45,0.1529
-7.600076667,-0.00253,0.460346667,7.522023333,3/24/2026 9:00,0.14981
-11.27818333,0.024216667,0.008118922,10.88740667,3/24/2026 9:15,0.1436
-12.50020333,0.052476667,-0.000397824,12.12906333,3/24/2026 9:30,0.14964
-14.84877,0.052463333,6.86E-05,12.97558,3/24/2026 9:45,0.14455
-16.68729667,0.01227,0.000212421,15.10065,3/24/2026 10:00,0.13118
-17.67639667,0.009133333,0.000107801,16.28805333,3/24/2026 10:15,0.13118
-12.49945,3.224246667,1.960778225,17.58925667,3/24/2026 10:30,0.11773
-0.0439,9.121253333,9.073746667,18.50962,3/24/2026 10:45,0.07131
-0.042436667,9.65056,10.54295667,19.24248333,3/24/2026 11:00,0.11601
-0.04349,10.57585,10.16781333,20.19007333,3/24/2026 11:15,0.1159
-0.027116124,12.14708667,10.07066667,22.82018667,3/24/2026 11:30,0.10475
-0.042366667,12.13182667,9.959106667,22.20135333,3/24/2026 11:45,0.08734
-0.044333333,15.10994333,9.305876667,24.36227,3/24/2026 12:00,0.03083
-0.028444766,18.29671,5.728433333,25.70263,3/24/2026 12:15,0.02720006
-0.028559311,21.19528667,3.557893333,25.1183,3/24/2026 12:30,0.02723821
-0.028723517,20.62809333,5.630376667,25.02089,3/24/2026 12:45,0.031
-0.015774202,16.78788667,4.020853333,22.10966,3/24/2026 13:00,0.02728715
-0.04295,8.03715,5.20726,13.40876333,3/24/2026 13:15,0.04499
-0.028708666,6.793803333,4.470063333,11.1402,3/24/2026 13:30,0.05875913
-0.044026667,19.03549,2.07529,20.39511,3/24/2026 13:45,0.08
-0.043033333,7.02257,5.199473333,12.57627667,3/24/2026 14:00,0.08485
-0.042186667,24.73420333,1.123813333,25.36684,3/24/2026 14:15,0.11143
-0.042033333,19.69321333,3.489916667,23.42305667,3/24/2026 14:30,0.11711
-0.04083,21.52506667,0.794566667,23.54005333,3/24/2026 14:45,0.13101
-0.04375,20.20959333,2.071376667,22.50943,3/24/2026 15:00,0.11631
-0.04305,18.77402,2.192446667,21.55175667,3/24/2026 15:15,0.13077249
-0.028183999,19.25555667,2.074053333,20.63511,3/24/2026 15:30,0.12998
-0.028626267,17.76887,1.995633333,20.98211333,3/24/2026 15:45,0.14293751
-0.042423333,18.64610667,1.332193333,19.29648,3/24/2026 16:00,0.1040521
-0.041853333,14.36056333,4.29597,18.78156667,3/24/2026 16:15,0.13793
-0.04244,13.31957333,4.41068,17.99890333,3/24/2026 16:30,0.14946
-0.04157,14.04046333,2.71427,17.37982333,3/24/2026 16:45,0.15755
-0.042303333,13.0484,2.526303333,15.41322333,3/24/2026 17:00,0.14295105
-0.045146667,6.31667,3.72555,10.16511333,3/24/2026 17:15,0.14981
-0.02860205,5.409246667,3.424093333,8.665256667,3/24/2026 17:30,0.15670895
-0.014728162,3.112476667,3.623686667,6.88123,3/24/2026 17:45,0.17969
0.000363272,0.91916,3.93416,5.053503333,3/24/2026 18:00,0.1581
-0.00024022,1.96419,1.675913333,3.646766667,3/24/2026 18:15,0.17492
-7.30E-05,0.820976667,1.669186667,2.429043333,3/24/2026 18:30,0.18800806
0.169305135,0.122973333,1.482423333,1.447856667,3/24/2026 18:45,0.19575
0.522794176,-0.072113333,1.483483333,0.942553333,3/24/2026 19:00,0.19086
1.468196667,-0.03671,1.844696667,0.36149,3/24/2026 19:15,0.19251
2.173203333,0.00187,2.32216,0.073936667,3/24/2026 19:30,0.19086
2.18812,-0.037303333,2.3668,0.037403333,3/24/2026 19:45,0.18
2.656216667,-0.028496667,2.693223333,0.007626459,3/24/2026 20:00,0.18
2.71684,-0.04918,2.744156667,0.004418188,3/24/2026 20:15,0.17219
1.45405,0.019876667,1.414306667,0.000614084,3/24/2026 20:30,0.16749
1.74349,0.04007,1.74525,0.000271283,3/24/2026 20:45,0.16032
2.209626667,0.08003,2.242396667,0.000384966,3/24/2026 21:00,0.18
2.03771,-0.034976667,2.07187,-1.42E-05,3/24/2026 21:15,0.17
1.975693333,0.048206667,2.01753,-0.000205014,3/24/2026 21:30,0.16
2.049656667,-0.034206667,1.998196667,-6.86E-05,3/24/2026 21:45,0.15125
2.008673333,-0.004936667,2.036003333,-0.000190348,3/24/2026 22:00,0.16
1.93669,-0.011816667,2.008393333,0.000135472,3/24/2026 22:15,0.1521
1.956356667,0.016753333,1.980176667,-8.07E-05,3/24/2026 22:30,0.15426183
1.819366667,0.02675,1.800856667,-0.000193643,3/24/2026 22:45,0.14981
1.189203333,-0.086893333,1.300646667,0.000381461,3/24/2026 23:00,0.15561051
1.38392,-0.04855,1.437666667,0.000187834,3/24/2026 23:15,0.14981
1.218716667,0.015263333,1.14797,-6.46E-05,3/24/2026 23:30,0.14746
1.20991,-0.085226667,1.33242,-0.000360512,3/24/2026 23:45,0.13951949
1.39189,-0.0155,1.438236667,0.000313318,3/25/2026 0:00,0.14421
0.974376667,-0.003058992,1.01442,-8.61E-05,3/25/2026 0:15,0.14396496
0.9975,-0.021643333,1.027913333,0.000382081,3/25/2026 0:30,0.1421
1.462583333,0.160583333,1.283936667,0.000112574,3/25/2026 0:45,0.14151
1.182683333,0.033136667,1.165573333,0.000361264,3/25/2026 1:00,0.13897
0.96171,-0.054636667,1.042666667,1.27E-05,3/25/2026 1:15,0.13896
1.18887,-0.016493333,1.1568,-0.000236385,3/25/2026 1:30,0.13897
1.21839,-0.0701,1.26025,0.000123622,3/25/2026 1:45,0.13893
1.117333333,-0.035256667,1.132726667,-2.40E-05,3/25/2026 2:00,0.13897
1.037096667,0.00335,0.99239,-8.68E-05,3/25/2026 2:15,0.13898
1.102756667,-0.060856667,1.085996667,0.00024791,3/25/2026 2:30,0.13896
1.122746667,0.00184,1.113023333,0.000285913,3/25/2026 2:45,0.13896
1.07813,-0.059273333,1.15119,-0.000247677,3/25/2026 3:00,0.1353
0.98052,0.020613333,0.932436667,-0.000262382,3/25/2026 3:15,0.1353
0.9972,-0.124773333,1.138916667,0.000227488,3/25/2026 3:30,0.13608
1.29307,0.01466,1.300676667,-0.000515762,3/25/2026 3:45,0.13743
1.205246667,0.010513333,1.203123333,-0.000320371,3/25/2026 4:00,0.13751
1.03223,0.000973333,1.013316667,-0.000126636,3/25/2026 4:15,0.1407
1.10236,-0.01267,1.09869,0.000240534,3/25/2026 4:30,0.14001
1.038643333,0.05929,1.04511,2.39E-05,3/25/2026 4:45,0.14218
1.414766667,0.080463333,1.34852,-0.000179107,3/25/2026 5:00,0.14222
0.997213333,-0.004963333,1.012636667,-0.000174936,3/25/2026 5:15,0.14421
1.175543333,0.024693333,1.154256667,8.34E-05,3/25/2026 5:30,0.14725
1.049813333,0.01404,1.047116667,-0.000353387,3/25/2026 5:45,0.15492371
1.215916667,-0.005796667,1.30957,-0.000240737,3/25/2026 6:00,0.1533
0.795156667,-0.00729,0.853533333,4.49E-05,3/25/2026 6:15,0.16531
1.04912,-0.071536667,1.13324,0.002208445,3/25/2026 6:30,0.16545
1.12643,0.001643333,1.158616667,0.011126667,3/25/2026 6:45,0.16917
1.27511,-0.02258,1.35996,0.066916667,3/25/2026 7:00,0.17840588
0.515593333,-0.00514,0.75053,0.217023333,3/25/2026 7:15,0.16917
0.21575,0.015903333,0.76349,0.541163333,3/25/2026 7:30,0.16917
1.461256667,0.014343333,3.663406667,2.20264,3/25/2026 7:45,0.1642
-2.0547,0.241873333,1.061836667,3.413903333,3/25/2026 8:00,0.17605
-2.910483333,0.00854,1.522476667,4.428663333,3/25/2026 8:15,0.16487624
-1.010616667,0.024753333,1.647956667,2.68468,3/25/2026 8:30,0.15001
0.193851885,0.02688,2.688073333,2.61106,3/25/2026 8:45,0.1366
2.398836667,-0.00393,7.100913333,4.585693333,3/25/2026 9:00,0.15880351
-0.057906667,-0.115083333,6.012253333,5.948316667,3/25/2026 9:15,0.13501
-3.678463333,-0.021333333,4.07465,7.59076,3/25/2026 9:30,0.15608
-8.17798,0.01655,3.151446667,11.65503,3/25/2026 9:45,0.14054649
-10.92330667,-0.099276667,2.679466667,12.86755333,3/25/2026 10:00,0.13892
-4.265083333,-0.01781,3.784023333,8.091473333,3/25/2026 10:15,0.13221
-5.196213333,0.006213333,3.772756667,8.740593333,3/25/2026 10:30,0.11863
-7.093543333,0.04353,3.604006667,10.80897,3/25/2026 10:45,0.11154
-10.23284667,0.015233333,2.79725,13.04179,3/25/2026 11:00,0.12219
-10.97714333,-0.05501,3.416323333,14.50869667,3/25/2026 11:15,0.11922
-9.918676667,0.326353333,3.121083333,12.56397,3/25/2026 11:30,0.1176
-9.210906667,1.256393333,6.29902,15.95176333,3/25/2026 11:45,0.10499
-6.973596667,-0.010973333,8.3608,14.99677667,3/25/2026 12:00,0.055
1.94E-05,2.52615,9.024656667,12.13527333,3/25/2026 12:15,0.04499
-6.94E-06,16.27283,11.09430333,27.72036333,3/25/2026 12:30,0.03927
0.000118688,15.33821,11.55514667,27.78236,3/25/2026 12:45,0.036
-4.11E-06,14.33353333,9.90565,24.49695333,3/25/2026 13:00,0.08997
-0.000269209,11.87667,8.20319,20.48520333,3/25/2026 13:15,0.09767
0.000323481,9.040903333,6.54224,16.47491,3/25/2026 13:30,0.10974
0.00049521,9.44331,4.849656667,15.04486333,3/25/2026 13:45,0.1176
0.000153088,15.83822667,1.60916636,16.89163667,3/25/2026 14:00,0.12346
0.000183227,19.34888667,2.364444641,20.49599333,3/25/2026 14:15,0.1319
0.000136593,21.86764333,1.032823553,23.12561667,3/25/2026 14:30,0.1357
-0.000321311,15.37215667,1.606173333,17.10757333,3/25/2026 14:45,0.141
0.000227817,14.46461,2.222643333,16.40726667,3/25/2026 15:00,0.13579
-0.000612479,16.25756,1.927970863,17.97061,3/25/2026 15:15,0.14083
-7.16E-05,8.94417,4.864823333,14.22408333,3/25/2026 15:30,0.14969
0.000387333,1.656233333,5.4763,7.184466667,3/25/2026 15:45,0.16444
-1.595731621,6.274403333,2.553223333,9.626596667,3/25/2026 16:00,0.13584
-0.01286913,4.015333333,3.602123333,7.763353333,3/25/2026 16:15,0.1402
-0.000179839,4.628056667,8.035973333,12.81771333,3/25/2026 16:30,0.14806855
0.000462,7.460193333,5.84708,13.83649333,3/25/2026 16:45,0.18083
-0.00032351,6.151053333,6.00183,12.43336333,3/25/2026 17:00,0.1448
-0.000276507,5.19741,5.99623,11.25939333,3/25/2026 17:15,0.155
0.000746551,3.620756667,6.838653333,10.23728667,3/25/2026 17:30,0.15872678
-0.000293072,5.886566667,3.67215,9.76791,3/25/2026 17:45,0.1819
0.100677749,0.789,7.29374,7.94161,3/25/2026 18:00,0.16228
-0.553296667,-0.084326667,5.399433333,5.891796667,3/25/2026 18:15,0.16528
-2.4696,-0.021193333,1.966201957,4.408413333,3/25/2026 18:30,0.1819
2.765646667,0.017755406,5.127633333,2.28223,3/25/2026 18:45,0.1928
4.856573333,-0.00121,5.523336667,0.813386667,3/25/2026 19:00,0.18823768
5.142143333,-0.03336,5.736693333,0.469946667,3/25/2026 19:15,0.1819
5.74207,0.014003333,6.08286,0.080116667,3/25/2026 19:30,0.17108
6.190813333,0.00567,6.279913333,0.031067162,3/25/2026 19:45,0.16491
4.156613333,0.044743333,4.1328,0.013906667,3/25/2026 20:00,0.17135003
6.277766667,-0.010696667,6.51497,0.003481676,3/25/2026 20:15,0.15812588
3.41692,0.000733333,3.665283333,-5.79E-05,3/25/2026 20:30,0.154
6.450686667,-0.021383333,6.609033333,0.000269885,3/25/2026 20:45,0.15127
3.317113333,-0.029143333,3.32223,-0.000127082,3/25/2026 21:00,0.16992
2.733343333,0.077906667,2.744473333,-0.000484472,3/25/2026 21:15,0.16144382
2.03864,0.01583,1.988603333,-3.72E-05,3/25/2026 21:30,0.15
2.04477,-0.005516673,2.00345,0.000520207,3/25/2026 21:45,0.13244
2.074303333,0.024586667,2.09211,-3.23E-05,3/25/2026 22:00,0.14808
2.074133333,0.00568,2.183693333,0.000117631,3/25/2026 22:15,0.1432
2.005936667,-0.007876667,1.986423333,0.000268048,3/25/2026 22:30,0.14421
2.126663333,0.122916667,2.095463333,0.000201282,3/25/2026 22:45,0.13651
1.81071,0.031373333,1.742213333,0.000292687,3/25/2026 23:00,0.14151
1.839673333,-0.012498524,1.850826667,0.000113973,3/25/2026 23:15,0.13328
1.43829,0.03812,1.436893333,0.000237604,3/25/2026 23:30,0.12746
1.684403333,0.01641,1.603343333,-4.14E-05,3/25/2026 23:45,0.12148
1.28634,0.07485,1.221326667,6.29E-05,3/26/2026 0:00,0.15081
1.686063333,0.008113333,1.66555,6.49E-06,3/26/2026 0:15,0.14898
1.716076667,0.040533333,1.534113333,0.000353903,3/26/2026 0:30,0.14083
1.40106,-0.007156667,1.43152,0.00019893,3/26/2026 0:45,0.1337
1.08149,0.00724,1.06118,-0.000531767,3/26/2026 1:00,0.1325
1.16989,-0.08942,1.268266667,0.000104397,3/26/2026 1:15,0.13208
1.30428,0.054003333,1.197193333,6.30E-05,3/26/2026 1:30,0.12823
1.214576667,-0.032676667,1.241906667,-0.00012519,3/26/2026 1:45,0.12719
1.10712,-0.075397991,1.12613,-0.000378589,3/26/2026 2:00,0.12955
1.378713333,0.0165,1.369943333,-0.000121131,3/26/2026 2:15,0.13031
1.16215,-0.066996667,1.195706667,0.000534008,3/26/2026 2:30,0.12955
1.18172,0.026416667,1.20732,-0.000201571,3/26/2026 2:45,0.12879
1.229976667,0.02179,1.226233333,0.000273009,3/26/2026 3:00,0.1241
1.396553333,0.035876667,1.391343333,9.75E-05,3/26/2026 3:15,0.12551
1.089,0.01877,0.993793333,0.000150303,3/26/2026 3:30,0.1241
1.121213333,0.03268,1.11302,0.000127568,3/26/2026 3:45,0.12341
1.044663333,-0.060016667,1.100346667,-7.15E-05,3/26/2026 4:00,0.12294
1.3422,-0.055496667,1.408726667,-0.000347545,3/26/2026 4:15,0.1207
0.88499,-0.017753333,0.897776667,-8.26E-05,3/26/2026 4:30,0.1241
1.046026667,-0.029096667,1.060133333,-0.000676293,3/26/2026 4:45,0.12342
1.09486,-0.00248,1.126553333,0.000419256,3/26/2026 5:00,0.1274
1.199533333,0.05377,1.12702,-0.000271748,3/26/2026 5:15,0.13208
1.212676667,-0.002666667,1.220453333,2.79E-05,3/26/2026 5:30,0.12747
1.308026667,0.076366667,1.252886667,-0.000318449,3/26/2026 5:45,0.1467
0.986693333,0.028483333,0.943683333,-0.000138343,3/26/2026 6:00,0.1426
1.208126667,0.032686667,1.160996667,-0.000185759,3/26/2026 6:15,0.15081
1.068046667,0.022796667,1.11449,0.010553333,3/26/2026 6:30,0.15602
1.25389,0.002226667,1.29125,0.01955,3/26/2026 6:45,0.167
0.92494,-0.064606667,1.062426667,0.07044,3/26/2026 7:00,0.15147046
0.90799,-0.00957,1.077786667,0.131096667,3/26/2026 7:15,0.155
2.101873333,-0.03635,2.604146667,0.614636667,3/26/2026 7:30,0.15437
0.79648,-0.23178,3.028393333,2.150666667,3/26/2026 7:45,0.15297
-2.08784,-0.05837,1.224823333,3.148666667,3/26/2026 8:00,0.17298
0.24596,0.08448,4.49292,4.400276667,3/26/2026 8:15,0.17333
-2.433233333,-0.00254,2.78923,5.474563333,3/26/2026 8:30,0.17298
-3.537053333,0.016376667,3.521246667,7.06876,3/26/2026 8:45,0.17298
-4.360673333,-0.05308,3.831063333,8.33891,3/26/2026 9:00,0.19015
0.086593333,-0.021533333,3.59988,3.537756667,3/26/2026 9:15,0.18926
0.288,0.01866,3.707066667,3.616553333,3/26/2026 9:30,0.18089
0.220116667,-0.05215,4.01568,3.563663333,3/26/2026 9:45,0.17298
-7.903583333,-0.010350943,3.418216667,11.20170667,3/26/2026 10:00,0.18089
-10.98760333,0.00142,2.105683333,13.01405,3/26/2026 10:15,0.15602
-17.52343,0.006436667,0.043600211,17.28356,3/26/2026 10:30,0.15081
-15.08126333,-0.028623333,2.39424,18.11223667,3/26/2026 10:45,0.15081
-16.73568667,0.036566667,2.699246667,18.96413,3/26/2026 11:00,0.15999
-18.30778,0.047863145,1.650426667,19.12934333,3/26/2026 11:15,0.15602
-19.54175,-0.065326667,1.77347,21.18820333,3/26/2026 11:30,0.15602
-8.10809,7.002406667,6.803763333,22.79843,3/26/2026 11:45,0.15081
-0.042786667,9.387893333,13.39581667,23.88293,3/26/2026 12:00,0.16028
-0.04264,11.59125,12.96524,25.06503667,3/26/2026 12:15,0.15602
-0.028357206,7.040733333,11.14216667,17.20422333,3/26/2026 12:30,0.15081
0.791379645,0.83572,12.03185667,12.11800667,3/26/2026 12:45,0.15081
1.676526667,-0.08008,9.07488,7.72732,3/26/2026 13:00,0.15081
-1.591096667,5.221633333,5.825686667,13.34695,3/26/2026 13:15,0.15081
-0.042833333,1.415183333,9.3387,10.91347333,3/26/2026 13:30,0.15602
-0.04318,12.96843667,9.01146,21.2057,3/26/2026 13:45,0.15602
-0.040866667,3.272246667,7.02241,10.72333,3/26/2026 14:00,0.15602
-0.04242,15.66824667,3.935563333,19.16211,3/26/2026 14:15,0.1619
-0.043296667,16.94189333,3.11469,20.78602,3/26/2026 14:30,0.166
-0.013630666,13.53025333,1.969925547,14.65402,3/26/2026 14:45,0.17298
0.000280198,22.38882,1.061543333,22.1694,3/26/2026 15:00,0.15602
0.000323277,19.55246,0.50903352,20.24087333,3/26/2026 15:15,0.16494
0.000355501,16.97879667,1.98379,20.49003333,3/26/2026 15:30,0.17298
1.92E-05,10.32330333,6.25053,16.53298,3/26/2026 15:45,0.17298
2.70E-05,10.39278667,8.08042,18.07505333,3/26/2026 16:00,0.17298
0.000145229,10.69489,8.437683333,18.87613,3/26/2026 16:15,0.17298
0.107223333,0.125643333,8.161666667,8.624063333,3/26/2026 16:30,0.17298
3.78E-05,9.81226,4.97160268,15.36504667,3/26/2026 16:45,0.18089
-0.000200996,9.67995,3.611653333,12.82761333,3/26/2026 17:00,0.15374
-0.779016667,-0.108213333,4.630788908,4.938316667,3/26/2026 17:15,0.16082
-0.54918,3.732923333,3.811852721,6.795336667,3/26/2026 17:30,0.167
-2.078769159,1.493516667,3.047353333,6.412213333,3/26/2026 17:45,0.1765
1.62623,-0.00549,4.550506667,2.686246667,3/26/2026 18:00,0.15602
2.502773333,0.005033333,4.9112,2.10506,3/26/2026 18:15,0.167
3.131883333,0.040463333,7.325763333,4.130186667,3/26/2026 18:30,0.167
4.920236667,-0.023866667,7.743863333,2.628826667,3/26/2026 18:45,0.18089
3.913823333,-0.011556667,6.12411,2.001873333,3/26/2026 19:00,0.17298
5.069633333,-0.02092,5.572273333,0.79261,3/26/2026 19:15,0.17298
6.019946667,0.18078,5.85536,0.126086667,3/26/2026 19:30,0.18042
5.181586667,0.002396667,5.163866667,0.0441,3/26/2026 19:45,0.167
4.949493333,-0.006396667,4.979586667,0.007326667,3/26/2026 20:00,0.17298
4.95608,-0.00677,4.832193333,0.005280993,3/26/2026 20:15,0.167
5.255253333,-0.027193333,4.935516667,-9.00E-05,3/26/2026 20:30,0.1608
5.0979,0.02996,5.389793333,2.57E-05,3/26/2026 20:45,0.15876
4.94768,-0.013196667,4.902116667,-0.000150666,3/26/2026 21:00,0.17298
6.320356667,-0.018036667,6.281986667,-0.000205757,3/26/2026 21:15,0.17298
5.22394,-0.028566667,5.187393333,-9.04E-05,3/26/2026 21:30,0.167
5.72667,-0.031173333,5.360066667,-0.000322726,3/26/2026 21:45,0.15081
5.03716,0.003793333,5.110003333,-0.000220784,3/26/2026 22:00,0.15602
5.11521,0.00874,5.328463333,-5.79E-06,3/26/2026 22:15,0.13985
5.397743333,0.027483333,5.33218,0.000225567,3/26/2026 22:30,0.155
5.33986,-0.003576667,5.610463333,-5.85E-05,3/26/2026 22:45,0.14193
5.645386667,-0.02846,5.601346667,-0.00022571,3/26/2026 23:00,0.15602
5.16076,0.002256667,5.2278,-0.000600099,3/26/2026 23:15,0.15081
5.183166667,-0.01561,5.012183333,2.48E-06,3/26/2026 23:30,0.13902
5.15144,-0.02025,5.216313333,-0.000188693,3/26/2026 23:45,0.1337
4.816013333,-0.003546667,5.015343333,0.000172789,3/27/2026 0:00,0.159
4.856326667,-0.00105,4.87835,-7.31E-05,3/27/2026 0:15,0.14814
4.584543333,-0.004296667,4.568086667,0.00037912,3/27/2026 0:30,0.14528
4.875646667,0.01204,5.006166667,8.46E-05,3/27/2026 0:45,0.14394
4.573763333,-0.00893,4.774163333,0.000236713,3/27/2026 1:00,0.1496
4.42914,0.03288,4.40156,-7.84E-05,3/27/2026 1:15,0.14398
4.35032,-0.02301,4.465166667,4.97E-05,3/27/2026 1:30,0.14394
1.669266667,-3.236453333,4.506583333,-0.000471972,3/27/2026 1:45,0.14288
-0.040323333,-4.435553333,4.42662,-2.45E-05,3/27/2026 2:00,0.14355
-0.039163333,-4.936816667,4.878833333,0.000531095,3/27/2026 2:15,0.14288
-0.042443333,-4.735396667,4.6495,-0.000118435,3/27/2026 2:30,0.14288
-0.040653333,-4.93957,4.643443333,0.000154952,3/27/2026 2:45,0.14288
-0.03968,-4.590783333,4.49884,0.000101593,3/27/2026 3:00,0.14288
-0.027833226,-4.743276667,4.842426667,-8.05E-05,3/27/2026 3:15,0.14288
-0.04073,-4.348656667,4.37625,0.000163391,3/27/2026 3:30,0.14288
0.000271538,-4.9366,4.973876667,0.00026021,3/27/2026 3:45,0.14288
-0.028845589,-4.53454,4.64027,-0.000318394,3/27/2026 4:00,0.14288
-0.04091,-4.870783333,4.914743333,-0.000466018,3/27/2026 4:15,0.14288
-0.03951,-4.70931,4.426773333,0.000297329,3/27/2026 4:30,0.14288
-0.027080566,-4.597626667,4.842483333,0.000119396,3/27/2026 4:45,0.14288
-0.015110701,-4.75647,5.054433333,-0.000136684,3/27/2026 5:00,0.14072897
-0.040786667,-4.72585,4.63054,-0.000469223,3/27/2026 5:15,0.1424
-0.027686931,-2.30971,2.272553333,6.17E-05,3/27/2026 5:30,0.14420867
-0.04025,-1.297403333,1.265433333,-0.000395217,3/27/2026 5:45,0.15306236
-0.038036667,-2.57018,2.65502,0.000106702,3/27/2026 6:00,0.15219658
-0.04042,-4.59029,4.652813333,0.000154385,3/27/2026 6:15,0.1686604
-0.040333333,-4.33567,4.563486667,0.002145166,3/27/2026 6:30,0.17870082
-0.04066,-5.05823,4.89787,0.007736667,3/27/2026 6:45,0.18968321
-0.04092,-4.349376667,4.47472,0.095716667,3/27/2026 7:00,0.20327535
-0.041196667,-4.793453333,4.749313333,0.22507,3/27/2026 7:15,0.19091
-0.028115402,-5.0583,5.444036667,0.75062,3/27/2026 7:30,0.17055465
-0.04113,-5.97947,7.790016667,1.958303333,3/27/2026 7:45,0.15926
-0.040956667,-2.385646667,5.143446667,3.093626667,3/27/2026 8:00,0.19383431
-0.04021,-0.62314,5.112036667,4.743376667,3/27/2026 8:15,0.1579
-0.362893333,-0.216703333,5.399186667,5.716953333,3/27/2026 8:30,0.1494
-1.241466667,0.059,5.673533333,7.163666667,3/27/2026 8:45,0.14308
-4.754086667,-0.045973333,3.665213333,8.609146667,3/27/2026 9:00,0.16674
-6.909476667,0.025953333,2.683743333,9.982563333,3/27/2026 9:15,0.152
-7.211183333,0.00261,2.9744,9.97237,3/27/2026 9:30,0.14288
-9.079176667,0.019696667,2.147013333,10.79843667,3/27/2026 9:45,0.14288
-11.94319,0.037906667,3.326576667,15.35899333,3/27/2026 10:00,0.15176
-13.08931333,-0.011313333,2.309906667,16.48252333,3/27/2026 10:15,0.14288
-10.84575333,0.05928,4.594543333,15.24968667,3/27/2026 10:30,0.14288
-15.18291667,-0.121006667,2.577076667,18.04460333,3/27/2026 10:45,0.14288
-17.27113,0.02448,1.695803333,18.43018,3/27/2026 11:00,0.14288
-18.28372333,0.02108,1.276336667,20.47562667,3/27/2026 11:15,0.14288
-21.38401,-0.02396,0.289620976,21.17374333,3/27/2026 11:30,0.14288
-12.84609333,5.795513333,3.145795062,21.57743,3/27/2026 11:45,0.1395
-5.344376667,4.456996667,12.27002,22.17303,3/27/2026 12:00,0.14094
-0.04305,13.32725667,9.039503333,22.20138333,3/27/2026 12:15,0.13842
-0.043183333,12.68052,10.33961,23.70958,3/27/2026 12:30,0.13349
-0.042346667,13.73924,10.31372,22.54233333,3/27/2026 12:45,0.1335
-0.04236,10.59218667,9.64884,20.68311,3/27/2026 13:00,0.13949
-0.0427,13.29349333,6.703883333,19.46114333,3/27/2026 13:15,0.14288
-0.043716667,16.04624333,6.71761,22.52049667,3/27/2026 13:30,0.14288
-0.04262,15.57111333,4.897573333,19.34035333,3/27/2026 13:45,0.14288
-0.029380678,14.55277333,3.286873333,17.88717333,3/27/2026 14:00,0.14288
-0.041996667,15.27306,1.762486667,16.71707333,3/27/2026 14:15,0.14288
-0.042,14.47699,1.533776667,14.99811,3/27/2026 14:30,0.14549
-0.042943333,10.50991667,1.699856667,12.28051667,3/27/2026 14:45,0.1478
-0.041923333,17.56854333,1.27469138,19.05173333,3/27/2026 15:00,0.14288
-0.04409,17.71885,1.374956169,18.86579667,3/27/2026 15:15,0.14423
-0.04443,19.17352667,0.531609568,19.01811667,3/27/2026 15:30,0.14549
-0.040463333,17.26380667,1.187657854,18.26787333,3/27/2026 15:45,0.1478
-0.042683333,17.82398,0.675347996,17.74856333,3/27/2026 16:00,0.14549
-0.041803333,15.60432,0.726811296,15.90048667,3/27/2026 16:15,0.14622
-0.041923333,14.18356667,1.29944056,14.85833,3/27/2026 16:30,0.14903
-0.042656667,13.47731,0.820586667,14.51894667,3/27/2026 16:45,0.15926
-0.043546667,8.158026667,1.476103333,9.689166667,3/27/2026 17:00,0.155
-0.04489,7.741716667,2.213146667,9.968776667,3/27/2026 17:15,0.16242
-0.044263333,3.875423333,3.433263333,7.153536667,3/27/2026 17:30,0.16674
-0.028015291,2.49211,3.07424,5.623643333,3/27/2026 17:45,0.17106
0.359772062,0.8571,2.962356667,3.332243333,3/27/2026 18:00,0.16674
0.000159205,1.898926667,0.912293333,2.8088,3/27/2026 18:15,0.17897
0.000229667,1.032516667,1.467676667,2.315383333,3/27/2026 18:30,0.17942
-0.041526667,2.40295,1.026093333,3.58176,3/27/2026 18:45,0.20933
0.000502771,1.43251,0.656666667,2.117676667,3/27/2026 19:00,0.19091
0.528950366,0.20742,1.13152,0.787233333,3/27/2026 19:15,0.17942
1.349616667,0.007136667,1.616596667,0.23869,3/27/2026 19:30,0.18293
1.86567,-0.01392,2.005296667,0.071353333,3/27/2026 19:45,0.16674
2.175733333,0.057766667,2.296433333,0.02086,3/27/2026 20:00,0.17355
1.911596667,0.049166667,1.85213,0.011970329,3/27/2026 20:15,0.15305426
1.49645,-0.0062,1.576603333,-0.000448556,3/27/2026 20:30,0.1518
1.743816667,0.0029,1.817096667,0.000327829,3/27/2026 20:45,0.15173
2.024926667,0.025436667,1.975426667,-0.000489369,3/27/2026 21:00,0.17897
2.868713333,0.521996667,2.23335,0.00031837,3/27/2026 21:15,0.17793
2.756926667,0.004356667,2.776963333,0.000497603,3/27/2026 21:30,0.16382
2.060076667,-0.03372,1.99482,5.76E-05,3/27/2026 21:45,0.14288
2.033056667,-0.10296,2.18691,-0.000329438,3/27/2026 22:00,0.1599
1.94353,0.028633333,1.918783333,-4.91E-05,3/27/2026 22:15,0.15926
1.96721,0.01107,1.96206,-0.000449112,3/27/2026 22:30,0.15036
1.667633333,-0.043196667,1.70488,0.000541544,3/27/2026 22:45,0.1478
1.270713333,-0.070106667,1.300743333,6.25E-05,3/27/2026 23:00,0.15149
1.45326,-0.083733333,1.525223333,-0.000154964,3/27/2026 23:15,0.15021
1.36132,0.037336667,1.346593333,0.00015209,3/27/2026 23:30,0.14622
1.657773333,0.01097,1.667883333,0.000174565,3/27/2026 23:45,0.14288
1.17244,0.016626667,1.17615,0.00040544,3/28/2026 0:00,0.16259
1.197193333,-0.00825,1.170556667,-3.45E-05,3/28/2026 0:15,0.15814
1.42471,0.014151031,1.343263333,2.85E-05,3/28/2026 0:30,0.15006
1.16985,-0.01143,1.192083333,-0.00046631,3/28/2026 0:45,0.14603
1.11667,-0.016856667,1.163853333,0.000608374,3/28/2026 1:00,0.1596
0.938213333,0.026306667,0.997043333,-0.000207595,3/28/2026 1:15,0.14113
1.436243333,0.015383333,1.394313333,0.000258959,3/28/2026 1:30,0.1415
0.93611,-0.045963333,1.014706667,0.000650995,3/28/2026 1:45,0.13829
1.208876667,0.072806667,1.10911,-4.88E-05,3/28/2026 2:00,0.146
1.01965,0.013656667,1.01768,-0.000380592,3/28/2026 2:15,0.146
1.086536667,0.00488,1.15602,-0.000241105,3/28/2026 2:30,0.145
1.183846667,-0.004116667,1.179243333,-6.80E-06,3/28/2026 2:45,0.14197
1.063093333,0.07066,0.95943,-4.26E-05,3/28/2026 3:00,0.1415
1.13134,-0.052223333,1.21257,-0.000300598,3/28/2026 3:15,0.14079
1.06059,-0.10494,1.151946667,-3.67E-05,3/28/2026 3:30,0.1401
1.144673333,0.044233333,1.13703,-0.000659095,3/28/2026 3:45,0.1385
1.039833333,-0.011063333,1.003806667,-3.51E-05,3/28/2026 4:00,0.13829
1.04769,0.026853333,0.989453333,-0.000393066,3/28/2026 4:15,0.13829
1.15198,0.017336667,1.132686667,0.000346769,3/28/2026 4:30,0.13829
1.08919,-0.000653333,1.0911,-9.55E-05,3/28/2026 4:45,0.13829
1.183316667,0.011306667,1.194543333,-0.000219715,3/28/2026 5:00,0.13829
1.052026667,0.082103333,0.953636667,-0.000106311,3/28/2026 5:15,0.13829
1.07563,0.036296667,1.107433333,-0.000104163,3/28/2026 5:30,0.13829
1.157593333,-0.03062,1.207733333,-0.000472252,3/28/2026 5:45,0.13829
1.02635,-0.023283333,0.987926667,0.000138206,3/28/2026 6:00,0.13829
1.08048,0.051046667,1.064603333,0.000115282,3/28/2026 6:15,0.145
1.01118,-0.018883333,1.056223333,0.005767225,3/28/2026 6:30,0.14851
1.027146667,-0.045316667,1.099166667,0.02302,3/28/2026 6:45,0.1486
0.96976,0.079743333,1.027676667,0.093863333,3/28/2026 7:00,0.16259
0.55108,-0.056403333,0.878316667,0.322286667,3/28/2026 7:15,0.14834
1.78193,0.14404,2.86603,1.249413333,3/28/2026 7:30,0.1415
0.460106667,-0.51197,3.529693333,2.540326667,3/28/2026 7:45,0.13829
-0.639796667,0.129806667,1.215023333,1.936253333,3/28/2026 8:00,0.16326
-0.754773333,-0.0086,1.51266,2.33034,3/28/2026 8:15,0.14177
-3.487276667,0.287923333,0.83868,4.351986667,3/28/2026 8:30,0.13829
-6.36944,-0.608616667,1.942678002,7.611056667,3/28/2026 8:45,0.13708
-3.855103333,-0.036796667,4.932496667,8.503583333,3/28/2026 9:00,0.13829
-4.694443333,-0.016756667,5.24298,9.48608,3/28/2026 9:15,0.13829
-7.014376667,0.02037,3.840313333,10.46384667,3/28/2026 9:30,0.1352
-10.6242,0.025243333,2.625566667,13.47479333,3/28/2026 9:45,0.11569
-13.95434,0.00458,1.057486015,14.72816,3/28/2026 10:00,0.08764
-14.93823667,-0.044113333,0.000150117,14.54148,3/28/2026 10:15,0.075
-13.81958667,-0.017166667,0.941463893,13.94206333,3/28/2026 10:30,0.0619
-1.550923333,8.429716667,6.51053,17.44103333,3/28/2026 10:45,0.04775
-0.043546667,10.85826,7.352563333,16.98011333,3/28/2026 11:00,0.034
-0.0134313,5.514753333,6.219133333,11.09444,3/28/2026 11:15,0.033
-0.000348708,3.102923333,7.472443333,10.15165333,3/28/2026 11:30,0.03
0.00066579,2.257553333,7.358246667,10.13492,3/28/2026 11:45,0.023
0.000198748,3.970383333,8.299326667,12.49583,3/28/2026 12:00,0.0226
-0.000149332,10.92953,6.833623333,17.68073333,3/28/2026 12:15,0.01684
-0.00092007,9.140756667,7.823113333,16.83114333,3/28/2026 12:30,0.02062
6.19E-05,16.55635667,6.56908,24.29741667,3/28/2026 12:45,0.01994
-9.79E-05,16.23289333,8.402746667,24.67027,3/28/2026 13:00,0.01825
-1.821893333,15.83971333,6.446766667,23.05665333,3/28/2026 13:15,0.01825
-0.043256667,16.65330333,6.81113,23.98556,3/28/2026 13:30,0.01922
-0.04316,16.52153333,7.308983333,23.29951333,3/28/2026 13:45,0.01922
-0.04376,16.63364,6.5122,23.86447667,3/28/2026 14:00,0.02018
-0.04213,19.72966667,4.532765145,22.70806667,3/28/2026 14:15,0.02359
-0.04195,17.98906,2.342783333,20.67161333,3/28/2026 14:30,0.025
-0.04015,19.46139333,0.603028242,20.08337333,3/28/2026 14:45,0.02734
-0.043293333,15.60239,0.579874566,16.19277,3/28/2026 15:00,0.0564
-0.042476667,17.27229,1.189710755,19.17074,3/28/2026 15:15,0.07148
-0.04284,18.43961667,0.726317119,19.43664,3/28/2026 15:30,0.075
-0.04294,6.378896667,2.137176667,8.396966667,3/28/2026 15:45,0.08356
-0.042623333,15.08183,0.991468322,15.69210667,3/28/2026 16:00,0.12392
-0.041683333,8.024096667,5.68813,14.29227667,3/28/2026 16:15,0.1352
-0.000329838,2.614523333,6.151253333,8.882823333,3/28/2026 16:30,0.13829
0.134956493,0.902089818,6.053613333,6.542136667,3/28/2026 16:45,0.16259
-5.26E-05,11.67478667,3.549350003,14.81865,3/28/2026 17:00,0.13428
-0.363046974,1.400756667,5.502883333,6.935903333,3/28/2026 17:15,0.14787
-0.014365313,2.06394,4.526886667,6.227436667,3/28/2026 17:30,0.1518
0.000374043,2.07274,4.346826667,6.257883333,3/28/2026 17:45,0.15899
0.381544121,1.675746667,6.010263333,6.992876667,3/28/2026 18:00,0.15004
-0.000310989,3.93533,2.346691621,6.077746667,3/28/2026 18:15,0.15758
1.386048295,2.620956667,2.643292242,3.765176667,3/28/2026 18:30,0.16719
3.12011,0.017193333,4.454336667,1.284793333,3/28/2026 18:45,0.17619
4.37654,0.000443333,5.36609,0.945586667,3/28/2026 19:00,0.1702
3.170653333,0.02328,3.57403,0.234653333,3/28/2026 19:15,0.17451
5.948926667,-0.005596667,6.25677,0.07151,3/28/2026 19:30,0.17148
6.210256667,-0.022976667,6.391273333,0.017249913,3/28/2026 19:45,0.16966
6.899533333,0.00785,6.711296667,0.007736667,3/28/2026 20:00,0.16179
3.19834,0.01748,3.134983333,0.00422615,3/28/2026 20:15,0.15728
2.524576667,-0.040836667,2.486363333,-0.000504355,3/28/2026 20:30,0.15279
3.628823333,0.003726667,3.646346667,3.93E-05,3/28/2026 20:45,0.14929
3.38995,0.013473333,3.43528,8.43E-05,3/28/2026 21:00,0.1518
2.32845,0.01791,2.214966667,-0.000130656,3/28/2026 21:15,0.14932
2.7646,-0.00395,2.628983333,-4.85E-05,3/28/2026 21:30,0.14811
2.311706667,-0.008543333,2.427016667,-0.000149446,3/28/2026 21:45,0.14001
2.686926667,0.01278,2.73082,0.000271039,3/28/2026 22:00,0.14932
2.336663333,-0.03831,2.42678,-0.000134947,3/28/2026 22:15,0.14811
3.097196667,0.09685,3.086493333,-6.32E-05,3/28/2026 22:30,0.13829
2.827686667,-0.050846429,3.003613333,0.000108387,3/28/2026 22:45,0.13829
1.98041,-0.063963333,2.0918,-0.000175971,3/28/2026 23:00,0.13829
1.88983,0.041803333,1.866173333,0.000397196,3/28/2026 23:15,0.1366
1.700896667,-0.029936667,1.705603333,-0.000520323,3/28/2026 23:30,0.1306
1.54926,0.01658,1.63331,3.61E-05,3/28/2026 23:45,0.12509
1.587456667,0.004786667,1.57786,0.000385593,3/29/2026 0:00,0.17628
2.351476667,-0.02023,2.388086667,-8.12E-05,3/29/2026 0:15,0.17017
1.984003333,0.064333333,1.885343333,-0.000388355,3/29/2026 0:30,0.16682
1.728946667,0.014913333,1.604103333,1.41E-05,3/29/2026 0:45,0.16201
1.324816667,0.068623333,1.245703333,-0.000140302,3/29/2026 1:00,0.1586
1.37749,0.00857,1.38035,9.61E-05,3/29/2026 1:15,0.14941
1.428523333,-0.00148,1.3782,-0.000170176,3/29/2026 1:30,0.1384
1.44175,0.07153,1.347436667,-0.000311242,3/29/2026 1:45,0.12651
1.06175,-0.069666667,1.14408,-0.000676529,3/29/2026 2:00,0.15613
1.116133333,0.015176667,1.03637,-8.40E-05,3/29/2026 2:15,0.12363
1.13251,0.015916667,1.107296667,-0.000114547,3/29/2026 2:30,0.12603
1.20583,-0.004266667,1.194766667,0.00011176,3/29/2026 2:45,0.13049
1.239686667,0.006986667,1.235696667,0.000236962,3/29/2026 3:00,0.13128
1.281,-0.052636667,1.376986667,0.000426433,3/29/2026 3:15,0.1384
1.44126,0.010126667,1.45315,-0.00048821,3/29/2026 3:30,0.1384
1.042706667,-0.029443333,1.114473333,-0.000331916,3/29/2026 3:45,0.1384
1.288453333,0.051896667,1.222253333,3.59E-05,3/29/2026 4:00,0.12381
1.082206667,-0.110836667,1.185806667,-0.000123172,3/29/2026 4:15,0.13848
1.150006667,-0.024607938,1.146446667,-0.000357092,3/29/2026 4:30,0.14479
1.185963333,0.013006667,1.15971,-0.000263504,3/29/2026 4:45,0.15
1.032313333,-0.010236667,1.03136,-0.000131501,3/29/2026 5:00,0.16162
1.457576667,0.02965,1.348416667,-0.000204972,3/29/2026 5:15,0.16682
1.53662,-0.04998,1.55058,0.000515965,3/29/2026 5:30,0.17017
1.39331,0.006230297,1.38676,-0.000134164,3/29/2026 5:45,0.16779
1.18557,0.036366667,1.093473333,-0.000420888,3/29/2026 6:00,0.16385
0.989683333,-0.005013333,0.993776667,-0.000347472,3/29/2026 6:15,0.17943
1.355156667,-0.013353333,1.305106667,0.005750424,3/29/2026 6:30,0.17872
1.104206667,-0.044173333,1.283413333,0.010728838,3/29/2026 6:45,0.17628
1.269166667,0.077806667,1.18806,0.033676565,3/29/2026 7:00,0.13614
0.802693333,-0.025665606,0.893296667,0.106013333,3/29/2026 7:15,0.14485
0.8417,-0.039556667,1.322606667,0.470193333,3/29/2026 7:30,0.17017
0.042586667,-0.007973333,0.891396667,0.879713333,3/29/2026 7:45,0.16748
-0.153549561,0.08118,1.036786667,1.254593333,3/29/2026 8:00,0.17017
1.07546,-0.01686,3.027683333,1.95865,3/29/2026 8:15,0.15395
-0.253153333,-0.90056,4.37768,3.583366667,3/29/2026 8:30,0.13516
-3.712516667,-0.00102,1.71626,5.542283333,3/29/2026 8:45,0.12112
-0.659463333,-0.077646667,4.975996667,5.33261,3/29/2026 9:00,0.12106
-1.47571,0.02853,4.024003333,5.592346667,3/29/2026 9:15,0.12106
-3.102449817,0.090686667,2.468003333,5.486983333,3/29/2026 9:30,0.1168
-3.60812,-0.01568,3.33571,7.062003333,3/29/2026 9:45,0.1144
-6.028953333,-0.02266,1.81425,7.6621,3/29/2026 10:00,0.065
-6.646666667,-0.029556667,1.817796667,8.334716667,3/29/2026 10:15,0.05603
-6.288876667,0.050173333,2.289676667,8.63114,3/29/2026 10:30,0.048
-5.54738,-0.019456667,1.62279,7.501566667,3/29/2026 10:45,0.05297688
-8.08999,0.04214,1.872533333,9.914266667,3/29/2026 11:00,0.05
-10.18246667,0.015583333,0.806546667,11.97997,3/29/2026 11:15,0.05
-12.99817,-0.001143333,-0.000297881,12.70364333,3/29/2026 11:30,0.048
-11.55896,0.016366667,0.144871913,12.07703333,3/29/2026 11:45,0.03603
-11.65492667,-0.01391,0.380035562,12.56426,3/29/2026 12:00,0.03618
-11.64424333,-0.014836667,0.062326748,11.76443333,3/29/2026 12:15,0.035
-15.05757,-0.0604,0.605842456,15.47861,3/29/2026 12:30,0.02599
-7.404906667,1.365343333,8.293783333,17.03993,3/29/2026 12:45,0.02599
-0.014646253,2.367613333,10.23920667,12.3421,3/29/2026 13:00,0.018
-0.000219136,1.32803,9.80591,11.59578,3/29/2026 13:15,0.01796
-8.49E-05,1.4647,10.7306,11.7435,3/29/2026 13:30,0.0177
0.207917811,-0.011746667,9.550626667,9.67203,3/29/2026 13:45,0.0177
0.085094089,0.571083333,7.023146667,7.673656667,3/29/2026 14:00,0.014
-0.00031609,2.654406667,5.00856,7.4383,3/29/2026 14:15,0.0165
1.07465,0.008673333,7.44466,6.178336667,3/29/2026 14:30,0.00865
0.081853333,2.438956667,4.803876667,7.03134,3/29/2026 14:45,0.00878567
-0.042643333,3.681556667,4.270196667,8.33011,3/29/2026 15:00,0.00992
-0.041483333,2.1013,7.570256667,9.77789,3/29/2026 15:15,0.015
-0.04202,2.893593333,7.125816667,10.47987,3/29/2026 15:30,0.02508658
-0.04278,6.583923333,3.746698098,9.862143333,3/29/2026 15:45,0.048
-0.043873333,10.48094333,-4.63E-05,9.977106667,3/29/2026 16:00,0.03025
-0.04259,8.415293333,1.832350555,9.96884,3/29/2026 16:15,0.08467159
-0.040283333,7.3345,1.89919171,8.956736667,3/29/2026 16:30,0.11829
-0.041973333,8.60508,3.27E-05,8.87603,3/29/2026 16:45,0.13603569
-0.042633333,7.859916667,1.424128964,9.05686,3/29/2026 17:00,0.128
-0.02825045,7.15743,4.153896863,11.51019667,3/29/2026 17:15,0.13674
2.41066,0.034703333,8.704566667,6.35974,3/29/2026 17:30,0.13856
-0.413819171,0.749526667,8.502913333,9.721336667,3/29/2026 17:45,0.15406
4.927946667,-0.06281,12.66460667,7.62388,3/29/2026 18:00,0.15303
1.923283333,-0.508106667,7.880746667,5.60883,3/29/2026 18:15,0.17628
-0.04335,0.019373333,5.555036667,5.592313333,3/29/2026 18:30,0.1805
5.943696667,-0.023836667,9.676383333,3.916983333,3/29/2026 18:45,0.18641
5.0117,-0.017986667,5.91197,0.814116667,3/29/2026 19:00,0.18368
6.060233333,0.023403333,6.65576,0.438196667,3/29/2026 19:15,0.17943
6.20086,-0.009446667,6.553093333,0.105006667,3/29/2026 19:30,0.18061
6.269576667,0.023656667,6.364846667,0.007406445,3/29/2026 19:45,0.17628
6.24963,-0.008346667,5.992113333,0.022333333,3/29/2026 20:00,0.18963
6.868066667,0.012056667,6.89066,0.008823273,3/29/2026 20:15,0.18641
6.19517,-0.04068,5.941413333,-2.81E-06,3/29/2026 20:30,0.18747
2.36665,0.023353333,2.347196667,9.54E-05,3/29/2026 20:45,0.18641
2.206023333,-0.01701,2.177986667,1.19E-05,3/29/2026 21:00,0.18641
2.047393333,0.006276667,2.05115,-0.000116421,3/29/2026 21:15,0.18641
2.24506,0.077563333,2.093713333,-0.000252988,3/29/2026 21:30,0.17811
2.0631,0.064736667,1.99392,0.000215311,3/29/2026 21:45,0.16982
1.98075,-0.026606667,1.994783333,0.000285471,3/29/2026 22:00,0.1384
2.031496667,0.002347867,2.021853333,-0.000276794,3/29/2026 22:15,0.1518
2.121213333,0.023236667,2.060746667,0.000340598,3/29/2026 22:30,0.1353
1.740903333,0.03889,1.70507,0.000160449,3/29/2026 22:45,0.129
1.52506,0.031963333,1.47674,-0.000239746,3/29/2026 23:00,0.129
1.542723333,-0.000803333,1.607266667,3.38E-05,3/29/2026 23:15,0.129
1.50179,0.008053333,1.517213333,-0.000246607,3/29/2026 23:30,0.129
1.421996667,-0.013716667,1.427663333,-0.000430912,3/29/2026 23:45,0.129
1.682313333,0.133356667,1.552586667,-0.000207001,3/30/2026 0:00,0.14555
1.23232,-0.056233333,1.29704,0.000342656,3/30/2026 0:15,0.12196
1.238176667,0.064477823,1.17278,-3.98E-05,3/30/2026 0:30,0.12103
1.531743333,0.032503333,1.479433333,0.000220941,3/30/2026 0:45,0.11787
1.07286,-0.031623333,1.091336667,-0.000580403,3/30/2026 1:00,0.12003
1.06665,-0.09221,1.14117,-0.00015441,3/30/2026 1:15,0.11792
1.078646667,0.002783333,1.025053333,6.59E-05,3/30/2026 1:30,0.12582
1.302043333,0.022143333,1.369783333,-1.47E-05,3/30/2026 1:45,0.12532
0.956663333,-0.014426667,1.00961,-4.50E-05,3/30/2026 2:00,0.11797
1.296333333,0.02105,1.280836667,0.000630379,3/30/2026 2:15,0.12483
1.25154,-0.01282,1.24948,-1.59E-05,3/30/2026 2:30,0.12538
1.32055,0.006453333,1.357333333,-0.000309203,3/30/2026 2:45,0.12303
1.466613333,-0.0864,1.473496667,1.78E-05,3/30/2026 3:00,0.12238
1.431706667,0.03334,1.425223333,-0.000123783,3/30/2026 3:15,0.12212
1.07892,0.00662,1.11191,2.98E-05,3/30/2026 3:30,0.12215
1.180786667,-0.02246,1.149176667,0.000183885,3/30/2026 3:45,0.12362
1.61109,-0.015012636,1.542616667,0.000278651,3/30/2026 4:00,0.11799
1.099793333,0.033103333,1.038923333,0.000351749,3/30/2026 4:15,0.11799
1.13223,0.006346667,1.07499,-0.000336906,3/30/2026 4:30,0.1213
1.253496667,0.024806667,1.251513333,-0.000207204,3/30/2026 4:45,0.12647
1.017686667,0.058813333,0.9927,-0.000118175,3/30/2026 5:00,0.12222
1.104876667,-0.01781,1.17754,0.000151465,3/30/2026 5:15,0.1327
1.228066667,0.021676667,1.188753333,0.000127187,3/30/2026 5:30,0.13855
1.169423333,-0.029606667,1.14918,0.000523831,3/30/2026 5:45,0.15996
1.021726667,-0.008893333,1.02929,-0.000241399,3/30/2026 6:00,0.14597
1.10305,-0.04886,1.115246667,0.000398812,3/30/2026 6:15,0.14903
1.262243333,0.03747,1.237876667,0.00047002,3/30/2026 6:30,0.16642
1.35035,0.015083333,1.402303333,0.012311555,3/30/2026 6:45,0.1783
1.101116667,-0.0273,1.258106667,0.14674,3/30/2026 7:00,0.16642
3.67682,0.0334,4.0875,0.343143333,3/30/2026 7:15,0.175
2.15999,-0.016383333,3.236023333,0.871213333,3/30/2026 7:30,0.17943
1.818916667,-0.042326667,4.638243333,2.757786667,3/30/2026 7:45,0.18379497
0.831113333,0.022576667,4.66007,3.888663333,3/30/2026 8:00,0.19896
-2.860346667,-0.076913333,2.411893333,5.060236667,3/30/2026 8:15,0.18816
-2.8379,0.18821,3.401956667,6.525993333,3/30/2026 8:30,0.18502
-4.999063333,0.20723,2.48821,7.861826667,3/30/2026 8:45,0.1783
-2.27812,-0.20803,6.531523333,8.70738,3/30/2026 9:00,0.175
-3.783653333,-0.008043333,6.30936,10.19680667,3/30/2026 9:15,0.15996
-6.2991,-0.07476,5.22706,11.68407333,3/30/2026 9:30,0.16682
-10.59418,0.05787,3.104473333,13.94674333,3/30/2026 9:45,0.15996
-12.34786667,0.228373333,2.37928,14.81531333,3/30/2026 10:00,0.15772
-16.01009333,-0.14137,0.370519158,16.09999333,3/30/2026 10:15,0.14786
-16.98033333,0.033116667,0.147941975,17.01009333,3/30/2026 10:30,0.13982
-18.17887,0.053433333,0.00041777,17.96260667,3/30/2026 10:45,0.135
-19.44229667,-0.50712,0.839582692,18.83043333,3/30/2026 11:00,0.153
-19.64071667,-0.187526667,0.420597993,19.70294667,3/30/2026 11:15,0.13896
-5.481646667,7.338223333,8.146563333,21.68795333,3/30/2026 11:30,0.13825
-0.057123333,10.99446,11.19255333,21.23475667,3/30/2026 11:45,0.1342
-0.074956667,12.42738,10.67166,23.69999667,3/30/2026 12:00,0.13428
-0.042556667,12.36521,10.17916333,24.08038,3/30/2026 12:15,0.13022734
-0.04307,13.12489,9.914426667,23.28618,3/30/2026 12:30,0.1234
-0.042406667,10.36809,11.76702667,22.81408333,3/30/2026 12:45,0.11772
-0.04262,13.27171,10.29051333,22.64253,3/30/2026 13:00,0.12424
-0.042933333,15.14632333,8.109793333,23.24806,3/30/2026 13:15,0.12843212
-0.041896667,15.66597333,7.37459,23.32697333,3/30/2026 13:30,0.1284302
-0.04358,13.14544667,5.316893333,17.87401,3/30/2026 13:45,0.13076293
-0.042223333,13.18579,3.661726667,16.51541667,3/30/2026 14:00,0.13619
-0.029534965,14.61524667,2.950517976,17.61050333,3/30/2026 14:15,0.13761
-0.043186667,17.82567333,1.059743206,18.48074333,3/30/2026 14:30,0.141
-0.042603333,12.61520667,1.62687,13.90119,3/30/2026 14:45,0.14452
-0.04374,10.62268,2.600243333,13.65788,3/30/2026 15:00,0.12345
-0.042086667,13.65657333,1.90044,15.67204667,3/30/2026 15:15,0.13311228
-0.04119,16.51067667,1.3968,18.06171,3/30/2026 15:30,0.13699772
-0.042516667,13.71338333,1.16903,16.62846667,3/30/2026 15:45,0.14452
-0.041893333,14.04502667,1.939106667,16.54561333,3/30/2026 16:00,0.13633
-0.04362,15.34806,0.722259149,16.92344333,3/30/2026 16:15,0.14452
-0.043223333,12.29337667,0.896313383,12.77500667,3/30/2026 16:30,0.14682
-0.041556667,12.47407333,1.148498049,13.47202667,3/30/2026 16:45,0.15084
-0.027808716,11.91277,0.74533704,12.55651667,3/30/2026 17:00,0.14489
-0.027537174,7.16925,1.62093,9.052163333,3/30/2026 17:15,0.14933
0.000330421,8.276513333,1.18459,9.854663333,3/30/2026 17:30,0.15735
0.00021976,4.549096667,1.86777,6.790403333,3/30/2026 17:45,0.17639768
-0.029121985,4.5622,1.95229,6.421693333,3/30/2026 18:00,0.16682
-0.04158,3.437023333,1.994133333,5.33585,3/30/2026 18:15,0.16642
-0.0429,2.00138,2.445473333,4.667323333,3/30/2026 18:30,0.18158352
0.241916667,0.566276667,3.385633333,3.60485,3/30/2026 18:45,0.20517648
-0.000146645,1.12969,1.619626667,2.57941,3/30/2026 19:00,0.18418
0.288651078,0.371273333,0.677023333,0.783046667,3/30/2026 19:15,0.18502
0.77516,0.00874,0.92342,0.16787,3/30/2026 19:30,0.19672
0.827736667,-0.007573333,0.896676667,0.038753333,3/30/2026 19:45,0.18752
0.802783333,-0.017283333,0.85373,0.02271,3/30/2026 20:00,0.19044
0.848616667,0.018323333,0.83212,0.018243333,3/30/2026 20:15,0.18502
0.839763333,-0.005133333,0.86751,-0.000242219,3/30/2026 20:30,0.18502
1.743413333,-0.3246,2.073753333,0.000217812,3/30/2026 20:45,0.1783
4.28014,-0.006996667,4.321866667,-0.000128641,3/30/2026 21:00,0.19519
4.491003333,-0.00654,4.587233333,-0.000457588,3/30/2026 21:15,0.18481
3.366506667,0.004223333,3.27552,-8.33E-05,3/30/2026 21:30,0.175
2.854616667,-0.010703333,2.956123333,0.000250523,3/30/2026 21:45,0.165
2.71314,0.017783333,2.63572,0.000392062,3/30/2026 22:00,0.16399
2.4744,-0.014316667,2.5659,-0.00056423,3/30/2026 22:15,0.15996
2.373446667,-0.000103333,2.363836667,0.000333959,3/30/2026 22:30,0.16
2.380313333,0.010576667,2.427826667,8.08E-05,3/30/2026 22:45,0.15
2.39484,0.0266,2.34558,0.000170283,3/30/2026 23:00,0.159
2.435976667,0.035526667,2.308613333,-0.000101942,3/30/2026 23:15,0.15
2.15174,0.019323333,2.099646667,1.38E-05,3/30/2026 23:30,0.15
2.009123333,-0.00096,2.095143333,0.00010757,3/30/2026 23:45,0.14682
1.45097,0.053876667,1.47956,-0.000364892,3/31/2026 0:00,0.14945
1.31994,-0.002473333,1.258583333,-2.71E-05,3/31/2026 0:15,0.14593
1.397603333,0.004173333,1.416536667,-0.000105403,3/31/2026 0:30,0.14545
0.8904,-0.02745,0.924246667,0.000264491,3/31/2026 0:45,0.14421
0.772826667,0.003806667,0.728236667,0.000243817,3/31/2026 1:00,0.14606
0.775666667,0.00384,0.78387,0.000145303,3/31/2026 1:15,0.14428
0.850453333,-0.021343333,0.88053,0.000751758,3/31/2026 1:30,0.14421
0.880833333,0.015133333,0.863476667,0.000288567,3/31/2026 1:45,0.14421
0.79757,-0.020953333,0.799233333,0.000136804,3/31/2026 2:00,0.1416
0.77555,0.010583333,0.74832,0.000423579,3/31/2026 2:15,0.14179
0.804213333,-0.000993333,0.8134,-7.91E-05,3/31/2026 2:30,0.1416
0.8697,-0.006439984,0.85514,-0.000349749,3/31/2026 2:45,0.1416
0.837263333,-0.015126667,0.82752,-6.95E-05,3/31/2026 3:00,0.14615
0.853346667,0.002806667,0.815766667,-0.000264868,3/31/2026 3:15,0.14421
0.879656667,-0.0144,0.917606667,0.000159814,3/31/2026 3:30,0.1461
0.75475,-0.020433333,0.76923,-4.43E-06,3/31/2026 3:45,0.14362
0.907556667,-0.001476807,0.912663333,0.000194929,3/31/2026 4:00,0.1416
0.9049,-0.024903333,0.893466667,0.000202863,3/31/2026 4:15,0.1416
0.762106667,0.009777797,0.756363333,-0.000374161,3/31/2026 4:30,0.1416
0.820973333,-0.008826667,0.884343333,2.45E-05,3/31/2026 4:45,0.1416
0.78633,0.02444,0.781016667,-0.000552015,3/31/2026 5:00,0.14609
0.80373,-0.027863333,0.8198,-0.000112655,3/31/2026 5:15,0.1463
0.841396667,-0.003946667,0.847483333,-3.66E-06,3/31/2026 5:30,0.1416
0.7831,0.005116667,0.78438,-0.000353983,3/31/2026 5:45,0.1416
0.814813333,0.037783333,0.824906667,-0.000363413,3/31/2026 6:00,0.1416
0.797046667,-0.020186667,0.782866667,0.001460457,3/31/2026 6:15,0.15884
0.83829,-0.00486,0.842443333,0.004233768,3/31/2026 6:30,0.16648
0.80827,0.000356667,0.881133333,0.036170802,3/31/2026 6:45,0.17802858
0.497836667,-0.05399,0.737623333,0.15907,3/31/2026 7:00,0.17787
0.124523333,-0.016266667,0.668733333,0.504243333,3/31/2026 7:15,0.18071
-1.347193333,-0.06319,0.520386667,1.825673333,3/31/2026 7:30,0.2005
-2.659176667,0.081666667,0.40997,2.95869,3/31/2026 7:45,0.21145
-2.27745,0.04297,0.392606667,2.661496667,3/31/2026 8:00,0.2029
-4.790483333,0.047433333,0.16000353,4.889306667,3/31/2026 8:15,0.18851
-7.40793,0.024006667,0.037000556,7.25404,3/31/2026 8:30,0.21145
-7.950466667,0.008903333,0.083409469,8.03443,3/31/2026 8:45,0.19519
-6.51007,-0.060556732,2.690373333,9.03044,3/31/2026 9:00,0.2021
-8.121683333,-0.014125051,2.48031,10.78117667,3/31/2026 9:15,0.19
-9.905803333,0.04773,2.11755,12.4814,3/31/2026 9:30,0.18071
-12.83465333,-0.02222,1.84743,14.31640667,3/31/2026 9:45,0.17787
-13.87768,1.221653333,0.863696999,15.96510333,3/31/2026 10:00,0.16572
-0.0445,13.80653667,3.457283333,17.10190333,3/31/2026 10:15,0.16648
-0.043333333,16.01458333,1.985173333,17.54012333,3/31/2026 10:30,0.155
-0.056263333,17.94276,0.993063333,19.62732667,3/31/2026 10:45,0.15884
-0.04132,19.49599,0.796076667,20.50276,3/31/2026 11:00,0.15768
-0.042846667,20.39808667,0.746178673,21.41610333,3/31/2026 11:15,0.14698
-0.042366667,20.74427667,1.313646619,22.62999333,3/31/2026 11:30,0.14223
-0.043113333,21.76042333,0.653272699,23.14371333,3/31/2026 11:45,0.144
-0.041756667,23.60921667,0.403829167,23.02148667,3/31/2026 12:00,0.14378
-0.041983333,22.74578333,0.715340137,23.59198667,3/31/2026 12:15,0.1416
-0.043386667,25.02678,0.370071197,23.55053,3/31/2026 12:30,0.13951
-0.040363333,25.99879,0.33233016,24.50168,3/31/2026 12:45,0.1308
-0.043,25.88582667,0.000127206,26.00849333,3/31/2026 13:00,0.13249265
-0.042296667,23.24471,0.696186667,24.98483,3/31/2026 13:15,0.13444602
-0.045256667,25.89913667,-0.000181626,22.98678,3/31/2026 13:30,0.1347
-0.042863333,25.11945667,-0.000300346,23.96742,3/31/2026 13:45,0.13497
-0.04222,28.2594,0.000210018,24.52790667,3/31/2026 14:00,0.13128
-0.043326667,26.51687,0.00035523,24.38167,3/31/2026 14:15,0.1308
-0.040733333,27.15212667,7.56E-05,23.94029333,3/31/2026 14:30,0.13344
-0.04159,24.47658333,0.000365907,22.68648667,3/31/2026 14:45,0.13951
-0.028999708,24.96270333,-0.000123881,21.66393333,3/31/2026 15:00,0.1305
-0.040976667,22.04368667,-1.88E-05,20.99209333,3/31/2026 15:15,0.13361
-0.042723333,22.11065,-5.13E-05,20.53654667,3/31/2026 15:30,0.1308
-0.01440797,22.50816333,8.57E-05,18.97664,3/31/2026 15:45,0.12452
-0.043136667,20.24407,-0.000247054,18.04018667,3/31/2026 16:00,0.13683
-0.043383333,18.79342667,-2.73E-05,17.67033667,3/31/2026 16:15,0.13795
-0.041546667,17.14309667,-0.00036838,15.26966333,3/31/2026 16:30,0.13951
-0.029079139,15.62750667,-8.63E-05,14.72806,3/31/2026 16:45,0.1416
-0.042916667,12.4997,0.399616667,12.93077333,3/31/2026 17:00,0.1416
-0.04423,10.56748333,0.348833333,11.42173,3/31/2026 17:15,0.1416
-0.042973333,8.833153333,0.788346667,9.56137,3/31/2026 17:30,0.15014
-0.042246667,7.939206667,0.317776493,7.901806667,3/31/2026 17:45,0.16327541
-0.044066667,6.669846667,-0.000207653,6.622356667,3/31/2026 18:00,0.15007
-0.042443333,4.437176667,1.234889021,5.666296667,3/31/2026 18:15,0.15311
-0.056366667,4.27462,0.648535978,4.61058,3/31/2026 18:30,0.16599014
-0.04158,3.592723333,0.013164292,3.6207,3/31/2026 18:45,0.1802
-0.027594652,2.01426,0.623293333,2.599183333,3/31/2026 19:00,0.17195
0.416178434,0.327026667,0.95339,0.873826667,3/31/2026 19:15,0.17571284
0.95238,-0.027346667,1.09441,0.185703333,3/31/2026 19:30,0.17787
1.13829,-0.05152,1.300406667,0.07,3/31/2026 19:45,0.18116
1.388926667,-0.039063333,1.495083333,0.045916667,3/31/2026 20:00,0.18071
1.129416667,0.017803333,1.10965,0.01835,3/31/2026 20:15,0.1783
1.188523333,-0.014763333,1.213123333,0.000626672,3/31/2026 20:30,0.17821
2.389333333,-0.23636,2.600083333,0.00020415,3/31/2026 20:45,0.17758
4.907233333,0.009586667,4.898616667,0.000447264,3/31/2026 21:00,0.208
5.0111,-0.691746667,5.57384,-0.000141406,3/31/2026 21:15,0.175
5.013283333,-0.043536865,4.705456667,0.00016545,3/31/2026 21:30,0.17148
3.829306667,0.03923,3.97467,-1.95E-05,3/31/2026 21:45,0.16082987
2.057133333,0.028673333,1.972486667,0.000214859,3/31/2026 22:00,0.17195
2.11373,0.01915,2.01194,0.000107235,3/31/2026 22:15,0.1613043
2.008066667,0.015456667,2.004263333,0.000374646,3/31/2026 22:30,0.15295
2.098083333,0.053076667,1.918856667,-0.000625763,3/31/2026 22:45,0.14993
1.866676667,-0.01585,1.85501,-0.000316326,3/31/2026 23:00,0.15488
1.775913333,0.04322,1.813,7.11E-05,3/31/2026 23:15,0.15289
1.713533333,-0.019646667,1.696026667,0.000240403,3/31/2026 23:30,0.14996
1.52889,0.027583333,1.48995,0.000187571,3/31/2026 23:45,0.14227
