Period,Timestamp,load,predicted,Delta (kW),Absolute Error (kW),Squared Error,Error (%)
Apr-25,2025-04-01T00:00:00,0.3,0.307,0.007,0.007,0.000049,2.33%
Apr-25,2025-04-01T00:15:00,0.28,0.298,0.018,0.018,0.000324,6.27%
Apr-25,2025-04-01T00:30:00,0.3,0.301,0.001,0.001,0.000001,0.34%
Apr-25,2025-04-01T00:45:00,0.3,0.306,0.006,0.006,0.000036,1.86%
Apr-25,2025-04-01T01:00:00,0.31,0.305,-0.005,0.005,0.000025,1.54%
Apr-25,2025-04-01T01:15:00,0.31,0.305,-0.005,0.005,0.000025,1.77%
Apr-25,2025-04-01T01:30:00,0.3,0.3,0,0,0,0.05%
Apr-25,2025-04-01T01:45:00,0.29,0.293,0.003,0.003,0.000009,0.97%
Apr-25,2025-04-01T02:00:00,0.27,0.268,-0.002,0.002,0.000004,0.76%
Apr-25,2025-04-01T02:15:00,0.27,0.27,0,0,0,0.10%
Apr-25,2025-04-01T02:30:00,0.3,0.295,-0.005,0.005,0.000025,1.70%
Apr-25,2025-04-01T02:45:00,0.28,0.288,0.008,0.008,0.000064,2.68%
Apr-25,2025-04-01T03:00:00,0.31,0.305,-0.005,0.005,0.000025,1.55%
Apr-25,2025-04-01T03:15:00,0.31,0.304,-0.006,0.006,0.000036,1.88%
Apr-25,2025-04-01T03:30:00,0.31,0.305,-0.005,0.005,0.000025,1.72%
Apr-25,2025-04-01T03:45:00,0.31,0.303,-0.007,0.007,0.000049,2.24%
Apr-25,2025-04-01T04:00:00,0.3,0.298,-0.002,0.002,0.000004,0.58%
Apr-25,2025-04-01T04:15:00,0.32,0.31,-0.01,0.01,0.0001,3.01%
Apr-25,2025-04-01T04:30:00,1.85,1.695,-0.155,0.155,0.024025,8.37%
Apr-25,2025-04-01T04:45:00,2.08,2.138,0.058,0.058,0.003364,2.79%
Apr-25,2025-04-01T05:00:00,1.58,1.584,0.004,0.004,0.000016,0.25%
Apr-25,2025-04-01T05:15:00,0.31,0.314,0.004,0.004,0.000016,1.36%
Apr-25,2025-04-01T05:30:00,0.32,0.327,0.007,0.007,0.000049,2.31%
Apr-25,2025-04-01T05:45:00,0.31,0.321,0.011,0.011,0.000121,3.62%
Apr-25,2025-04-01T06:00:00,0.29,0.307,0.017,0.017,0.000289,5.86%
Apr-25,2025-04-01T06:15:00,0.29,0.286,-0.004,0.004,0.000016,1.25%
Apr-25,2025-04-01T06:30:00,0.27,0.275,0.005,0.005,0.000025,1.88%
Apr-25,2025-04-01T06:45:00,0.27,0.272,0.002,0.002,0.000004,0.66%
Apr-25,2025-04-01T07:00:00,0.3,0.306,0.006,0.006,0.000036,2.12%
Apr-25,2025-04-01T07:15:00,0.91,1.034,0.124,0.124,0.015376,13.67%
Apr-25,2025-04-01T07:30:00,0.53,0.465,-0.065,0.065,0.004225,12.34%
Apr-25,2025-04-01T07:45:00,1.26,1.015,-0.245,0.245,0.060025,19.44%
Apr-25,2025-04-01T08:00:00,0.54,0.474,-0.066,0.066,0.004356,12.21%
Apr-25,2025-04-01T08:15:00,0.55,0.428,-0.122,0.122,0.014884,22.11%
Apr-25,2025-04-01T08:30:00,1.43,1.1,-0.33,0.33,0.1089,23.08%
Apr-25,2025-04-01T08:45:00,0.33,0.562,0.232,0.232,0.053824,70.32%
Apr-25,2025-04-01T09:00:00,0.92,0.754,-0.166,0.166,0.027556,18.02%
Apr-25,2025-04-01T09:15:00,1.55,1.051,-0.499,0.499,0.249001,32.19%
Apr-25,2025-04-01T09:30:00,1.59,1.253,-0.337,0.337,0.113569,21.19%
Apr-25,2025-04-01T09:45:00,0.65,0.629,-0.021,0.021,0.000441,3.24%
Apr-25,2025-04-01T10:00:00,0.96,0.929,-0.031,0.031,0.000961,3.19%
Apr-25,2025-04-01T10:15:00,1.18,1.214,0.034,0.034,0.001156,2.86%
Apr-25,2025-04-01T10:30:00,1.51,1.146,-0.364,0.364,0.132496,24.09%
Apr-25,2025-04-01T10:45:00,0.5,0.73,0.23,0.23,0.0529,46.10%
Apr-25,2025-04-01T11:00:00,4.13,3.433,-0.697,0.697,0.485809,16.89%
Apr-25,2025-04-01T11:15:00,4.39,4.322,-0.068,0.068,0.004624,1.56%
Apr-25,2025-04-01T11:30:00,4.71,5.206,0.496,0.496,0.246016,10.54%
Apr-25,2025-04-01T11:45:00,5.4,5.026,-0.374,0.374,0.139876,6.93%
Apr-25,2025-04-01T12:00:00,5.69,5.928,0.238,0.238,0.056644,4.18%
Apr-25,2025-04-01T12:15:00,3.26,4.396,1.136,1.136,1.290496,34.84%
Apr-25,2025-04-01T12:30:00,3.89,3.611,-0.279,0.279,0.077841,7.18%
Apr-25,2025-04-01T12:45:00,4.06,4.533,0.473,0.473,0.223729,11.64%
Apr-25,2025-04-01T13:00:00,5.51,4.272,-1.238,1.238,1.532644,22.47%
Apr-25,2025-04-01T13:15:00,5.68,5.141,-0.539,0.539,0.290521,9.48%
Apr-25,2025-04-01T13:30:00,4.87,5.028,0.158,0.158,0.024964,3.25%
Apr-25,2025-04-01T13:45:00,3.8,4.137,0.337,0.337,0.113569,8.87%
Apr-25,2025-04-01T14:00:00,4.05,3.755,-0.295,0.295,0.087025,7.29%
Apr-25,2025-04-01T14:15:00,3.77,4.12,0.35,0.35,0.1225,9.27%
Apr-25,2025-04-01T14:30:00,4.6,3.976,-0.624,0.624,0.389376,13.56%
Apr-25,2025-04-01T14:45:00,3.88,4.14,0.26,0.26,0.0676,6.71%
Apr-25,2025-04-01T15:00:00,3.31,3.411,0.101,0.101,0.010201,3.04%
Apr-25,2025-04-01T15:15:00,3.34,3.017,-0.323,0.323,0.104329,9.68%
Apr-25,2025-04-01T15:30:00,2.37,3.078,0.708,0.708,0.501264,29.87%
Apr-25,2025-04-01T15:45:00,2.8,2.579,-0.221,0.221,0.048841,7.91%
Apr-25,2025-04-01T16:00:00,2.54,2.307,-0.233,0.233,0.054289,9.19%
Apr-25,2025-04-01T16:15:00,2.43,2.178,-0.252,0.252,0.063504,10.39%
Apr-25,2025-04-01T16:30:00,2.27,2.065,-0.205,0.205,0.042025,9.04%
Apr-25,2025-04-01T16:45:00,1.59,1.793,0.203,0.203,0.041209,12.79%
Apr-25,2025-04-01T17:00:00,1.47,1.215,-0.255,0.255,0.065025,17.35%
Apr-25,2025-04-01T17:15:00,1.15,1.098,-0.052,0.052,0.002704,4.51%
Apr-25,2025-04-01T17:30:00,0.95,1.047,0.097,0.097,0.009409,10.20%
Apr-25,2025-04-01T17:45:00,0.82,0.862,0.042,0.042,0.001764,5.13%
Apr-25,2025-04-01T18:00:00,0.7,0.715,0.015,0.015,0.000225,2.21%
Apr-25,2025-04-01T18:15:00,1.87,1.529,-0.341,0.341,0.116281,18.22%
Apr-25,2025-04-01T18:30:00,0.7,0.581,-0.119,0.119,0.014161,17%
Apr-25,2025-04-01T18:45:00,0.48,0.415,-0.065,0.065,0.004225,13.49%
Apr-25,2025-04-01T19:00:00,0.43,0.509,0.079,0.079,0.006241,18.36%
Apr-25,2025-04-01T19:15:00,0.39,0.49,0.1,0.1,0.01,25.60%
Apr-25,2025-04-01T19:30:00,0.34,0.478,0.138,0.138,0.019044,40.51%
Apr-25,2025-04-01T19:45:00,0.37,0.367,-0.003,0.003,0.000009,0.72%
Apr-25,2025-04-01T20:00:00,0.3,0.332,0.032,0.032,0.001024,10.61%
Apr-25,2025-04-01T20:15:00,0.3,0.306,0.006,0.006,0.000036,2.08%
Apr-25,2025-04-01T20:30:00,0.29,0.297,0.007,0.007,0.000049,2.56%
Apr-25,2025-04-01T20:45:00,0.29,0.29,0,0,0,0.17%
Apr-25,2025-04-01T21:00:00,0.26,0.267,0.007,0.007,0.000049,2.60%
Apr-25,2025-04-01T21:15:00,0.26,0.263,0.003,0.003,0.000009,1.15%
Apr-25,2025-04-01T21:30:00,0.5,0.485,-0.015,0.015,0.000225,3.06%
Apr-25,2025-04-01T21:45:00,0.37,0.388,0.018,0.018,0.000324,4.92%
Apr-25,2025-04-01T22:00:00,0.4,0.393,-0.007,0.007,0.000049,1.86%
Apr-25,2025-04-01T22:15:00,0.4,0.379,-0.021,0.021,0.000441,5.24%
Apr-25,2025-04-01T22:30:00,0.39,0.407,0.017,0.017,0.000289,4.48%
Apr-25,2025-04-01T22:45:00,0.81,0.861,0.051,0.051,0.002601,6.24%
Apr-25,2025-04-01T23:00:00,0.42,0.443,0.023,0.023,0.000529,5.50%
Apr-25,2025-04-01T23:15:00,0.32,0.332,0.012,0.012,0.000144,3.90%
Apr-25,2025-04-01T23:30:00,0.25,0.285,0.035,0.035,0.001225,13.84%
Apr-25,2025-04-01T23:45:00,0.29,0.293,0.003,0.003,0.000009,0.95%
Apr-25,2025-04-02T00:00:00,0.3,0.298,-0.002,0.002,0.000004,0.77%
Apr-25,2025-04-02T00:15:00,0.3,0.302,0.002,0.002,0.000004,0.73%
Apr-25,2025-04-02T00:30:00,0.29,0.292,0.002,0.002,0.000004,0.57%
Apr-25,2025-04-02T00:45:00,0.28,0.273,-0.007,0.007,0.000049,2.42%
Apr-25,2025-04-02T01:00:00,0.25,0.258,0.008,0.008,0.000064,3.10%
Apr-25,2025-04-02T01:15:00,0.25,0.248,-0.002,0.002,0.000004,0.84%
Apr-25,2025-04-02T01:30:00,0.28,0.266,-0.014,0.014,0.000196,5.10%
Apr-25,2025-04-02T01:45:00,0.29,0.288,-0.002,0.002,0.000004,0.58%
Apr-25,2025-04-02T02:00:00,0.34,0.328,-0.012,0.012,0.000144,3.56%
Apr-25,2025-04-02T02:15:00,0.36,0.353,-0.007,0.007,0.000049,1.84%
Apr-25,2025-04-02T02:30:00,1,1.123,0.123,0.123,0.015129,12.30%
Apr-25,2025-04-02T02:45:00,0.31,0.299,-0.011,0.011,0.000121,3.48%
Apr-25,2025-04-02T03:00:00,0.34,0.334,-0.006,0.006,0.000036,1.76%
Apr-25,2025-04-02T03:15:00,2.4,2.316,-0.084,0.084,0.007056,3.51%
Apr-25,2025-04-02T03:30:00,0.39,0.409,0.019,0.019,0.000361,4.84%
Apr-25,2025-04-02T03:45:00,0.39,0.381,-0.009,0.009,0.000081,2.41%
Apr-25,2025-04-02T04:00:00,1.82,1.765,-0.055,0.055,0.003025,3.03%
Apr-25,2025-04-02T04:15:00,2.63,2.715,0.085,0.085,0.007225,3.23%
Apr-25,2025-04-02T04:30:00,1.84,1.815,-0.025,0.025,0.000625,1.39%
Apr-25,2025-04-02T04:45:00,1.88,1.872,-0.008,0.008,0.000064,0.45%
Apr-25,2025-04-02T05:00:00,1.91,1.839,-0.071,0.071,0.005041,3.71%
Apr-25,2025-04-02T05:15:00,2.17,2.076,-0.094,0.094,0.008836,4.34%
Apr-25,2025-04-02T05:30:00,1.67,1.681,0.011,0.011,0.000121,0.66%
Apr-25,2025-04-02T05:45:00,0.33,0.352,0.022,0.022,0.000484,6.71%
Apr-25,2025-04-02T06:00:00,0.35,0.363,0.013,0.013,0.000169,3.81%
Apr-25,2025-04-02T06:15:00,0.35,0.345,-0.005,0.005,0.000025,1.30%
Apr-25,2025-04-02T06:30:00,0.38,0.356,-0.024,0.024,0.000576,6.22%
Apr-25,2025-04-02T06:45:00,0.29,0.334,0.044,0.044,0.001936,15.02%
Apr-25,2025-04-02T07:00:00,0.27,0.292,0.022,0.022,0.000484,8.10%
Apr-25,2025-04-02T07:15:00,0.25,0.272,0.022,0.022,0.000484,8.72%
Apr-25,2025-04-02T07:30:00,0.29,0.276,-0.014,0.014,0.000196,4.75%
Apr-25,2025-04-02T07:45:00,0.25,0.273,0.023,0.023,0.000529,9.30%
Apr-25,2025-04-02T08:00:00,0.25,0.278,0.028,0.028,0.000784,11.26%
Apr-25,2025-04-02T08:15:00,0.25,0.269,0.019,0.019,0.000361,7.78%
Apr-25,2025-04-02T08:30:00,0.24,0.266,0.026,0.026,0.000676,10.86%
Apr-25,2025-04-02T08:45:00,0.22,0.304,0.084,0.084,0.007056,38.25%
Apr-25,2025-04-02T09:00:00,0.21,0.274,0.064,0.064,0.004096,30.38%
Apr-25,2025-04-02T09:15:00,0.2,0.298,0.098,0.098,0.009604,48.88%
Apr-25,2025-04-02T09:30:00,0.25,0.322,0.072,0.072,0.005184,28.68%
Apr-25,2025-04-02T09:45:00,0.62,0.721,0.101,0.101,0.010201,16.36%
Apr-25,2025-04-02T10:00:00,0.62,0.617,-0.003,0.003,0.000009,0.45%
Apr-25,2025-04-02T10:15:00,0.59,0.673,0.083,0.083,0.006889,13.99%
Apr-25,2025-04-02T10:30:00,0.62,0.396,-0.224,0.224,0.050176,36.10%
Apr-25,2025-04-02T10:45:00,0.65,0.855,0.205,0.205,0.042025,31.56%
Apr-25,2025-04-02T11:00:00,1.76,1.193,-0.567,0.567,0.321489,32.20%
Apr-25,2025-04-02T11:15:00,0.48,1.463,0.983,0.983,0.966289,204.84%
Apr-25,2025-04-02T11:30:00,1.12,1.303,0.183,0.183,0.033489,16.32%
Apr-25,2025-04-02T11:45:00,3.41,2.171,-1.239,1.239,1.535121,36.33%
Apr-25,2025-04-02T12:00:00,5.99,4.329,-1.661,1.661,2.758921,27.72%
Apr-25,2025-04-02T12:15:00,6,5.149,-0.851,0.851,0.724201,14.19%
Apr-25,2025-04-02T12:30:00,6,5.743,-0.257,0.257,0.066049,4.29%
Apr-25,2025-04-02T12:45:00,6,5.399,-0.601,0.601,0.361201,10.01%
Apr-25,2025-04-02T13:00:00,5.98,5.267,-0.713,0.713,0.508369,11.93%
Apr-25,2025-04-02T13:15:00,6.01,5.15,-0.86,0.86,0.7396,14.31%
Apr-25,2025-04-02T13:30:00,3.29,3.889,0.599,0.599,0.358801,18.20%
Apr-25,2025-04-02T13:45:00,2.08,2.737,0.657,0.657,0.431649,31.59%
Apr-25,2025-04-02T14:00:00,3.37,3.191,-0.179,0.179,0.032041,5.31%
Apr-25,2025-04-02T14:15:00,3.11,2.954,-0.156,0.156,0.024336,5.01%
Apr-25,2025-04-02T14:30:00,1.55,2.562,1.012,1.012,1.024144,65.31%
Apr-25,2025-04-02T14:45:00,0.8,1.302,0.502,0.502,0.252004,62.77%
Apr-25,2025-04-02T15:00:00,3.48,2.179,-1.301,1.301,1.692601,37.38%
Apr-25,2025-04-02T15:15:00,3.95,3.356,-0.594,0.594,0.352836,15.03%
Apr-25,2025-04-02T15:30:00,4.06,3.374,-0.686,0.686,0.470596,16.89%
Apr-25,2025-04-02T15:45:00,3.03,3.272,0.242,0.242,0.058564,7.98%
Apr-25,2025-04-02T16:00:00,2.51,2.47,-0.04,0.04,0.0016,1.61%
Apr-25,2025-04-02T16:15:00,2.22,2.22,0,0,0,0.01%
Apr-25,2025-04-02T16:30:00,2.52,1.964,-0.556,0.556,0.309136,22.06%
Apr-25,2025-04-02T16:45:00,2.06,1.969,-0.091,0.091,0.008281,4.42%
Apr-25,2025-04-02T17:00:00,1.34,1.366,0.026,0.026,0.000676,1.96%
Apr-25,2025-04-02T17:15:00,0.66,0.963,0.303,0.303,0.091809,45.94%
Apr-25,2025-04-02T17:30:00,0.45,0.626,0.176,0.176,0.030976,39.14%
Apr-25,2025-04-02T17:45:00,0.4,0.53,0.13,0.13,0.0169,32.47%
Apr-25,2025-04-02T18:00:00,0.34,0.471,0.131,0.131,0.017161,38.39%
Apr-25,2025-04-02T18:15:00,0.32,0.432,0.112,0.112,0.012544,35.06%
Apr-25,2025-04-02T18:30:00,0.44,0.387,-0.053,0.053,0.002809,12.05%
Apr-25,2025-04-02T18:45:00,1.21,1.236,0.026,0.026,0.000676,2.12%
Apr-25,2025-04-02T19:00:00,0.48,0.522,0.042,0.042,0.001764,8.83%
Apr-25,2025-04-02T19:15:00,0.38,0.464,0.084,0.084,0.007056,22.18%
Apr-25,2025-04-02T19:30:00,0.32,0.419,0.099,0.099,0.009801,30.84%
Apr-25,2025-04-02T19:45:00,1.1,1.161,0.061,0.061,0.003721,5.53%
Apr-25,2025-04-02T20:00:00,2.64,2.721,0.081,0.081,0.006561,3.07%
Apr-25,2025-04-02T20:15:00,0.45,0.425,-0.025,0.025,0.000625,5.66%
Apr-25,2025-04-02T20:30:00,0.45,0.417,-0.033,0.033,0.001089,7.26%
Apr-25,2025-04-02T20:45:00,0.47,0.45,-0.02,0.02,0.0004,4.33%
Apr-25,2025-04-02T21:00:00,0.61,0.581,-0.029,0.029,0.000841,4.72%
Apr-25,2025-04-02T21:15:00,0.43,0.457,0.027,0.027,0.000729,6.25%
Apr-25,2025-04-02T21:30:00,0.41,0.405,-0.005,0.005,0.000025,1.28%
Apr-25,2025-04-02T21:45:00,0.4,0.39,-0.01,0.01,0.0001,2.48%
Apr-25,2025-04-02T22:00:00,0.34,0.334,-0.006,0.006,0.000036,1.78%
Apr-25,2025-04-02T22:15:00,0.39,0.41,0.02,0.02,0.0004,5.08%
Apr-25,2025-04-02T22:30:00,0.58,0.569,-0.011,0.011,0.000121,1.95%
Apr-25,2025-04-02T22:45:00,0.39,0.417,0.027,0.027,0.000729,6.99%
Apr-25,2025-04-02T23:00:00,0.31,0.324,0.014,0.014,0.000196,4.40%
Apr-25,2025-04-02T23:15:00,0.3,0.311,0.011,0.011,0.000121,3.71%
Apr-25,2025-04-02T23:30:00,0.28,0.295,0.015,0.015,0.000225,5.42%
Apr-25,2025-04-02T23:45:00,0.27,0.274,0.004,0.004,0.000016,1.45%
Apr-25,2025-04-03T00:00:00,0.28,0.277,-0.003,0.003,0.000009,1.14%
Apr-25,2025-04-03T00:15:00,0.3,0.297,-0.003,0.003,0.000009,0.94%
Apr-25,2025-04-03T00:30:00,0.28,0.288,0.008,0.008,0.000064,3.02%
Apr-25,2025-04-03T00:45:00,0.31,0.303,-0.007,0.007,0.000049,2.22%
Apr-25,2025-04-03T01:00:00,0.31,0.305,-0.005,0.005,0.000025,1.48%
Apr-25,2025-04-03T01:15:00,0.3,0.301,0.001,0.001,0.000001,0.19%
Apr-25,2025-04-03T01:30:00,0.3,0.301,0.001,0.001,0.000001,0.23%
Apr-25,2025-04-03T01:45:00,0.3,0.294,-0.006,0.006,0.000036,1.94%
Apr-25,2025-04-03T02:00:00,0.29,0.294,0.004,0.004,0.000016,1.24%
Apr-25,2025-04-03T02:15:00,0.31,0.308,-0.002,0.002,0.000004,0.65%
Apr-25,2025-04-03T02:30:00,0.31,0.302,-0.008,0.008,0.000064,2.58%
Apr-25,2025-04-03T02:45:00,1.69,1.652,-0.038,0.038,0.001444,2.27%
Apr-25,2025-04-03T03:00:00,0.34,0.332,-0.008,0.008,0.000064,2.27%
Apr-25,2025-04-03T03:15:00,0.99,0.906,-0.084,0.084,0.007056,8.43%
Apr-25,2025-04-03T03:30:00,0.32,0.327,0.007,0.007,0.000049,2.06%
Apr-25,2025-04-03T03:45:00,0.31,0.324,0.014,0.014,0.000196,4.41%
Apr-25,2025-04-03T04:00:00,0.29,0.313,0.023,0.023,0.000529,7.97%
Apr-25,2025-04-03T04:15:00,0.57,0.543,-0.027,0.027,0.000729,4.79%
Apr-25,2025-04-03T04:30:00,1.99,2.018,0.028,0.028,0.000784,1.43%
Apr-25,2025-04-03T04:45:00,1.6,1.634,0.034,0.034,0.001156,2.12%
Apr-25,2025-04-03T05:00:00,0.36,0.343,-0.017,0.017,0.000289,4.77%
Apr-25,2025-04-03T05:15:00,0.35,0.344,-0.006,0.006,0.000036,1.61%
Apr-25,2025-04-03T05:30:00,0.33,0.333,0.003,0.003,0.000009,1.03%
Apr-25,2025-04-03T05:45:00,1.04,0.97,-0.07,0.07,0.0049,6.78%
Apr-25,2025-04-03T06:00:00,0.32,0.327,0.007,0.007,0.000049,2.04%
Apr-25,2025-04-03T06:15:00,0.29,0.318,0.028,0.028,0.000784,9.80%
Apr-25,2025-04-03T06:30:00,0.33,0.327,-0.003,0.003,0.000009,0.94%
Apr-25,2025-04-03T06:45:00,0.92,0.829,-0.091,0.091,0.008281,9.91%
Apr-25,2025-04-03T07:00:00,0.44,0.418,-0.022,0.022,0.000484,4.93%
Apr-25,2025-04-03T07:15:00,0.38,0.355,-0.025,0.025,0.000625,6.71%
Apr-25,2025-04-03T07:30:00,1.09,0.897,-0.193,0.193,0.037249,17.72%
Apr-25,2025-04-03T07:45:00,0.39,0.35,-0.04,0.04,0.0016,10.35%
Apr-25,2025-04-03T08:00:00,0.43,0.39,-0.04,0.04,0.0016,9.28%
Apr-25,2025-04-03T08:15:00,0.42,0.33,-0.09,0.09,0.0081,21.33%
Apr-25,2025-04-03T08:30:00,0.51,0.415,-0.095,0.095,0.009025,18.67%
Apr-25,2025-04-03T08:45:00,2.85,2.749,-0.101,0.101,0.010201,3.55%
Apr-25,2025-04-03T09:00:00,1.53,1.306,-0.224,0.224,0.050176,14.63%
Apr-25,2025-04-03T09:15:00,0.88,1.133,0.253,0.253,0.064009,28.71%
Apr-25,2025-04-03T09:30:00,1.55,1.316,-0.234,0.234,0.054756,15.13%
Apr-25,2025-04-03T09:45:00,0.44,0.598,0.158,0.158,0.024964,36%
Apr-25,2025-04-03T10:00:00,0.2,0.447,0.247,0.247,0.061009,123.34%
Apr-25,2025-04-03T10:15:00,0.19,0.318,0.128,0.128,0.016384,67.27%
Apr-25,2025-04-03T10:30:00,1.14,0.904,-0.236,0.236,0.055696,20.67%
Apr-25,2025-04-03T10:45:00,3.19,2.99,-0.2,0.2,0.04,6.28%
Apr-25,2025-04-03T11:00:00,3.46,3.324,-0.136,0.136,0.018496,3.92%
Apr-25,2025-04-03T11:15:00,2.65,2.734,0.084,0.084,0.007056,3.17%
Apr-25,2025-04-03T11:30:00,0.22,0.566,0.346,0.346,0.119716,157.35%
Apr-25,2025-04-03T11:45:00,1.12,0.842,-0.278,0.278,0.077284,24.86%
Apr-25,2025-04-03T12:00:00,1.67,1.595,-0.075,0.075,0.005625,4.49%
Apr-25,2025-04-03T12:15:00,1.56,1.498,-0.062,0.062,0.003844,3.96%
Apr-25,2025-04-03T12:30:00,1.66,1.698,0.038,0.038,0.001444,2.27%
Apr-25,2025-04-03T12:45:00,1.8,1.845,0.045,0.045,0.002025,2.48%
Apr-25,2025-04-03T13:00:00,1.87,1.773,-0.097,0.097,0.009409,5.17%
Apr-25,2025-04-03T13:15:00,1.89,1.653,-0.237,0.237,0.056169,12.52%
Apr-25,2025-04-03T13:30:00,1.97,1.795,-0.175,0.175,0.030625,8.91%
Apr-25,2025-04-03T13:45:00,2.05,1.879,-0.171,0.171,0.029241,8.36%
Apr-25,2025-04-03T14:00:00,2.34,2.175,-0.165,0.165,0.027225,7.07%
Apr-25,2025-04-03T14:15:00,2.44,2.273,-0.167,0.167,0.027889,6.86%
Apr-25,2025-04-03T14:30:00,2.67,2.508,-0.162,0.162,0.026244,6.08%
Apr-25,2025-04-03T14:45:00,2.96,2.73,-0.23,0.23,0.0529,7.77%
Apr-25,2025-04-03T15:00:00,3.04,2.846,-0.194,0.194,0.037636,6.38%
Apr-25,2025-04-03T15:15:00,0.25,0.431,0.181,0.181,0.032761,72.27%
Apr-25,2025-04-03T15:30:00,0.24,0.269,0.029,0.029,0.000841,12.26%
Apr-25,2025-04-03T15:45:00,0.23,0.238,0.008,0.008,0.000064,3.56%
Apr-25,2025-04-03T16:00:00,0.21,0.232,0.022,0.022,0.000484,10.53%
Apr-25,2025-04-03T16:15:00,0.33,0.304,-0.026,0.026,0.000676,7.96%
Apr-25,2025-04-03T16:30:00,0.2,0.236,0.036,0.036,0.001296,17.98%
Apr-25,2025-04-03T16:45:00,0.22,0.228,0.008,0.008,0.000064,3.75%
Apr-25,2025-04-03T17:00:00,0.21,0.266,0.056,0.056,0.003136,26.83%
Apr-25,2025-04-03T17:15:00,0.24,0.304,0.064,0.064,0.004096,26.68%
Apr-25,2025-04-03T17:30:00,0.25,0.251,0.001,0.001,0.000001,0.45%
Apr-25,2025-04-03T17:45:00,0.24,0.235,-0.005,0.005,0.000025,1.88%
Apr-25,2025-04-03T18:00:00,0.24,0.227,-0.013,0.013,0.000169,5.22%
Apr-25,2025-04-03T18:15:00,1.39,1.388,-0.002,0.002,0.000004,0.11%
Apr-25,2025-04-03T18:30:00,1.6,1.716,0.116,0.116,0.013456,7.22%
Apr-25,2025-04-03T18:45:00,1.36,1.545,0.185,0.185,0.034225,13.57%
Apr-25,2025-04-03T19:00:00,1.13,1.163,0.033,0.033,0.001089,2.89%
Apr-25,2025-04-03T19:15:00,0.91,1.001,0.091,0.091,0.008281,10.05%
Apr-25,2025-04-03T19:30:00,0.52,0.598,0.078,0.078,0.006084,14.93%
Apr-25,2025-04-03T19:45:00,0.55,0.578,0.028,0.028,0.000784,5.04%
Apr-25,2025-04-03T20:00:00,0.4,0.433,0.033,0.033,0.001089,8.14%
Apr-25,2025-04-03T20:15:00,0.3,0.332,0.032,0.032,0.001024,10.69%
Apr-25,2025-04-03T20:30:00,0.3,0.309,0.009,0.009,0.000081,2.88%
Apr-25,2025-04-03T20:45:00,0.27,0.285,0.015,0.015,0.000225,5.55%
Apr-25,2025-04-03T21:00:00,0.27,0.271,0.001,0.001,0.000001,0.20%
Apr-25,2025-04-03T21:15:00,0.28,0.276,-0.004,0.004,0.000016,1.41%
Apr-25,2025-04-03T21:30:00,0.32,0.308,-0.012,0.012,0.000144,3.70%
Apr-25,2025-04-03T21:45:00,0.3,0.305,0.005,0.005,0.000025,1.68%
Apr-25,2025-04-03T22:00:00,0.33,0.32,-0.01,0.01,0.0001,3.17%
Apr-25,2025-04-03T22:15:00,0.35,0.334,-0.016,0.016,0.000256,4.68%
Apr-25,2025-04-03T22:30:00,0.25,0.282,0.032,0.032,0.001024,12.98%
Apr-25,2025-04-03T22:45:00,0.25,0.249,-0.001,0.001,0.000001,0.28%
Apr-25,2025-04-03T23:00:00,0.26,0.259,-0.001,0.001,0.000001,0.33%
Apr-25,2025-04-03T23:15:00,0.28,0.276,-0.004,0.004,0.000016,1.38%
Apr-25,2025-04-03T23:30:00,0.27,0.271,0.001,0.001,0.000001,0.41%
Apr-25,2025-04-03T23:45:00,0.29,0.284,-0.006,0.006,0.000036,2.23%
Apr-25,2025-04-04T00:00:00,0.29,0.286,-0.004,0.004,0.000016,1.44%
Apr-25,2025-04-04T00:15:00,0.28,0.279,-0.001,0.001,0.000001,0.33%
Apr-25,2025-04-04T00:30:00,0.27,0.272,0.002,0.002,0.000004,0.57%
Apr-25,2025-04-04T00:45:00,0.26,0.261,0.001,0.001,0.000001,0.43%
Apr-25,2025-04-04T01:00:00,0.25,0.246,-0.004,0.004,0.000016,1.44%
Apr-25,2025-04-04T01:15:00,0.25,0.246,-0.004,0.004,0.000016,1.60%
Apr-25,2025-04-04T01:30:00,0.26,0.256,-0.004,0.004,0.000016,1.44%
Apr-25,2025-04-04T01:45:00,0.28,0.27,-0.01,0.01,0.0001,3.63%
Apr-25,2025-04-04T02:00:00,0.33,0.314,-0.016,0.016,0.000256,4.91%
Apr-25,2025-04-04T02:15:00,0.33,0.339,0.009,0.009,0.000081,2.63%
Apr-25,2025-04-04T02:30:00,0.99,1.09,0.1,0.1,0.01,10.14%
Apr-25,2025-04-04T02:45:00,0.34,0.34,0,0,0,0.04%
Apr-25,2025-04-04T03:00:00,0.32,0.323,0.003,0.003,0.000009,1.02%
Apr-25,2025-04-04T03:15:00,2.32,2.394,0.074,0.074,0.005476,3.17%
Apr-25,2025-04-04T03:30:00,0.33,0.333,0.003,0.003,0.000009,0.78%
Apr-25,2025-04-04T03:45:00,1.59,1.561,-0.029,0.029,0.000841,1.80%
Apr-25,2025-04-04T04:00:00,2.1,2.125,0.025,0.025,0.000625,1.21%
Apr-25,2025-04-04T04:15:00,1.02,1.039,0.019,0.019,0.000361,1.90%
Apr-25,2025-04-04T04:30:00,0.31,0.316,0.006,0.006,0.000036,2.08%
Apr-25,2025-04-04T04:45:00,0.29,0.307,0.017,0.017,0.000289,5.70%
Apr-25,2025-04-04T05:00:00,0.27,0.277,0.007,0.007,0.000049,2.69%
Apr-25,2025-04-04T05:15:00,0.26,0.268,0.008,0.008,0.000064,3.08%
Apr-25,2025-04-04T05:30:00,0.26,0.262,0.002,0.002,0.000004,0.63%
Apr-25,2025-04-04T05:45:00,0.29,0.282,-0.008,0.008,0.000064,2.66%
Apr-25,2025-04-04T06:00:00,0.3,0.298,-0.002,0.002,0.000004,0.61%
Apr-25,2025-04-04T06:15:00,0.3,0.299,-0.001,0.001,0.000001,0.23%
Apr-25,2025-04-04T06:30:00,0.72,0.716,-0.004,0.004,0.000016,0.57%
Apr-25,2025-04-04T06:45:00,0.46,0.486,0.026,0.026,0.000676,5.61%
Apr-25,2025-04-04T07:00:00,0.31,0.347,0.037,0.037,0.001369,11.89%
Apr-25,2025-04-04T07:15:00,0.34,0.325,-0.015,0.015,0.000225,4.41%
Apr-25,2025-04-04T07:30:00,1.1,1.086,-0.014,0.014,0.000196,1.25%
Apr-25,2025-04-04T07:45:00,1.83,1.652,-0.178,0.178,0.031684,9.70%
Apr-25,2025-04-04T08:00:00,2.55,2.365,-0.185,0.185,0.034225,7.27%
Apr-25,2025-04-04T08:15:00,0.51,0.541,0.031,0.031,0.000961,5.99%
Apr-25,2025-04-04T08:30:00,0.67,0.516,-0.154,0.154,0.023716,22.98%
Apr-25,2025-04-04T08:45:00,0.57,0.576,0.006,0.006,0.000036,1.04%
Apr-25,2025-04-04T09:00:00,0.83,0.736,-0.094,0.094,0.008836,11.38%
Apr-25,2025-04-04T09:15:00,0.65,0.626,-0.024,0.024,0.000576,3.64%
Apr-25,2025-04-04T09:30:00,1.2,1.069,-0.131,0.131,0.017161,10.91%
Apr-25,2025-04-04T09:45:00,1.67,1.492,-0.178,0.178,0.031684,10.66%
Apr-25,2025-04-04T10:00:00,3.12,2.986,-0.134,0.134,0.017956,4.28%
Apr-25,2025-04-04T10:15:00,0.98,1.076,0.096,0.096,0.009216,9.77%
Apr-25,2025-04-04T10:30:00,0.97,0.96,-0.01,0.01,0.0001,1.07%
Apr-25,2025-04-04T10:45:00,0.29,0.486,0.196,0.196,0.038416,67.52%
Apr-25,2025-04-04T11:00:00,0.29,0.483,0.193,0.193,0.037249,66.50%
Apr-25,2025-04-04T11:15:00,0.26,0.38,0.12,0.12,0.0144,46.06%
Apr-25,2025-04-04T11:30:00,0.25,0.454,0.204,0.204,0.041616,81.75%
Apr-25,2025-04-04T11:45:00,1.5,0.927,-0.573,0.573,0.328329,38.20%
Apr-25,2025-04-04T12:00:00,1.75,1.651,-0.099,0.099,0.009801,5.65%
Apr-25,2025-04-04T12:15:00,1.69,1.641,-0.049,0.049,0.002401,2.87%
Apr-25,2025-04-04T12:30:00,1.62,1.665,0.045,0.045,0.002025,2.76%
Apr-25,2025-04-04T12:45:00,1.78,1.71,-0.07,0.07,0.0049,3.96%
Apr-25,2025-04-04T13:00:00,1.67,1.558,-0.112,0.112,0.012544,6.68%
Apr-25,2025-04-04T13:15:00,1.78,1.695,-0.085,0.085,0.007225,4.79%
Apr-25,2025-04-04T13:30:00,1.95,2.031,0.081,0.081,0.006561,4.17%
Apr-25,2025-04-04T13:45:00,2.04,2.027,-0.013,0.013,0.000169,0.63%
Apr-25,2025-04-04T14:00:00,1.96,1.756,-0.204,0.204,0.041616,10.42%
Apr-25,2025-04-04T14:15:00,2.11,2.001,-0.109,0.109,0.011881,5.15%
Apr-25,2025-04-04T14:30:00,2.34,2.137,-0.203,0.203,0.041209,8.69%
Apr-25,2025-04-04T14:45:00,2.66,2.328,-0.332,0.332,0.110224,12.48%
Apr-25,2025-04-04T15:00:00,2.88,2.573,-0.307,0.307,0.094249,10.66%
Apr-25,2025-04-04T15:15:00,1.97,1.647,-0.323,0.323,0.104329,16.40%
Apr-25,2025-04-04T15:30:00,0.2,0.344,0.144,0.144,0.020736,72.07%
Apr-25,2025-04-04T15:45:00,0.24,0.23,-0.01,0.01,0.0001,4.22%
Apr-25,2025-04-04T16:00:00,0.2,0.243,0.043,0.043,0.001849,21.36%
Apr-25,2025-04-04T16:15:00,0.23,0.246,0.016,0.016,0.000256,6.75%
Apr-25,2025-04-04T16:30:00,0.24,0.248,0.008,0.008,0.000064,3.18%
Apr-25,2025-04-04T16:45:00,0.24,0.223,-0.017,0.017,0.000289,6.91%
Apr-25,2025-04-04T17:00:00,0.24,0.22,-0.02,0.02,0.0004,8.19%
Apr-25,2025-04-04T17:15:00,0.21,0.228,0.018,0.018,0.000324,8.65%
Apr-25,2025-04-04T17:30:00,0.2,0.212,0.012,0.012,0.000144,6.15%
Apr-25,2025-04-04T17:45:00,0.21,0.203,-0.007,0.007,0.000049,3.11%
Apr-25,2025-04-04T18:00:00,0.23,0.211,-0.019,0.019,0.000361,8.23%
Apr-25,2025-04-04T18:15:00,0.26,0.245,-0.015,0.015,0.000225,5.58%
Apr-25,2025-04-04T18:30:00,1.67,1.63,-0.04,0.04,0.0016,2.42%
Apr-25,2025-04-04T18:45:00,0.25,0.353,0.103,0.103,0.010609,41.29%
Apr-25,2025-04-04T19:00:00,0.37,0.436,0.066,0.066,0.004356,17.76%
Apr-25,2025-04-04T19:15:00,1.15,1.213,0.063,0.063,0.003969,5.50%
Apr-25,2025-04-04T19:30:00,0.65,0.757,0.107,0.107,0.011449,16.44%
Apr-25,2025-04-04T19:45:00,0.72,0.75,0.03,0.03,0.0009,4.17%
Apr-25,2025-04-04T20:00:00,0.73,0.729,-0.001,0.001,0.000001,0.13%
Apr-25,2025-04-04T20:15:00,0.76,0.729,-0.031,0.031,0.000961,4.13%
Apr-25,2025-04-04T20:30:00,0.75,0.728,-0.022,0.022,0.000484,2.93%
Apr-25,2025-04-04T20:45:00,0.71,0.709,-0.001,0.001,0.000001,0.19%
Apr-25,2025-04-04T21:00:00,0.69,0.671,-0.019,0.019,0.000361,2.80%
Apr-25,2025-04-04T21:15:00,0.6,0.551,-0.049,0.049,0.002401,8.10%
Apr-25,2025-04-04T21:30:00,1.47,1.379,-0.091,0.091,0.008281,6.17%
Apr-25,2025-04-04T21:45:00,1.33,1.359,0.029,0.029,0.000841,2.20%
Apr-25,2025-04-04T22:00:00,0.84,0.853,0.013,0.013,0.000169,1.57%
Apr-25,2025-04-04T22:15:00,1.67,1.683,0.013,0.013,0.000169,0.76%
Apr-25,2025-04-04T22:30:00,3.27,3.355,0.085,0.085,0.007225,2.59%
Apr-25,2025-04-04T22:45:00,1.85,1.807,-0.043,0.043,0.001849,2.34%
Apr-25,2025-04-04T23:00:00,3.19,3.331,0.141,0.141,0.019881,4.43%
Apr-25,2025-04-04T23:15:00,2.7,2.668,-0.032,0.032,0.001024,1.18%
Apr-25,2025-04-04T23:30:00,4.65,4.4,-0.25,0.25,0.0625,5.38%
Apr-25,2025-04-04T23:45:00,2.27,2.269,-0.001,0.001,0.000001,0.03%
Apr-25,2025-04-05T00:00:00,0.45,0.514,0.064,0.064,0.004096,14.31%
Apr-25,2025-04-05T00:15:00,0.37,0.427,0.057,0.057,0.003249,15.49%
Apr-25,2025-04-05T00:30:00,1.04,1.02,-0.02,0.02,0.0004,1.93%
Apr-25,2025-04-05T00:45:00,0.37,0.366,-0.004,0.004,0.000016,1.04%
Apr-25,2025-04-05T01:00:00,0.35,0.381,0.031,0.031,0.000961,8.96%
Apr-25,2025-04-05T01:15:00,0.3,0.339,0.039,0.039,0.001521,13.10%
Apr-25,2025-04-05T01:30:00,0.29,0.304,0.014,0.014,0.000196,4.90%
Apr-25,2025-04-05T01:45:00,0.28,0.274,-0.006,0.006,0.000036,2.23%
Apr-25,2025-04-05T02:00:00,0.32,0.298,-0.022,0.022,0.000484,6.86%
Apr-25,2025-04-05T02:15:00,0.33,0.307,-0.023,0.023,0.000529,6.84%
Apr-25,2025-04-05T02:30:00,0.33,0.324,-0.006,0.006,0.000036,1.85%
Apr-25,2025-04-05T02:45:00,0.33,0.325,-0.005,0.005,0.000025,1.46%
Apr-25,2025-04-05T03:00:00,0.32,0.327,0.007,0.007,0.000049,2.18%
Apr-25,2025-04-05T03:15:00,0.29,0.29,0,0,0,0%
Apr-25,2025-04-05T03:30:00,0.28,0.281,0.001,0.001,0.000001,0.25%
Apr-25,2025-04-05T03:45:00,0.31,0.299,-0.011,0.011,0.000121,3.51%
Apr-25,2025-04-05T04:00:00,0.31,0.297,-0.013,0.013,0.000169,4.03%
Apr-25,2025-04-05T04:15:00,0.31,0.301,-0.009,0.009,0.000081,2.88%
Apr-25,2025-04-05T04:30:00,0.33,0.318,-0.012,0.012,0.000144,3.55%
Apr-25,2025-04-05T04:45:00,1.08,1.209,0.129,0.129,0.016641,11.91%
Apr-25,2025-04-05T05:00:00,1.07,1.072,0.002,0.002,0.000004,0.22%
Apr-25,2025-04-05T05:15:00,1.08,1.055,-0.025,0.025,0.000625,2.30%
Apr-25,2025-04-05T05:30:00,1.79,1.792,0.002,0.002,0.000004,0.12%
Apr-25,2025-04-05T05:45:00,2.7,2.669,-0.031,0.031,0.000961,1.14%
Apr-25,2025-04-05T06:00:00,0.37,0.361,-0.009,0.009,0.000081,2.54%
Apr-25,2025-04-05T06:15:00,0.38,0.349,-0.031,0.031,0.000961,8.23%
Apr-25,2025-04-05T06:30:00,1.82,1.843,0.023,0.023,0.000529,1.24%
Apr-25,2025-04-05T06:45:00,1.87,1.916,0.046,0.046,0.002116,2.48%
Apr-25,2025-04-05T07:00:00,0.44,0.416,-0.024,0.024,0.000576,5.43%
Apr-25,2025-04-05T07:15:00,0.39,0.371,-0.019,0.019,0.000361,4.80%
Apr-25,2025-04-05T07:30:00,0.37,0.337,-0.033,0.033,0.001089,8.90%
Apr-25,2025-04-05T07:45:00,0.43,0.308,-0.122,0.122,0.014884,28.46%
Apr-25,2025-04-05T08:00:00,0.31,0.3,-0.01,0.01,0.0001,3.34%
Apr-25,2025-04-05T08:15:00,0.38,0.372,-0.008,0.008,0.000064,2.01%
Apr-25,2025-04-05T08:30:00,0.46,0.348,-0.112,0.112,0.012544,24.42%
Apr-25,2025-04-05T08:45:00,0.61,0.435,-0.175,0.175,0.030625,28.62%
Apr-25,2025-04-05T09:00:00,2.12,1.245,-0.875,0.875,0.765625,41.26%
Apr-25,2025-04-05T09:15:00,2.22,1.735,-0.485,0.485,0.235225,21.84%
Apr-25,2025-04-05T09:30:00,2.18,2.053,-0.127,0.127,0.016129,5.82%
Apr-25,2025-04-05T09:45:00,0.89,0.95,0.06,0.06,0.0036,6.78%
Apr-25,2025-04-05T10:00:00,0.19,0.451,0.261,0.261,0.068121,137.51%
Apr-25,2025-04-05T10:15:00,0.21,0.399,0.189,0.189,0.035721,90.12%
Apr-25,2025-04-05T10:30:00,0.3,0.431,0.131,0.131,0.017161,43.73%
Apr-25,2025-04-05T10:45:00,3.2,2.514,-0.686,0.686,0.470596,21.43%
Apr-25,2025-04-05T11:00:00,2.69,2.297,-0.393,0.393,0.154449,14.62%
Apr-25,2025-04-05T11:15:00,2.39,2.673,0.283,0.283,0.080089,11.83%
Apr-25,2025-04-05T11:30:00,3.17,2.992,-0.178,0.178,0.031684,5.60%
Apr-25,2025-04-05T11:45:00,2.58,2.555,-0.025,0.025,0.000625,0.99%
Apr-25,2025-04-05T12:00:00,1.93,1.922,-0.008,0.008,0.000064,0.40%
Apr-25,2025-04-05T12:15:00,2.82,2.413,-0.407,0.407,0.165649,14.45%
Apr-25,2025-04-05T12:30:00,2.01,1.991,-0.019,0.019,0.000361,0.92%
Apr-25,2025-04-05T12:45:00,1.99,2.138,0.148,0.148,0.021904,7.42%
Apr-25,2025-04-05T13:00:00,2.8,2.491,-0.309,0.309,0.095481,11.03%
Apr-25,2025-04-05T13:15:00,2.41,2.479,0.069,0.069,0.004761,2.87%
Apr-25,2025-04-05T13:30:00,2.43,2.896,0.466,0.466,0.217156,19.19%
Apr-25,2025-04-05T13:45:00,5.64,4.71,-0.93,0.93,0.8649,16.49%
Apr-25,2025-04-05T14:00:00,3.64,3.729,0.089,0.089,0.007921,2.44%
Apr-25,2025-04-05T14:15:00,2.54,2.528,-0.012,0.012,0.000144,0.48%
Apr-25,2025-04-05T14:30:00,0.31,0.549,0.239,0.239,0.057121,77.02%
Apr-25,2025-04-05T14:45:00,0.29,0.249,-0.041,0.041,0.001681,14.03%
Apr-25,2025-04-05T15:00:00,1.66,0.931,-0.729,0.729,0.531441,43.89%
Apr-25,2025-04-05T15:15:00,0.31,0.312,0.002,0.002,0.000004,0.51%
Apr-25,2025-04-05T15:30:00,0.28,0.369,0.089,0.089,0.007921,31.86%
Apr-25,2025-04-05T15:45:00,0.96,0.684,-0.276,0.276,0.076176,28.79%
Apr-25,2025-04-05T16:00:00,1.87,1.276,-0.594,0.594,0.352836,31.78%
Apr-25,2025-04-05T16:15:00,1.77,1.491,-0.279,0.279,0.077841,15.77%
Apr-25,2025-04-05T16:30:00,0.99,0.972,-0.018,0.018,0.000324,1.86%
Apr-25,2025-04-05T16:45:00,1.7,1.49,-0.21,0.21,0.0441,12.35%
Apr-25,2025-04-05T17:00:00,0.27,0.602,0.332,0.332,0.110224,123.10%
Apr-25,2025-04-05T17:15:00,1.04,1.121,0.081,0.081,0.006561,7.77%
Apr-25,2025-04-05T17:30:00,1.63,1.602,-0.028,0.028,0.000784,1.74%
Apr-25,2025-04-05T17:45:00,0.25,0.455,0.205,0.205,0.042025,82.17%
Apr-25,2025-04-05T18:00:00,0.24,0.295,0.055,0.055,0.003025,22.92%
Apr-25,2025-04-05T18:15:00,0.21,0.283,0.073,0.073,0.005329,34.83%
Apr-25,2025-04-05T18:30:00,0.2,0.32,0.12,0.12,0.0144,59.86%
Apr-25,2025-04-05T18:45:00,0.23,0.229,-0.001,0.001,0.000001,0.36%
Apr-25,2025-04-05T19:00:00,0.22,0.236,0.016,0.016,0.000256,7.48%
Apr-25,2025-04-05T19:15:00,0.23,0.245,0.015,0.015,0.000225,6.59%
Apr-25,2025-04-05T19:30:00,0.23,0.252,0.022,0.022,0.000484,9.74%
Apr-25,2025-04-05T19:45:00,1.28,1.317,0.037,0.037,0.001369,2.85%
Apr-25,2025-04-05T20:00:00,2.28,2.252,-0.028,0.028,0.000784,1.21%
Apr-25,2025-04-05T20:15:00,0.73,0.708,-0.022,0.022,0.000484,3.01%
Apr-25,2025-04-05T20:30:00,0.71,0.723,0.013,0.013,0.000169,1.88%
Apr-25,2025-04-05T20:45:00,0.75,0.735,-0.015,0.015,0.000225,2%
Apr-25,2025-04-05T21:00:00,0.68,0.69,0.01,0.01,0.0001,1.48%
Apr-25,2025-04-05T21:15:00,0.69,0.708,0.018,0.018,0.000324,2.58%
Apr-25,2025-04-05T21:30:00,2.8,2.811,0.011,0.011,0.000121,0.39%
Apr-25,2025-04-05T21:45:00,0.86,0.776,-0.084,0.084,0.007056,9.82%
Apr-25,2025-04-05T22:00:00,2.6,2.804,0.204,0.204,0.041616,7.86%
Apr-25,2025-04-05T22:15:00,0.36,0.367,0.007,0.007,0.000049,1.90%
Apr-25,2025-04-05T22:30:00,0.78,0.65,-0.13,0.13,0.0169,16.68%
Apr-25,2025-04-05T22:45:00,0.37,0.367,-0.003,0.003,0.000009,0.75%
Apr-25,2025-04-05T23:00:00,0.29,0.305,0.015,0.015,0.000225,5.31%
Apr-25,2025-04-05T23:15:00,0.3,0.312,0.012,0.012,0.000144,3.88%
Apr-25,2025-04-05T23:30:00,0.3,0.296,-0.004,0.004,0.000016,1.34%
Apr-25,2025-04-05T23:45:00,0.3,0.284,-0.016,0.016,0.000256,5.42%
Apr-25,2025-04-06T00:00:00,0.29,0.29,0,0,0,0.16%
Apr-25,2025-04-06T00:15:00,0.28,0.281,0.001,0.001,0.000001,0.50%
Apr-25,2025-04-06T00:30:00,0.26,0.262,0.002,0.002,0.000004,0.80%
Apr-25,2025-04-06T00:45:00,0.26,0.257,-0.003,0.003,0.000009,0.99%
Apr-25,2025-04-06T01:00:00,0.28,0.274,-0.006,0.006,0.000036,2.14%
Apr-25,2025-04-06T01:15:00,0.3,0.294,-0.006,0.006,0.000036,1.92%
Apr-25,2025-04-06T01:30:00,0.3,0.299,-0.001,0.001,0.000001,0.37%
Apr-25,2025-04-06T01:45:00,0.29,0.291,0.001,0.001,0.000001,0.33%
Apr-25,2025-04-06T02:00:00,0.29,0.289,-0.001,0.001,0.000001,0.19%
Apr-25,2025-04-06T02:15:00,0.28,0.281,0.001,0.001,0.000001,0.28%
Apr-25,2025-04-06T02:30:00,0.26,0.266,0.006,0.006,0.000036,2.26%
Apr-25,2025-04-06T02:45:00,0.26,0.261,0.001,0.001,0.000001,0.21%
Apr-25,2025-04-06T03:00:00,0.29,0.282,-0.008,0.008,0.000064,2.61%
Apr-25,2025-04-06T03:15:00,0.3,0.296,-0.004,0.004,0.000016,1.17%
Apr-25,2025-04-06T03:30:00,0.8,0.828,0.028,0.028,0.000784,3.48%
Apr-25,2025-04-06T03:45:00,1.82,1.83,0.01,0.01,0.0001,0.54%
Apr-25,2025-04-06T04:00:00,1.38,1.411,0.031,0.031,0.000961,2.23%
Apr-25,2025-04-06T04:15:00,0.27,0.278,0.008,0.008,0.000064,2.90%
Apr-25,2025-04-06T04:30:00,0.26,0.268,0.008,0.008,0.000064,2.98%
Apr-25,2025-04-06T04:45:00,0.26,0.269,0.009,0.009,0.000081,3.57%
Apr-25,2025-04-06T05:00:00,0.3,0.302,0.002,0.002,0.000004,0.79%
Apr-25,2025-04-06T05:15:00,0.3,0.299,-0.001,0.001,0.000001,0.33%
Apr-25,2025-04-06T05:30:00,0.29,0.292,0.002,0.002,0.000004,0.57%
Apr-25,2025-04-06T05:45:00,0.29,0.277,-0.013,0.013,0.000169,4.36%
Apr-25,2025-04-06T06:00:00,0.29,0.291,0.001,0.001,0.000001,0.20%
Apr-25,2025-04-06T06:15:00,0.26,0.265,0.005,0.005,0.000025,1.91%
Apr-25,2025-04-06T06:30:00,0.26,0.26,0,0,0,0.14%
Apr-25,2025-04-06T06:45:00,0.27,0.268,-0.002,0.002,0.000004,0.61%
Apr-25,2025-04-06T07:00:00,0.26,0.258,-0.002,0.002,0.000004,0.77%
Apr-25,2025-04-06T07:15:00,0.24,0.251,0.011,0.011,0.000121,4.77%
Apr-25,2025-04-06T07:30:00,0.23,0.258,0.028,0.028,0.000784,12.19%
Apr-25,2025-04-06T07:45:00,0.24,0.241,0.001,0.001,0.000001,0.34%
Apr-25,2025-04-06T08:00:00,0.23,0.251,0.021,0.021,0.000441,9.32%
Apr-25,2025-04-06T08:15:00,0.22,0.27,0.05,0.05,0.0025,22.92%
Apr-25,2025-04-06T08:30:00,0.62,0.313,-0.307,0.307,0.094249,49.44%
Apr-25,2025-04-06T08:45:00,0.37,0.421,0.051,0.051,0.002601,13.92%
Apr-25,2025-04-06T09:00:00,0.24,0.312,0.072,0.072,0.005184,29.87%
Apr-25,2025-04-06T09:15:00,0.35,0.399,0.049,0.049,0.002401,14.10%
Apr-25,2025-04-06T09:30:00,0.53,0.536,0.006,0.006,0.000036,1.12%
Apr-25,2025-04-06T09:45:00,1.26,0.939,-0.321,0.321,0.103041,25.47%
Apr-25,2025-04-06T10:00:00,1.94,1.804,-0.136,0.136,0.018496,6.99%
Apr-25,2025-04-06T10:15:00,0.52,0.644,0.124,0.124,0.015376,23.76%
Apr-25,2025-04-06T10:30:00,0.62,0.651,0.031,0.031,0.000961,5%
Apr-25,2025-04-06T10:45:00,2.37,1.744,-0.626,0.626,0.391876,26.43%
Apr-25,2025-04-06T11:00:00,2.13,2.096,-0.034,0.034,0.001156,1.59%
Apr-25,2025-04-06T11:15:00,2.16,2.057,-0.103,0.103,0.010609,4.77%
Apr-25,2025-04-06T11:30:00,2.29,2.108,-0.182,0.182,0.033124,7.96%
Apr-25,2025-04-06T11:45:00,1.6,1.794,0.194,0.194,0.037636,12.14%
Apr-25,2025-04-06T12:00:00,1.65,1.585,-0.065,0.065,0.004225,3.92%
Apr-25,2025-04-06T12:15:00,1.73,1.654,-0.076,0.076,0.005776,4.38%
Apr-25,2025-04-06T12:30:00,1.88,1.901,0.021,0.021,0.000441,1.11%
Apr-25,2025-04-06T12:45:00,1.93,2.023,0.093,0.093,0.008649,4.81%
Apr-25,2025-04-06T13:00:00,1.94,1.814,-0.126,0.126,0.015876,6.50%
Apr-25,2025-04-06T13:15:00,2.1,1.992,-0.108,0.108,0.011664,5.16%
Apr-25,2025-04-06T13:30:00,2.18,2.156,-0.024,0.024,0.000576,1.10%
Apr-25,2025-04-06T13:45:00,2.61,2.442,-0.168,0.168,0.028224,6.44%
Apr-25,2025-04-06T14:00:00,2.83,2.656,-0.174,0.174,0.030276,6.14%
Apr-25,2025-04-06T14:15:00,1.19,0.954,-0.236,0.236,0.055696,19.80%
Apr-25,2025-04-06T14:30:00,0.22,0.309,0.089,0.089,0.007921,40.39%
Apr-25,2025-04-06T14:45:00,0.23,0.262,0.032,0.032,0.001024,14.03%
Apr-25,2025-04-06T15:00:00,0.23,0.305,0.075,0.075,0.005625,32.51%
Apr-25,2025-04-06T15:15:00,0.22,0.31,0.09,0.09,0.0081,40.85%
Apr-25,2025-04-06T15:30:00,0.22,0.223,0.003,0.003,0.000009,1.49%
Apr-25,2025-04-06T15:45:00,0.22,0.223,0.003,0.003,0.000009,1.19%
Apr-25,2025-04-06T16:00:00,0.19,0.21,0.02,0.02,0.0004,10.26%
Apr-25,2025-04-06T16:15:00,0.19,0.186,-0.004,0.004,0.000016,2.15%
Apr-25,2025-04-06T16:30:00,0.2,0.221,0.021,0.021,0.000441,10.58%
Apr-25,2025-04-06T16:45:00,0.23,0.21,-0.02,0.02,0.0004,8.81%
Apr-25,2025-04-06T17:00:00,0.24,0.236,-0.004,0.004,0.000016,1.76%
Apr-25,2025-04-06T17:15:00,0.25,0.285,0.035,0.035,0.001225,13.81%
Apr-25,2025-04-06T17:30:00,1.12,1.259,0.139,0.139,0.019321,12.41%
Apr-25,2025-04-06T17:45:00,1.02,0.992,-0.028,0.028,0.000784,2.76%
Apr-25,2025-04-06T18:00:00,0.78,0.725,-0.055,0.055,0.003025,7.07%
Apr-25,2025-04-06T18:15:00,0.65,0.596,-0.054,0.054,0.002916,8.36%
Apr-25,2025-04-06T18:30:00,0.43,0.447,0.017,0.017,0.000289,4.03%
Apr-25,2025-04-06T18:45:00,0.41,0.44,0.03,0.03,0.0009,7.37%
Apr-25,2025-04-06T19:00:00,0.4,0.43,0.03,0.03,0.0009,7.52%
Apr-25,2025-04-06T19:15:00,0.4,0.422,0.022,0.022,0.000484,5.60%
Apr-25,2025-04-06T19:30:00,0.35,0.388,0.038,0.038,0.001444,10.74%
Apr-25,2025-04-06T19:45:00,0.46,0.517,0.057,0.057,0.003249,12.31%
Apr-25,2025-04-06T20:00:00,0.46,0.492,0.032,0.032,0.001024,6.88%
Apr-25,2025-04-06T20:15:00,0.4,0.422,0.022,0.022,0.000484,5.49%
Apr-25,2025-04-06T20:30:00,0.37,0.37,0,0,0,0.10%
Apr-25,2025-04-06T20:45:00,0.37,0.37,0,0,0,0.09%
Apr-25,2025-04-06T21:00:00,0.38,0.376,-0.004,0.004,0.000016,1.08%
Apr-25,2025-04-06T21:15:00,0.53,0.54,0.01,0.01,0.0001,1.80%
Apr-25,2025-04-06T21:30:00,0.54,0.525,-0.015,0.015,0.000225,2.83%
Apr-25,2025-04-06T21:45:00,0.37,0.387,0.017,0.017,0.000289,4.64%
Apr-25,2025-04-06T22:00:00,0.34,0.339,-0.001,0.001,0.000001,0.31%
Apr-25,2025-04-06T22:15:00,0.34,0.332,-0.008,0.008,0.000064,2.29%
Apr-25,2025-04-06T22:30:00,0.76,0.725,-0.035,0.035,0.001225,4.54%
Apr-25,2025-04-06T22:45:00,0.26,0.317,0.057,0.057,0.003249,22.04%
Apr-25,2025-04-06T23:00:00,0.25,0.26,0.01,0.01,0.0001,4.13%
Apr-25,2025-04-06T23:15:00,0.28,0.275,-0.005,0.005,0.000025,1.93%
Apr-25,2025-04-06T23:30:00,0.29,0.291,0.001,0.001,0.000001,0.35%
Apr-25,2025-04-06T23:45:00,0.29,0.288,-0.002,0.002,0.000004,0.76%
Apr-25,2025-04-07T00:00:00,0.3,0.296,-0.004,0.004,0.000016,1.39%
Apr-25,2025-04-07T00:15:00,0.3,0.299,-0.001,0.001,0.000001,0.26%
Apr-25,2025-04-07T00:30:00,0.29,0.292,0.002,0.002,0.000004,0.82%
Apr-25,2025-04-07T00:45:00,0.28,0.281,0.001,0.001,0.000001,0.40%
Apr-25,2025-04-07T01:00:00,0.25,0.256,0.006,0.006,0.000036,2.50%
Apr-25,2025-04-07T01:15:00,0.25,0.246,-0.004,0.004,0.000016,1.55%
Apr-25,2025-04-07T01:30:00,0.27,0.266,-0.004,0.004,0.000016,1.64%
Apr-25,2025-04-07T01:45:00,0.3,0.284,-0.016,0.016,0.000256,5.31%
Apr-25,2025-04-07T02:00:00,0.99,1.053,0.063,0.063,0.003969,6.40%
Apr-25,2025-04-07T02:15:00,2.08,2.062,-0.018,0.018,0.000324,0.86%
Apr-25,2025-04-07T02:30:00,2.15,2.16,0.01,0.01,0.0001,0.47%
Apr-25,2025-04-07T02:45:00,0.99,1.01,0.02,0.02,0.0004,1.98%
Apr-25,2025-04-07T03:00:00,0.32,0.325,0.005,0.005,0.000025,1.51%
Apr-25,2025-04-07T03:15:00,2.32,2.315,-0.005,0.005,0.000025,0.24%
Apr-25,2025-04-07T03:30:00,1.02,1.04,0.02,0.02,0.0004,1.93%
Apr-25,2025-04-07T03:45:00,0.36,0.339,-0.021,0.021,0.000441,5.72%
Apr-25,2025-04-07T04:00:00,0.33,0.327,-0.003,0.003,0.000009,0.89%
Apr-25,2025-04-07T04:15:00,1,0.922,-0.078,0.078,0.006084,7.81%
Apr-25,2025-04-07T04:30:00,0.27,0.284,0.014,0.014,0.000196,5.12%
Apr-25,2025-04-07T04:45:00,0.26,0.266,0.006,0.006,0.000036,2.21%
Apr-25,2025-04-07T05:00:00,0.26,0.265,0.005,0.005,0.000025,1.96%
Apr-25,2025-04-07T05:15:00,0.28,0.279,-0.001,0.001,0.000001,0.40%
Apr-25,2025-04-07T05:30:00,0.26,0.267,0.007,0.007,0.000049,2.83%
Apr-25,2025-04-07T05:45:00,0.29,0.284,-0.006,0.006,0.000036,1.92%
Apr-25,2025-04-07T06:00:00,0.29,0.29,0,0,0,0.01%
Apr-25,2025-04-07T06:15:00,0.28,0.28,0,0,0,0.11%
Apr-25,2025-04-07T06:30:00,0.28,0.28,0,0,0,0.17%
Apr-25,2025-04-07T06:45:00,0.27,0.266,-0.004,0.004,0.000016,1.49%
Apr-25,2025-04-07T07:00:00,0.25,0.269,0.019,0.019,0.000361,7.79%
Apr-25,2025-04-07T07:15:00,0.22,0.262,0.042,0.042,0.001764,19.20%
Apr-25,2025-04-07T07:30:00,0.96,1.054,0.094,0.094,0.008836,9.75%
Apr-25,2025-04-07T07:45:00,3.15,3.389,0.239,0.239,0.057121,7.60%
Apr-25,2025-04-07T08:00:00,1.36,1.574,0.214,0.214,0.045796,15.74%
Apr-25,2025-04-07T08:15:00,1.41,1.521,0.111,0.111,0.012321,7.86%
Apr-25,2025-04-07T08:30:00,1.29,1.359,0.069,0.069,0.004761,5.35%
Apr-25,2025-04-07T08:45:00,0.6,0.699,0.099,0.099,0.009801,16.53%
Apr-25,2025-04-07T09:00:00,0.55,0.624,0.074,0.074,0.005476,13.54%
Apr-25,2025-04-07T09:15:00,1.99,1.944,-0.046,0.046,0.002116,2.33%
Apr-25,2025-04-07T09:30:00,0.59,0.481,-0.109,0.109,0.011881,18.55%
Apr-25,2025-04-07T09:45:00,0.49,0.572,0.082,0.082,0.006724,16.78%
Apr-25,2025-04-07T10:00:00,1.51,0.809,-0.701,0.701,0.491401,46.40%
Apr-25,2025-04-07T10:15:00,2.39,1.818,-0.572,0.572,0.327184,23.94%
Apr-25,2025-04-07T10:30:00,0.35,0.557,0.207,0.207,0.042849,59.02%
Apr-25,2025-04-07T10:45:00,1.88,1.742,-0.138,0.138,0.019044,7.34%
Apr-25,2025-04-07T11:00:00,1.87,1.803,-0.067,0.067,0.004489,3.56%
Apr-25,2025-04-07T11:15:00,1.97,1.624,-0.346,0.346,0.119716,17.54%
Apr-25,2025-04-07T11:30:00,2.21,2.188,-0.022,0.022,0.000484,1.02%
Apr-25,2025-04-07T11:45:00,2.37,2.161,-0.209,0.209,0.043681,8.82%
Apr-25,2025-04-07T12:00:00,2.43,2.334,-0.096,0.096,0.009216,3.95%
Apr-25,2025-04-07T12:15:00,2.71,2.409,-0.301,0.301,0.090601,11.11%
Apr-25,2025-04-07T12:30:00,2.51,2.455,-0.055,0.055,0.003025,2.17%
Apr-25,2025-04-07T12:45:00,2.71,2.887,0.177,0.177,0.031329,6.53%
Apr-25,2025-04-07T13:00:00,2.83,2.91,0.08,0.08,0.0064,2.83%
Apr-25,2025-04-07T13:15:00,2.77,2.901,0.131,0.131,0.017161,4.72%
Apr-25,2025-04-07T13:30:00,2.48,2.642,0.162,0.162,0.026244,6.54%
Apr-25,2025-04-07T13:45:00,2.85,2.697,-0.153,0.153,0.023409,5.37%
Apr-25,2025-04-07T14:00:00,2.97,2.951,-0.019,0.019,0.000361,0.63%
Apr-25,2025-04-07T14:15:00,3.12,2.971,-0.149,0.149,0.022201,4.77%
Apr-25,2025-04-07T14:30:00,0.22,0.263,0.043,0.043,0.001849,19.70%
Apr-25,2025-04-07T14:45:00,0.48,0.35,-0.13,0.13,0.0169,27%
Apr-25,2025-04-07T15:00:00,0.47,0.474,0.004,0.004,0.000016,0.75%
Apr-25,2025-04-07T15:15:00,0.51,0.447,-0.063,0.063,0.003969,12.31%
Apr-25,2025-04-07T15:30:00,0.25,0.416,0.166,0.166,0.027556,66.44%
Apr-25,2025-04-07T15:45:00,0.24,0.3,0.06,0.06,0.0036,24.82%
Apr-25,2025-04-07T16:00:00,0.33,0.326,-0.004,0.004,0.000016,1.17%
Apr-25,2025-04-07T16:15:00,0.32,0.314,-0.006,0.006,0.000036,1.76%
Apr-25,2025-04-07T16:30:00,0.28,0.253,-0.027,0.027,0.000729,9.81%
Apr-25,2025-04-07T16:45:00,0.21,0.225,0.015,0.015,0.000225,7.02%
Apr-25,2025-04-07T17:00:00,0.23,0.245,0.015,0.015,0.000225,6.69%
Apr-25,2025-04-07T17:15:00,0.25,0.299,0.049,0.049,0.002401,19.74%
Apr-25,2025-04-07T17:30:00,0.25,0.272,0.022,0.022,0.000484,8.84%
Apr-25,2025-04-07T17:45:00,0.24,0.236,-0.004,0.004,0.000016,1.71%
Apr-25,2025-04-07T18:00:00,0.24,0.24,0,0,0,0.04%
Apr-25,2025-04-07T18:15:00,0.22,0.241,0.021,0.021,0.000441,9.64%
Apr-25,2025-04-07T18:30:00,0.22,0.234,0.014,0.014,0.000196,6.29%
Apr-25,2025-04-07T18:45:00,0.79,0.872,0.082,0.082,0.006724,10.36%
Apr-25,2025-04-07T19:00:00,0.55,0.477,-0.073,0.073,0.005329,13.19%
Apr-25,2025-04-07T19:15:00,0.96,0.959,-0.001,0.001,0.000001,0.10%
Apr-25,2025-04-07T19:30:00,0.69,0.732,0.042,0.042,0.001764,6.03%
Apr-25,2025-04-07T19:45:00,0.72,0.73,0.01,0.01,0.0001,1.38%
Apr-25,2025-04-07T20:00:00,0.72,0.717,-0.003,0.003,0.000009,0.43%
Apr-25,2025-04-07T20:15:00,0.58,0.59,0.01,0.01,0.0001,1.77%
Apr-25,2025-04-07T20:30:00,0.48,0.495,0.015,0.015,0.000225,3.14%
Apr-25,2025-04-07T20:45:00,0.43,0.416,-0.014,0.014,0.000196,3.18%
Apr-25,2025-04-07T21:00:00,0.46,0.435,-0.025,0.025,0.000625,5.37%
Apr-25,2025-04-07T21:15:00,0.56,0.538,-0.022,0.022,0.000484,3.90%
Apr-25,2025-04-07T21:30:00,0.86,0.926,0.066,0.066,0.004356,7.68%
Apr-25,2025-04-07T21:45:00,0.38,0.41,0.03,0.03,0.0009,7.77%
Apr-25,2025-04-07T22:00:00,0.39,0.379,-0.011,0.011,0.000121,2.85%
Apr-25,2025-04-07T22:15:00,0.37,0.364,-0.006,0.006,0.000036,1.49%
Apr-25,2025-04-07T22:30:00,0.41,0.396,-0.014,0.014,0.000196,3.34%
Apr-25,2025-04-07T22:45:00,0.43,0.442,0.012,0.012,0.000144,2.86%
Apr-25,2025-04-07T23:00:00,0.35,0.372,0.022,0.022,0.000484,6.28%
Apr-25,2025-04-07T23:15:00,0.28,0.312,0.032,0.032,0.001024,11.44%
Apr-25,2025-04-07T23:30:00,0.27,0.27,0,0,0,0.06%
Apr-25,2025-04-07T23:45:00,0.24,0.26,0.02,0.02,0.0004,8.26%
Apr-25,2025-04-08T00:00:00,0.24,0.245,0.005,0.005,0.000025,2.01%
Apr-25,2025-04-08T00:15:00,0.26,0.256,-0.004,0.004,0.000016,1.42%
Apr-25,2025-04-08T00:30:00,0.29,0.284,-0.006,0.006,0.000036,2.21%
Apr-25,2025-04-08T00:45:00,0.29,0.286,-0.004,0.004,0.000016,1.31%
Apr-25,2025-04-08T01:00:00,0.28,0.278,-0.002,0.002,0.000004,0.71%
Apr-25,2025-04-08T01:15:00,0.28,0.28,0,0,0,0.15%
Apr-25,2025-04-08T01:30:00,0.25,0.257,0.007,0.007,0.000049,2.95%
Apr-25,2025-04-08T01:45:00,0.28,0.271,-0.009,0.009,0.000081,3.10%
Apr-25,2025-04-08T02:00:00,1.89,1.904,0.014,0.014,0.000196,0.73%
Apr-25,2025-04-08T02:15:00,2.1,2.089,-0.011,0.011,0.000121,0.52%
Apr-25,2025-04-08T02:30:00,0.33,0.322,-0.008,0.008,0.000064,2.31%
Apr-25,2025-04-08T02:45:00,0.29,0.312,0.022,0.022,0.000484,7.76%
Apr-25,2025-04-08T03:00:00,0.28,0.278,-0.002,0.002,0.000004,0.59%
Apr-25,2025-04-08T03:15:00,0.25,0.272,0.022,0.022,0.000484,8.79%
Apr-25,2025-04-08T03:30:00,0.24,0.25,0.01,0.01,0.0001,4.12%
Apr-25,2025-04-08T03:45:00,0.26,0.257,-0.003,0.003,0.000009,1.26%
Apr-25,2025-04-08T04:00:00,0.28,0.275,-0.005,0.005,0.000025,1.71%
Apr-25,2025-04-08T04:15:00,0.29,0.291,0.001,0.001,0.000001,0.47%
Apr-25,2025-04-08T04:30:00,0.28,0.28,0,0,0,0%
Apr-25,2025-04-08T04:45:00,0.28,0.288,0.008,0.008,0.000064,2.91%
Apr-25,2025-04-08T05:00:00,0.24,0.264,0.024,0.024,0.000576,9.97%
Apr-25,2025-04-08T05:15:00,0.25,0.246,-0.004,0.004,0.000016,1.75%
Apr-25,2025-04-08T05:30:00,0.26,0.259,-0.001,0.001,0.000001,0.20%
Apr-25,2025-04-08T05:45:00,0.28,0.274,-0.006,0.006,0.000036,2.26%
Apr-25,2025-04-08T06:00:00,0.27,0.273,0.003,0.003,0.000009,1.24%
Apr-25,2025-04-08T06:15:00,0.29,0.276,-0.014,0.014,0.000196,4.76%
Apr-25,2025-04-08T06:30:00,0.3,0.301,0.001,0.001,0.000001,0.49%
Apr-25,2025-04-08T06:45:00,0.27,0.279,0.009,0.009,0.000081,3.38%
Apr-25,2025-04-08T07:00:00,0.27,0.282,0.012,0.012,0.000144,4.50%
Apr-25,2025-04-08T07:15:00,0.3,0.296,-0.004,0.004,0.000016,1.41%
Apr-25,2025-04-08T07:30:00,0.56,0.561,0.001,0.001,0.000001,0.16%
Apr-25,2025-04-08T07:45:00,1.17,1.378,0.208,0.208,0.043264,17.78%
Apr-25,2025-04-08T08:00:00,0.56,0.706,0.146,0.146,0.021316,26.05%
Apr-25,2025-04-08T08:15:00,2,2.116,0.116,0.116,0.013456,5.81%
Apr-25,2025-04-08T08:30:00,0.6,0.745,0.145,0.145,0.021025,24.20%
Apr-25,2025-04-08T08:45:00,0.2,0.451,0.251,0.251,0.063001,125.52%
Apr-25,2025-04-08T09:00:00,0.17,0.354,0.184,0.184,0.033856,107.98%
Apr-25,2025-04-08T09:15:00,0.21,0.389,0.179,0.179,0.032041,85.30%
Apr-25,2025-04-08T09:30:00,0.12,0.251,0.131,0.131,0.017161,108.79%
Apr-25,2025-04-08T09:45:00,0.14,0.251,0.111,0.111,0.012321,79.16%
Apr-25,2025-04-08T10:00:00,1.1,0.813,-0.287,0.287,0.082369,26.09%
Apr-25,2025-04-08T10:15:00,1.63,1.575,-0.055,0.055,0.003025,3.37%
Apr-25,2025-04-08T10:30:00,0.17,0.432,0.262,0.262,0.068644,153.90%
Apr-25,2025-04-08T10:45:00,1.74,1.266,-0.474,0.474,0.224676,27.23%
Apr-25,2025-04-08T11:00:00,1.75,1.618,-0.132,0.132,0.017424,7.53%
Apr-25,2025-04-08T11:15:00,1.86,1.791,-0.069,0.069,0.004761,3.70%
Apr-25,2025-04-08T11:30:00,2.07,1.778,-0.292,0.292,0.085264,14.13%
Apr-25,2025-04-08T11:45:00,2.19,1.918,-0.272,0.272,0.073984,12.40%
Apr-25,2025-04-08T12:00:00,2.34,1.917,-0.423,0.423,0.178929,18.09%
Apr-25,2025-04-08T12:15:00,2.4,2.42,0.02,0.02,0.0004,0.83%
Apr-25,2025-04-08T12:30:00,2.59,2.978,0.388,0.388,0.150544,14.97%
Apr-25,2025-04-08T12:45:00,2.68,2.226,-0.454,0.454,0.206116,16.92%
Apr-25,2025-04-08T13:00:00,2.75,2.422,-0.328,0.328,0.107584,11.92%
Apr-25,2025-04-08T13:15:00,2.82,2.731,-0.089,0.089,0.007921,3.15%
Apr-25,2025-04-08T13:30:00,3.03,2.966,-0.064,0.064,0.004096,2.12%
Apr-25,2025-04-08T13:45:00,3.08,2.968,-0.112,0.112,0.012544,3.64%
Apr-25,2025-04-08T14:00:00,2.02,2.292,0.272,0.272,0.073984,13.46%
Apr-25,2025-04-08T14:15:00,0.12,0.222,0.102,0.102,0.010404,84.70%
Apr-25,2025-04-08T14:30:00,0.11,0.12,0.01,0.01,0.0001,8.75%
Apr-25,2025-04-08T14:45:00,0.09,0.147,0.057,0.057,0.003249,63.74%
Apr-25,2025-04-08T15:00:00,0.09,0.149,0.059,0.059,0.003481,65.08%
Apr-25,2025-04-08T15:15:00,0.1,0.141,0.041,0.041,0.001681,41.28%
Apr-25,2025-04-08T15:30:00,0.13,0.135,0.005,0.005,0.000025,4.16%
Apr-25,2025-04-08T15:45:00,0.13,0.15,0.02,0.02,0.0004,15.54%
Apr-25,2025-04-08T16:00:00,0.12,0.162,0.042,0.042,0.001764,35.27%
Apr-25,2025-04-08T16:15:00,0.12,0.144,0.024,0.024,0.000576,20.38%
Apr-25,2025-04-08T16:30:00,0.1,0.128,0.028,0.028,0.000784,28.03%
Apr-25,2025-04-08T16:45:00,0.09,0.126,0.036,0.036,0.001296,39.92%
Apr-25,2025-04-08T17:00:00,0.09,0.122,0.032,0.032,0.001024,35.38%
Apr-25,2025-04-08T17:15:00,0.14,0.154,0.014,0.014,0.000196,9.80%
Apr-25,2025-04-08T17:30:00,0.14,0.167,0.027,0.027,0.000729,19.02%
Apr-25,2025-04-08T17:45:00,0.13,0.164,0.034,0.034,0.001156,26.15%
Apr-25,2025-04-08T18:00:00,0.12,0.158,0.038,0.038,0.001444,31.98%
Apr-25,2025-04-08T18:15:00,0.12,0.149,0.029,0.029,0.000841,23.99%
Apr-25,2025-04-08T18:30:00,0.09,0.137,0.047,0.047,0.002209,52.10%
Apr-25,2025-04-08T18:45:00,1.86,1.74,-0.12,0.12,0.0144,6.44%
Apr-25,2025-04-08T19:00:00,0.65,0.488,-0.162,0.162,0.026244,24.95%
Apr-25,2025-04-08T19:15:00,0.38,0.34,-0.04,0.04,0.0016,10.52%
Apr-25,2025-04-08T19:30:00,0.29,0.283,-0.007,0.007,0.000049,2.31%
Apr-25,2025-04-08T19:45:00,0.34,0.352,0.012,0.012,0.000144,3.60%
Apr-25,2025-04-08T20:00:00,0.34,0.352,0.012,0.012,0.000144,3.39%
Apr-25,2025-04-08T20:15:00,0.35,0.355,0.005,0.005,0.000025,1.43%
Apr-25,2025-04-08T20:30:00,0.23,0.278,0.048,0.048,0.002304,21%
Apr-25,2025-04-08T20:45:00,0.16,0.236,0.076,0.076,0.005776,47.34%
Apr-25,2025-04-08T21:00:00,0.16,0.194,0.034,0.034,0.001156,21.37%
Apr-25,2025-04-08T21:15:00,0.21,0.243,0.033,0.033,0.001089,15.89%
Apr-25,2025-04-08T21:30:00,0.82,0.843,0.023,0.023,0.000529,2.75%
Apr-25,2025-04-08T21:45:00,0.88,0.905,0.025,0.025,0.000625,2.81%
Apr-25,2025-04-08T22:00:00,0.52,0.514,-0.006,0.006,0.000036,1.14%
Apr-25,2025-04-08T22:15:00,0.52,0.522,0.002,0.002,0.000004,0.38%
Apr-25,2025-04-08T22:30:00,0.55,0.534,-0.016,0.016,0.000256,2.92%
Apr-25,2025-04-08T22:45:00,0.56,0.561,0.001,0.001,0.000001,0.25%
Apr-25,2025-04-08T23:00:00,0.55,0.538,-0.012,0.012,0.000144,2.11%
Apr-25,2025-04-08T23:15:00,0.51,0.52,0.01,0.01,0.0001,1.96%
Apr-25,2025-04-08T23:30:00,0.31,0.334,0.024,0.024,0.000576,7.64%
Apr-25,2025-04-08T23:45:00,0.23,0.279,0.049,0.049,0.002401,21.43%
Apr-25,2025-04-09T00:00:00,1.79,1.749,-0.041,0.041,0.001681,2.28%
Apr-25,2025-04-09T00:15:00,1.96,1.966,0.006,0.006,0.000036,0.29%
Apr-25,2025-04-09T00:30:00,0.15,0.27,0.12,0.12,0.0144,80.10%
Apr-25,2025-04-09T00:45:00,0.19,0.207,0.017,0.017,0.000289,8.75%
Apr-25,2025-04-09T01:00:00,0.18,0.21,0.03,0.03,0.0009,16.74%
Apr-25,2025-04-09T01:15:00,0.17,0.191,0.021,0.021,0.000441,12.25%
Apr-25,2025-04-09T01:30:00,0.16,0.197,0.037,0.037,0.001369,23.39%
Apr-25,2025-04-09T01:45:00,0.14,0.189,0.049,0.049,0.002401,35.07%
Apr-25,2025-04-09T02:00:00,0.17,0.238,0.068,0.068,0.004624,40.23%
Apr-25,2025-04-09T02:15:00,0.21,0.238,0.028,0.028,0.000784,13.35%
Apr-25,2025-04-09T02:30:00,0.24,0.236,-0.004,0.004,0.000016,1.68%
Apr-25,2025-04-09T02:45:00,1.58,1.574,-0.006,0.006,0.000036,0.35%
Apr-25,2025-04-09T03:00:00,0.25,0.269,0.019,0.019,0.000361,7.68%
Apr-25,2025-04-09T03:15:00,1.56,1.516,-0.044,0.044,0.001936,2.82%
Apr-25,2025-04-09T03:30:00,1.57,1.542,-0.028,0.028,0.000784,1.76%
Apr-25,2025-04-09T03:45:00,1,1.028,0.028,0.028,0.000784,2.76%
Apr-25,2025-04-09T04:00:00,1.88,1.939,0.059,0.059,0.003481,3.12%
Apr-25,2025-04-09T04:15:00,2.77,2.847,0.077,0.077,0.005929,2.78%
Apr-25,2025-04-09T04:30:00,0.22,0.276,0.056,0.056,0.003136,25.32%
Apr-25,2025-04-09T04:45:00,0.2,0.22,0.02,0.02,0.0004,10.17%
Apr-25,2025-04-09T05:00:00,0.17,0.223,0.053,0.053,0.002809,31.24%
Apr-25,2025-04-09T05:15:00,0.17,0.187,0.017,0.017,0.000289,9.96%
Apr-25,2025-04-09T05:30:00,0.15,0.207,0.057,0.057,0.003249,38.05%
Apr-25,2025-04-09T05:45:00,0.14,0.186,0.046,0.046,0.002116,32.81%
Apr-25,2025-04-09T06:00:00,0.15,0.186,0.036,0.036,0.001296,24.01%
Apr-25,2025-04-09T06:15:00,0.18,0.209,0.029,0.029,0.000841,16.06%
Apr-25,2025-04-09T06:30:00,0.18,0.217,0.037,0.037,0.001369,20.28%
Apr-25,2025-04-09T06:45:00,0.16,0.206,0.046,0.046,0.002116,28.83%
Apr-25,2025-04-09T07:00:00,0.13,0.201,0.071,0.071,0.005041,54.82%
Apr-25,2025-04-09T07:15:00,0.22,0.207,-0.013,0.013,0.000169,5.88%
Apr-25,2025-04-09T07:30:00,0.39,0.266,-0.124,0.124,0.015376,31.92%
Apr-25,2025-04-09T07:45:00,0.75,0.526,-0.224,0.224,0.050176,29.88%
Apr-25,2025-04-09T08:00:00,0.73,0.729,-0.001,0.001,0.000001,0.12%
Apr-25,2025-04-09T08:15:00,0.71,0.525,-0.185,0.185,0.034225,26.11%
Apr-25,2025-04-09T08:30:00,0.63,0.519,-0.111,0.111,0.012321,17.58%
Apr-25,2025-04-09T08:45:00,0.41,0.349,-0.061,0.061,0.003721,14.94%
Apr-25,2025-04-09T09:00:00,0.21,0.331,0.121,0.121,0.014641,57.80%
Apr-25,2025-04-09T09:15:00,0.2,0.248,0.048,0.048,0.002304,23.81%
Apr-25,2025-04-09T09:30:00,0.19,0.219,0.029,0.029,0.000841,15.35%
Apr-25,2025-04-09T09:45:00,0.24,0.323,0.083,0.083,0.006889,34.43%
Apr-25,2025-04-09T10:00:00,0.24,0.25,0.01,0.01,0.0001,4.32%
Apr-25,2025-04-09T10:15:00,0.23,0.36,0.13,0.13,0.0169,56.40%
Apr-25,2025-04-09T10:30:00,0.26,0.296,0.036,0.036,0.001296,13.82%
Apr-25,2025-04-09T10:45:00,1.71,1.39,-0.32,0.32,0.1024,18.70%
Apr-25,2025-04-09T11:00:00,1.82,1.617,-0.203,0.203,0.041209,11.16%
Apr-25,2025-04-09T11:15:00,1.92,1.876,-0.044,0.044,0.001936,2.30%
Apr-25,2025-04-09T11:30:00,2.49,2.562,0.072,0.072,0.005184,2.90%
Apr-25,2025-04-09T11:45:00,2.47,2.56,0.09,0.09,0.0081,3.64%
Apr-25,2025-04-09T12:00:00,2.6,2.544,-0.056,0.056,0.003136,2.16%
Apr-25,2025-04-09T12:15:00,2.55,2.668,0.118,0.118,0.013924,4.64%
Apr-25,2025-04-09T12:30:00,2.63,2.625,-0.005,0.005,0.000025,0.19%
Apr-25,2025-04-09T12:45:00,2.86,2.755,-0.105,0.105,0.011025,3.67%
Apr-25,2025-04-09T13:00:00,2.92,3.111,0.191,0.191,0.036481,6.53%
Apr-25,2025-04-09T13:15:00,2.94,3.304,0.364,0.364,0.132496,12.37%
Apr-25,2025-04-09T13:30:00,3.11,2.596,-0.514,0.514,0.264196,16.52%
Apr-25,2025-04-09T13:45:00,3.21,3.336,0.126,0.126,0.015876,3.94%
Apr-25,2025-04-09T14:00:00,2.18,1.579,-0.601,0.601,0.361201,27.57%
Apr-25,2025-04-09T14:15:00,0.25,0.349,0.099,0.099,0.009801,39.42%
Apr-25,2025-04-09T14:30:00,0.59,0.627,0.037,0.037,0.001369,6.31%
Apr-25,2025-04-09T14:45:00,0.96,0.947,-0.013,0.013,0.000169,1.31%
Apr-25,2025-04-09T15:00:00,0.76,0.688,-0.072,0.072,0.005184,9.41%
Apr-25,2025-04-09T15:15:00,1.06,0.874,-0.186,0.186,0.034596,17.54%
Apr-25,2025-04-09T15:30:00,2.26,1.548,-0.712,0.712,0.506944,31.51%
Apr-25,2025-04-09T15:45:00,0.61,0.822,0.212,0.212,0.044944,34.83%
Apr-25,2025-04-09T16:00:00,0.32,0.304,-0.016,0.016,0.000256,4.90%
Apr-25,2025-04-09T16:15:00,0.25,0.441,0.191,0.191,0.036481,76.38%
Apr-25,2025-04-09T16:30:00,0.23,0.28,0.05,0.05,0.0025,21.66%
Apr-25,2025-04-09T16:45:00,0.2,0.244,0.044,0.044,0.001936,21.77%
Apr-25,2025-04-09T17:00:00,0.2,0.217,0.017,0.017,0.000289,8.40%
Apr-25,2025-04-09T17:15:00,0.22,0.206,-0.014,0.014,0.000196,6.51%
Apr-25,2025-04-09T17:30:00,0.22,0.221,0.001,0.001,0.000001,0.30%
Apr-25,2025-04-09T17:45:00,0.23,0.222,-0.008,0.008,0.000064,3.48%
Apr-25,2025-04-09T18:00:00,0.24,0.216,-0.024,0.024,0.000576,9.88%
Apr-25,2025-04-09T18:15:00,0.28,0.216,-0.064,0.064,0.004096,22.85%
Apr-25,2025-04-09T18:30:00,1.26,1.322,0.062,0.062,0.003844,4.93%
Apr-25,2025-04-09T18:45:00,0.31,0.354,0.044,0.044,0.001936,14.06%
Apr-25,2025-04-09T19:00:00,0.57,0.452,-0.118,0.118,0.013924,20.79%
Apr-25,2025-04-09T19:15:00,0.61,0.544,-0.066,0.066,0.004356,10.79%
Apr-25,2025-04-09T19:30:00,0.6,0.616,0.016,0.016,0.000256,2.60%
Apr-25,2025-04-09T19:45:00,0.65,0.677,0.027,0.027,0.000729,4.10%
Apr-25,2025-04-09T20:00:00,2.98,2.703,-0.277,0.277,0.076729,9.28%
Apr-25,2025-04-09T20:15:00,0.77,0.771,0.001,0.001,0.000001,0.14%
Apr-25,2025-04-09T20:30:00,0.76,0.744,-0.016,0.016,0.000256,2.14%
Apr-25,2025-04-09T20:45:00,1.36,1.348,-0.012,0.012,0.000144,0.86%
Apr-25,2025-04-09T21:00:00,0.64,0.631,-0.009,0.009,0.000081,1.34%
Apr-25,2025-04-09T21:15:00,0.61,0.629,0.019,0.019,0.000361,3.14%
Apr-25,2025-04-09T21:30:00,1.47,1.532,0.062,0.062,0.003844,4.24%
Apr-25,2025-04-09T21:45:00,0.74,0.727,-0.013,0.013,0.000169,1.82%
Apr-25,2025-04-09T22:00:00,0.54,0.543,0.003,0.003,0.000009,0.46%
Apr-25,2025-04-09T22:15:00,1.48,1.545,0.065,0.065,0.004225,4.41%
Apr-25,2025-04-09T22:30:00,0.62,0.625,0.005,0.005,0.000025,0.83%
Apr-25,2025-04-09T22:45:00,0.36,0.376,0.016,0.016,0.000256,4.42%
Apr-25,2025-04-09T23:00:00,0.31,0.322,0.012,0.012,0.000144,3.98%
Apr-25,2025-04-09T23:15:00,0.3,0.311,0.011,0.011,0.000121,3.50%
Apr-25,2025-04-09T23:30:00,0.27,0.287,0.017,0.017,0.000289,6.15%
Apr-25,2025-04-09T23:45:00,0.26,0.26,0,0,0,0.14%
Apr-25,2025-04-10T00:00:00,0.31,0.298,-0.012,0.012,0.000144,3.96%
Apr-25,2025-04-10T00:15:00,0.31,0.302,-0.008,0.008,0.000064,2.50%
Apr-25,2025-04-10T00:30:00,1.27,1.32,0.05,0.05,0.0025,3.93%
Apr-25,2025-04-10T00:45:00,1.9,2.007,0.107,0.107,0.011449,5.65%
Apr-25,2025-04-10T01:00:00,0.85,0.816,-0.034,0.034,0.001156,3.98%
Apr-25,2025-04-10T01:15:00,0.3,0.315,0.015,0.015,0.000225,4.91%
Apr-25,2025-04-10T01:30:00,0.26,0.267,0.007,0.007,0.000049,2.86%
Apr-25,2025-04-10T01:45:00,0.27,0.26,-0.01,0.01,0.0001,3.66%
Apr-25,2025-04-10T02:00:00,0.33,0.304,-0.026,0.026,0.000676,7.75%
Apr-25,2025-04-10T02:15:00,0.37,0.34,-0.03,0.03,0.0009,8.04%
Apr-25,2025-04-10T02:30:00,1.02,1.08,0.06,0.06,0.0036,5.93%
Apr-25,2025-04-10T02:45:00,0.38,0.39,0.01,0.01,0.0001,2.58%
Apr-25,2025-04-10T03:00:00,0.38,0.379,-0.001,0.001,0.000001,0.30%
Apr-25,2025-04-10T03:15:00,2.35,2.31,-0.04,0.04,0.0016,1.72%
Apr-25,2025-04-10T03:30:00,0.37,0.365,-0.005,0.005,0.000025,1.26%
Apr-25,2025-04-10T03:45:00,0.32,0.333,0.013,0.013,0.000169,3.93%
Apr-25,2025-04-10T04:00:00,0.3,0.322,0.022,0.022,0.000484,7.42%
Apr-25,2025-04-10T04:15:00,0.99,0.895,-0.095,0.095,0.009025,9.61%
Apr-25,2025-04-10T04:30:00,1.42,1.424,0.004,0.004,0.000016,0.30%
Apr-25,2025-04-10T04:45:00,2.06,2.089,0.029,0.029,0.000841,1.38%
Apr-25,2025-04-10T05:00:00,1.57,1.539,-0.031,0.031,0.000961,1.97%
Apr-25,2025-04-10T05:15:00,0.31,0.298,-0.012,0.012,0.000144,4.03%
Apr-25,2025-04-10T05:30:00,0.3,0.294,-0.006,0.006,0.000036,1.91%
Apr-25,2025-04-10T05:45:00,0.3,0.296,-0.004,0.004,0.000016,1.45%
Apr-25,2025-04-10T06:00:00,0.3,0.285,-0.015,0.015,0.000225,5.07%
Apr-25,2025-04-10T06:15:00,0.27,0.272,0.002,0.002,0.000004,0.67%
Apr-25,2025-04-10T06:30:00,0.27,0.259,-0.011,0.011,0.000121,4.13%
Apr-25,2025-04-10T06:45:00,0.26,0.251,-0.009,0.009,0.000081,3.35%
Apr-25,2025-04-10T07:00:00,0.25,0.24,-0.01,0.01,0.0001,3.83%
Apr-25,2025-04-10T07:15:00,0.49,0.451,-0.039,0.039,0.001521,7.96%
Apr-25,2025-04-10T07:30:00,0.81,0.737,-0.073,0.073,0.005329,9.01%
Apr-25,2025-04-10T07:45:00,2.78,2.786,0.006,0.006,0.000036,0.22%
Apr-25,2025-04-10T08:00:00,2.11,1.854,-0.256,0.256,0.065536,12.14%
Apr-25,2025-04-10T08:15:00,1.31,1.057,-0.253,0.253,0.064009,19.34%
Apr-25,2025-04-10T08:30:00,0.47,0.631,0.161,0.161,0.025921,34.24%
Apr-25,2025-04-10T08:45:00,0.51,0.562,0.052,0.052,0.002704,10.12%
Apr-25,2025-04-10T09:00:00,0.44,0.551,0.111,0.111,0.012321,25.12%
Apr-25,2025-04-10T09:15:00,1.49,1.534,0.044,0.044,0.001936,2.92%
Apr-25,2025-04-10T09:30:00,0.46,0.702,0.242,0.242,0.058564,52.70%
Apr-25,2025-04-10T09:45:00,1.15,0.86,-0.29,0.29,0.0841,25.24%
Apr-25,2025-04-10T10:00:00,0.97,0.943,-0.027,0.027,0.000729,2.75%
Apr-25,2025-04-10T10:15:00,0.3,0.494,0.194,0.194,0.037636,64.70%
Apr-25,2025-04-10T10:30:00,0.36,0.521,0.161,0.161,0.025921,44.67%
Apr-25,2025-04-10T10:45:00,1.77,1.436,-0.334,0.334,0.111556,18.88%
Apr-25,2025-04-10T11:00:00,2.55,2.949,0.399,0.399,0.159201,15.65%
Apr-25,2025-04-10T11:15:00,2.58,1.903,-0.677,0.677,0.458329,26.24%
Apr-25,2025-04-10T11:30:00,2.01,2.146,0.136,0.136,0.018496,6.79%
Apr-25,2025-04-10T11:45:00,2.19,2.014,-0.176,0.176,0.030976,8.06%
Apr-25,2025-04-10T12:00:00,2.33,1.946,-0.384,0.384,0.147456,16.48%
Apr-25,2025-04-10T12:15:00,2.24,2.217,-0.023,0.023,0.000529,1.04%
Apr-25,2025-04-10T12:30:00,1.85,2.808,0.958,0.958,0.917764,51.76%
Apr-25,2025-04-10T12:45:00,2.59,2.712,0.122,0.122,0.014884,4.70%
Apr-25,2025-04-10T13:00:00,2.16,2.324,0.164,0.164,0.026896,7.59%
Apr-25,2025-04-10T13:15:00,1.96,1.793,-0.167,0.167,0.027889,8.53%
Apr-25,2025-04-10T13:30:00,2.13,2.105,-0.025,0.025,0.000625,1.16%
Apr-25,2025-04-10T13:45:00,2.36,2.24,-0.12,0.12,0.0144,5.07%
Apr-25,2025-04-10T14:00:00,2.63,2.384,-0.246,0.246,0.060516,9.36%
Apr-25,2025-04-10T14:15:00,2.81,2.6,-0.21,0.21,0.0441,7.47%
Apr-25,2025-04-10T14:30:00,2.04,1.733,-0.307,0.307,0.094249,15.03%
Apr-25,2025-04-10T14:45:00,0.25,0.333,0.083,0.083,0.006889,33.05%
Apr-25,2025-04-10T15:00:00,0.24,0.226,-0.014,0.014,0.000196,6.02%
Apr-25,2025-04-10T15:15:00,0.23,0.186,-0.044,0.044,0.001936,19.07%
Apr-25,2025-04-10T15:30:00,0.39,0.299,-0.091,0.091,0.008281,23.26%
Apr-25,2025-04-10T15:45:00,0.24,0.293,0.053,0.053,0.002809,21.89%
Apr-25,2025-04-10T16:00:00,0.21,0.256,0.046,0.046,0.002116,22.05%
Apr-25,2025-04-10T16:15:00,0.21,0.246,0.036,0.036,0.001296,17.31%
Apr-25,2025-04-10T16:30:00,0.21,0.253,0.043,0.043,0.001849,20.45%
Apr-25,2025-04-10T16:45:00,0.24,0.193,-0.047,0.047,0.002209,19.60%
Apr-25,2025-04-10T17:00:00,0.25,0.22,-0.03,0.03,0.0009,11.97%
Apr-25,2025-04-10T17:15:00,0.25,0.274,0.024,0.024,0.000576,9.63%
Apr-25,2025-04-10T17:30:00,0.25,0.238,-0.012,0.012,0.000144,4.95%
Apr-25,2025-04-10T17:45:00,0.24,0.229,-0.011,0.011,0.000121,4.46%
Apr-25,2025-04-10T18:00:00,0.24,0.229,-0.011,0.011,0.000121,4.44%
Apr-25,2025-04-10T18:15:00,0.21,0.232,0.022,0.022,0.000484,10.57%
Apr-25,2025-04-10T18:30:00,0.21,0.265,0.055,0.055,0.003025,26.08%
Apr-25,2025-04-10T18:45:00,0.23,0.263,0.033,0.033,0.001089,14.41%
Apr-25,2025-04-10T19:00:00,0.31,0.27,-0.04,0.04,0.0016,12.83%
Apr-25,2025-04-10T19:15:00,0.33,0.33,0,0,0,0.12%
Apr-25,2025-04-10T19:30:00,0.38,0.365,-0.015,0.015,0.000225,3.92%
Apr-25,2025-04-10T19:45:00,0.78,0.799,0.019,0.019,0.000361,2.47%
Apr-25,2025-04-10T20:00:00,1.65,1.693,0.043,0.043,0.001849,2.58%
Apr-25,2025-04-10T20:15:00,1.66,1.72,0.06,0.06,0.0036,3.59%
Apr-25,2025-04-10T20:30:00,2.64,2.928,0.288,0.288,0.082944,10.91%
Apr-25,2025-04-10T20:45:00,0.81,0.8,-0.01,0.01,0.0001,1.27%
Apr-25,2025-04-10T21:00:00,0.73,0.735,0.005,0.005,0.000025,0.73%
Apr-25,2025-04-10T21:15:00,1.47,1.423,-0.047,0.047,0.002209,3.17%
Apr-25,2025-04-10T21:30:00,0.73,0.751,0.021,0.021,0.000441,2.84%
Apr-25,2025-04-10T21:45:00,0.71,0.73,0.02,0.02,0.0004,2.79%
Apr-25,2025-04-10T22:00:00,0.49,0.505,0.015,0.015,0.000225,3.06%
Apr-25,2025-04-10T22:15:00,2.59,2.6,0.01,0.01,0.0001,0.39%
Apr-25,2025-04-10T22:30:00,0.32,0.307,-0.013,0.013,0.000169,4.13%
Apr-25,2025-04-10T22:45:00,1.03,0.982,-0.048,0.048,0.002304,4.66%
Apr-25,2025-04-10T23:00:00,0.39,0.358,-0.032,0.032,0.001024,8.18%
Apr-25,2025-04-10T23:15:00,0.31,0.317,0.007,0.007,0.000049,2.16%
Apr-25,2025-04-10T23:30:00,0.34,0.329,-0.011,0.011,0.000121,3.18%
Apr-25,2025-04-10T23:45:00,1.75,1.695,-0.055,0.055,0.003025,3.13%
Apr-25,2025-04-11T00:00:00,1.98,1.991,0.011,0.011,0.000121,0.54%
Apr-25,2025-04-11T00:15:00,0.29,0.302,0.012,0.012,0.000144,4.17%
Apr-25,2025-04-11T00:30:00,0.29,0.301,0.011,0.011,0.000121,3.69%
Apr-25,2025-04-11T00:45:00,0.28,0.295,0.015,0.015,0.000225,5.31%
Apr-25,2025-04-11T01:00:00,0.27,0.281,0.011,0.011,0.000121,4.08%
Apr-25,2025-04-11T01:15:00,0.26,0.261,0.001,0.001,0.000001,0.38%
Apr-25,2025-04-11T01:30:00,0.24,0.251,0.011,0.011,0.000121,4.64%
Apr-25,2025-04-11T01:45:00,0.24,0.252,0.012,0.012,0.000144,4.88%
Apr-25,2025-04-11T02:00:00,0.26,0.26,0,0,0,0.09%
Apr-25,2025-04-11T02:15:00,0.26,0.262,0.002,0.002,0.000004,0.91%
Apr-25,2025-04-11T02:30:00,0.28,0.275,-0.005,0.005,0.000025,1.93%
Apr-25,2025-04-11T02:45:00,0.28,0.279,-0.001,0.001,0.000001,0.21%
Apr-25,2025-04-11T03:00:00,1.3,1.306,0.006,0.006,0.000036,0.47%
Apr-25,2025-04-11T03:15:00,1.86,1.872,0.012,0.012,0.000144,0.66%
Apr-25,2025-04-11T03:30:00,0.91,0.927,0.017,0.017,0.000289,1.85%
Apr-25,2025-04-11T03:45:00,0.27,0.289,0.019,0.019,0.000361,7.13%
Apr-25,2025-04-11T04:00:00,0.24,0.26,0.02,0.02,0.0004,8.32%
Apr-25,2025-04-11T04:15:00,0.24,0.264,0.024,0.024,0.000576,9.84%
Apr-25,2025-04-11T04:30:00,0.24,0.272,0.032,0.032,0.001024,13.27%
Apr-25,2025-04-11T04:45:00,0.26,0.257,-0.003,0.003,0.000009,1.34%
Apr-25,2025-04-11T05:00:00,0.24,0.249,0.009,0.009,0.000081,3.73%
Apr-25,2025-04-11T05:15:00,0.3,0.289,-0.011,0.011,0.000121,3.55%
Apr-25,2025-04-11T05:30:00,0.27,0.279,0.009,0.009,0.000081,3.25%
Apr-25,2025-04-11T05:45:00,0.27,0.267,-0.003,0.003,0.000009,0.93%
Apr-25,2025-04-11T06:00:00,0.27,0.268,-0.002,0.002,0.000004,0.81%
Apr-25,2025-04-11T06:15:00,0.27,0.26,-0.01,0.01,0.0001,3.62%
Apr-25,2025-04-11T06:30:00,0.26,0.259,-0.001,0.001,0.000001,0.41%
Apr-25,2025-04-11T06:45:00,0.24,0.257,0.017,0.017,0.000289,7.14%
Apr-25,2025-04-11T07:00:00,0.24,0.267,0.027,0.027,0.000729,11.07%
Apr-25,2025-04-11T07:15:00,1.12,1.228,0.108,0.108,0.011664,9.60%
Apr-25,2025-04-11T07:30:00,0.32,0.34,0.02,0.02,0.0004,6.27%
Apr-25,2025-04-11T07:45:00,0.33,0.345,0.015,0.015,0.000225,4.65%
Apr-25,2025-04-11T08:00:00,0.4,0.483,0.083,0.083,0.006889,20.71%
Apr-25,2025-04-11T08:15:00,0.27,0.361,0.091,0.091,0.008281,33.66%
Apr-25,2025-04-11T08:30:00,0.98,0.585,-0.395,0.395,0.156025,40.28%
Apr-25,2025-04-11T08:45:00,3.26,3.141,-0.119,0.119,0.014161,3.66%
Apr-25,2025-04-11T09:00:00,1.33,1.217,-0.113,0.113,0.012769,8.46%
Apr-25,2025-04-11T09:15:00,0.47,0.551,0.081,0.081,0.006561,17.29%
Apr-25,2025-04-11T09:30:00,0.35,0.325,-0.025,0.025,0.000625,7.13%
Apr-25,2025-04-11T09:45:00,0.3,0.313,0.013,0.013,0.000169,4.47%
Apr-25,2025-04-11T10:00:00,0.3,0.389,0.089,0.089,0.007921,29.73%
Apr-25,2025-04-11T10:15:00,0.33,0.442,0.112,0.112,0.012544,34.03%
Apr-25,2025-04-11T10:30:00,0.35,0.339,-0.011,0.011,0.000121,3.28%
Apr-25,2025-04-11T10:45:00,1.93,1.525,-0.405,0.405,0.164025,20.99%
Apr-25,2025-04-11T11:00:00,2.1,1.838,-0.262,0.262,0.068644,12.48%
Apr-25,2025-04-11T11:15:00,1.85,1.958,0.108,0.108,0.011664,5.82%
Apr-25,2025-04-11T11:30:00,1.61,1.77,0.16,0.16,0.0256,9.91%
Apr-25,2025-04-11T11:45:00,2.06,2.164,0.104,0.104,0.010816,5.05%
Apr-25,2025-04-11T12:00:00,1.7,1.888,0.188,0.188,0.035344,11.08%
Apr-25,2025-04-11T12:15:00,1.79,1.862,0.072,0.072,0.005184,4.03%
Apr-25,2025-04-11T12:30:00,1.83,1.954,0.124,0.124,0.015376,6.78%
Apr-25,2025-04-11T12:45:00,1.89,1.892,0.002,0.002,0.000004,0.13%
Apr-25,2025-04-11T13:00:00,1.95,1.953,0.003,0.003,0.000009,0.15%
Apr-25,2025-04-11T13:15:00,1.98,1.945,-0.035,0.035,0.001225,1.75%
Apr-25,2025-04-11T13:30:00,2.02,2.04,0.02,0.02,0.0004,0.99%
Apr-25,2025-04-11T13:45:00,2.25,2.257,0.007,0.007,0.000049,0.32%
Apr-25,2025-04-11T14:00:00,2.48,2.116,-0.364,0.364,0.132496,14.67%
Apr-25,2025-04-11T14:15:00,2.4,2.486,0.086,0.086,0.007396,3.58%
Apr-25,2025-04-11T14:30:00,2.77,2.725,-0.045,0.045,0.002025,1.62%
Apr-25,2025-04-11T14:45:00,2.05,1.938,-0.112,0.112,0.012544,5.49%
Apr-25,2025-04-11T15:00:00,0.22,0.45,0.23,0.23,0.0529,104.34%
Apr-25,2025-04-11T15:15:00,0.25,0.239,-0.011,0.011,0.000121,4.22%
Apr-25,2025-04-11T15:30:00,0.24,0.236,-0.004,0.004,0.000016,1.77%
Apr-25,2025-04-11T15:45:00,0.24,0.257,0.017,0.017,0.000289,6.93%
Apr-25,2025-04-11T16:00:00,0.24,0.229,-0.011,0.011,0.000121,4.69%
Apr-25,2025-04-11T16:15:00,0.23,0.208,-0.022,0.022,0.000484,9.38%
Apr-25,2025-04-11T16:30:00,0.22,0.23,0.01,0.01,0.0001,4.65%
Apr-25,2025-04-11T16:45:00,0.2,0.218,0.018,0.018,0.000324,9.05%
Apr-25,2025-04-11T17:00:00,0.21,0.198,-0.012,0.012,0.000144,5.49%
Apr-25,2025-04-11T17:15:00,0.23,0.253,0.023,0.023,0.000529,10.11%
Apr-25,2025-04-11T17:30:00,0.25,0.243,-0.007,0.007,0.000049,2.85%
Apr-25,2025-04-11T17:45:00,0.25,0.249,-0.001,0.001,0.000001,0.40%
Apr-25,2025-04-11T18:00:00,0.25,0.248,-0.002,0.002,0.000004,0.98%
Apr-25,2025-04-11T18:15:00,0.24,0.238,-0.002,0.002,0.000004,0.83%
Apr-25,2025-04-11T18:30:00,0.24,0.239,-0.001,0.001,0.000001,0.26%
Apr-25,2025-04-11T18:45:00,0.25,0.247,-0.003,0.003,0.000009,1.25%
Apr-25,2025-04-11T19:00:00,0.21,0.248,0.038,0.038,0.001444,18.09%
Apr-25,2025-04-11T19:15:00,0.21,0.247,0.037,0.037,0.001369,17.84%
Apr-25,2025-04-11T19:30:00,0.25,0.249,-0.001,0.001,0.000001,0.53%
Apr-25,2025-04-11T19:45:00,0.29,0.282,-0.008,0.008,0.000064,2.60%
Apr-25,2025-04-11T20:00:00,0.32,0.311,-0.009,0.009,0.000081,2.67%
Apr-25,2025-04-11T20:15:00,0.32,0.317,-0.003,0.003,0.000009,0.85%
Apr-25,2025-04-11T20:30:00,0.34,0.313,-0.027,0.027,0.000729,7.83%
Apr-25,2025-04-11T20:45:00,1.76,1.717,-0.043,0.043,0.001849,2.43%
Apr-25,2025-04-11T21:00:00,2.45,2.548,0.098,0.098,0.009604,3.99%
Apr-25,2025-04-11T21:15:00,1.87,1.9,0.03,0.03,0.0009,1.58%
Apr-25,2025-04-11T21:30:00,1.8,1.781,-0.019,0.019,0.000361,1.07%
Apr-25,2025-04-11T21:45:00,1.53,1.586,0.056,0.056,0.003136,3.69%
Apr-25,2025-04-11T22:00:00,1.58,1.498,-0.082,0.082,0.006724,5.22%
Apr-25,2025-04-11T22:15:00,0.74,0.715,-0.025,0.025,0.000625,3.38%
Apr-25,2025-04-11T22:30:00,0.31,0.347,0.037,0.037,0.001369,12%
Apr-25,2025-04-11T22:45:00,0.3,0.319,0.019,0.019,0.000361,6.28%
Apr-25,2025-04-11T23:00:00,0.3,0.314,0.014,0.014,0.000196,4.64%
Apr-25,2025-04-11T23:15:00,0.29,0.31,0.02,0.02,0.0004,6.77%
Apr-25,2025-04-11T23:30:00,0.29,0.287,-0.003,0.003,0.000009,1.10%
Apr-25,2025-04-11T23:45:00,0.26,0.269,0.009,0.009,0.000081,3.31%
Apr-25,2025-04-12T00:00:00,0.26,0.257,-0.003,0.003,0.000009,1.10%
Apr-25,2025-04-12T00:15:00,0.28,0.275,-0.005,0.005,0.000025,1.92%
Apr-25,2025-04-12T00:30:00,0.31,0.302,-0.008,0.008,0.000064,2.60%
Apr-25,2025-04-12T00:45:00,0.32,0.31,-0.01,0.01,0.0001,3.17%
Apr-25,2025-04-12T01:00:00,0.31,0.309,-0.001,0.001,0.000001,0.29%
Apr-25,2025-04-12T01:15:00,0.31,0.303,-0.007,0.007,0.000049,2.36%
Apr-25,2025-04-12T01:30:00,0.29,0.292,0.002,0.002,0.000004,0.56%
Apr-25,2025-04-12T01:45:00,0.27,0.273,0.003,0.003,0.000009,1.11%
Apr-25,2025-04-12T02:00:00,0.27,0.269,-0.001,0.001,0.000001,0.32%
Apr-25,2025-04-12T02:15:00,0.31,0.29,-0.02,0.02,0.0004,6.32%
Apr-25,2025-04-12T02:30:00,0.29,0.285,-0.005,0.005,0.000025,1.59%
Apr-25,2025-04-12T02:45:00,0.31,0.301,-0.009,0.009,0.000081,2.84%
Apr-25,2025-04-12T03:00:00,0.31,0.299,-0.011,0.011,0.000121,3.45%
Apr-25,2025-04-12T03:15:00,0.31,0.3,-0.01,0.01,0.0001,3.10%
Apr-25,2025-04-12T03:30:00,0.3,0.295,-0.005,0.005,0.000025,1.51%
Apr-25,2025-04-12T03:45:00,0.3,0.298,-0.002,0.002,0.000004,0.66%
Apr-25,2025-04-12T04:00:00,0.29,0.291,0.001,0.001,0.000001,0.38%
Apr-25,2025-04-12T04:15:00,0.27,0.274,0.004,0.004,0.000016,1.34%
Apr-25,2025-04-12T04:30:00,1.05,1.114,0.064,0.064,0.004096,6.06%
Apr-25,2025-04-12T04:45:00,0.32,0.321,0.001,0.001,0.000001,0.33%
Apr-25,2025-04-12T05:00:00,2.58,2.492,-0.088,0.088,0.007744,3.42%
Apr-25,2025-04-12T05:15:00,1.09,1.116,0.026,0.026,0.000676,2.35%
Apr-25,2025-04-12T05:30:00,0.39,0.388,-0.002,0.002,0.000004,0.39%
Apr-25,2025-04-12T05:45:00,2.54,2.455,-0.085,0.085,0.007225,3.35%
Apr-25,2025-04-12T06:00:00,1.84,1.853,0.013,0.013,0.000169,0.69%
Apr-25,2025-04-12T06:15:00,0.36,0.338,-0.022,0.022,0.000484,6.19%
Apr-25,2025-04-12T06:30:00,0.38,0.344,-0.036,0.036,0.001296,9.46%
Apr-25,2025-04-12T06:45:00,0.33,0.326,-0.004,0.004,0.000016,1.11%
Apr-25,2025-04-12T07:00:00,0.36,0.375,0.015,0.015,0.000225,4.20%
Apr-25,2025-04-12T07:15:00,2.39,2.712,0.322,0.322,0.103684,13.47%
Apr-25,2025-04-12T07:30:00,1.67,1.734,0.064,0.064,0.004096,3.81%
Apr-25,2025-04-12T07:45:00,1.47,1.688,0.218,0.218,0.047524,14.82%
Apr-25,2025-04-12T08:00:00,0.31,0.414,0.104,0.104,0.010816,33.69%
Apr-25,2025-04-12T08:15:00,0.43,0.348,-0.082,0.082,0.006724,18.96%
Apr-25,2025-04-12T08:30:00,0.34,0.384,0.044,0.044,0.001936,12.92%
Apr-25,2025-04-12T08:45:00,0.45,0.523,0.073,0.073,0.005329,16.16%
Apr-25,2025-04-12T09:00:00,0.51,0.622,0.112,0.112,0.012544,22.03%
Apr-25,2025-04-12T09:15:00,0.47,0.588,0.118,0.118,0.013924,25.11%
Apr-25,2025-04-12T09:30:00,1.94,1.479,-0.461,0.461,0.212521,23.76%
Apr-25,2025-04-12T09:45:00,0.58,0.705,0.125,0.125,0.015625,21.50%
Apr-25,2025-04-12T10:00:00,2.57,2.313,-0.257,0.257,0.066049,9.99%
Apr-25,2025-04-12T10:15:00,4.84,4.368,-0.472,0.472,0.222784,9.76%
Apr-25,2025-04-12T10:30:00,4.91,4.882,-0.028,0.028,0.000784,0.57%
Apr-25,2025-04-12T10:45:00,5.48,5.513,0.033,0.033,0.001089,0.61%
Apr-25,2025-04-12T11:00:00,5.67,5.45,-0.22,0.22,0.0484,3.87%
Apr-25,2025-04-12T11:15:00,5.93,5.598,-0.332,0.332,0.110224,5.61%
Apr-25,2025-04-12T11:30:00,6,5.562,-0.438,0.438,0.191844,7.29%
Apr-25,2025-04-12T11:45:00,6,5.794,-0.206,0.206,0.042436,3.43%
Apr-25,2025-04-12T12:00:00,6.01,5.541,-0.469,0.469,0.219961,7.80%
Apr-25,2025-04-12T12:15:00,4.91,4.948,0.038,0.038,0.001444,0.78%
Apr-25,2025-04-12T12:30:00,2.3,2.874,0.574,0.574,0.329476,24.95%
Apr-25,2025-04-12T12:45:00,3.13,3.056,-0.074,0.074,0.005476,2.38%
Apr-25,2025-04-12T13:00:00,3.77,3.901,0.131,0.131,0.017161,3.46%
Apr-25,2025-04-12T13:15:00,3.82,3.313,-0.507,0.507,0.257049,13.28%
Apr-25,2025-04-12T13:30:00,2.43,2.949,0.519,0.519,0.269361,21.37%
Apr-25,2025-04-12T13:45:00,2.22,2.261,0.041,0.041,0.001681,1.84%
Apr-25,2025-04-12T14:00:00,2.95,3.197,0.247,0.247,0.061009,8.39%
Apr-25,2025-04-12T14:15:00,4.1,3.456,-0.644,0.644,0.414736,15.71%
Apr-25,2025-04-12T14:30:00,2.68,3.08,0.4,0.4,0.16,14.94%
Apr-25,2025-04-12T14:45:00,3.92,3.357,-0.563,0.563,0.316969,14.35%
Apr-25,2025-04-12T15:00:00,3.84,3.39,-0.45,0.45,0.2025,11.72%
Apr-25,2025-04-12T15:15:00,3.29,3.379,0.089,0.089,0.007921,2.72%
Apr-25,2025-04-12T15:30:00,2.09,2.67,0.58,0.58,0.3364,27.77%
Apr-25,2025-04-12T15:45:00,2.71,2.443,-0.267,0.267,0.071289,9.85%
Apr-25,2025-04-12T16:00:00,2.18,2.27,0.09,0.09,0.0081,4.13%
Apr-25,2025-04-12T16:15:00,2.37,2.142,-0.228,0.228,0.051984,9.64%
Apr-25,2025-04-12T16:30:00,1.89,2.223,0.333,0.333,0.110889,17.64%
Apr-25,2025-04-12T16:45:00,2.13,1.754,-0.376,0.376,0.141376,17.64%
Apr-25,2025-04-12T17:00:00,2.07,1.517,-0.553,0.553,0.305809,26.70%
Apr-25,2025-04-12T17:15:00,1.04,1.279,0.239,0.239,0.057121,22.94%
Apr-25,2025-04-12T17:30:00,0.58,0.692,0.112,0.112,0.012544,19.26%
Apr-25,2025-04-12T17:45:00,0.59,0.539,-0.051,0.051,0.002601,8.57%
Apr-25,2025-04-12T18:00:00,0.58,0.491,-0.089,0.089,0.007921,15.35%
Apr-25,2025-04-12T18:15:00,0.47,0.468,-0.002,0.002,0.000004,0.36%
Apr-25,2025-04-12T18:30:00,0.43,0.426,-0.004,0.004,0.000016,1.02%
Apr-25,2025-04-12T18:45:00,0.24,0.384,0.144,0.144,0.020736,60.20%
Apr-25,2025-04-12T19:00:00,0.26,0.246,-0.014,0.014,0.000196,5.52%
Apr-25,2025-04-12T19:15:00,0.2,0.263,0.063,0.063,0.003969,31.51%
Apr-25,2025-04-12T19:30:00,0.22,0.23,0.01,0.01,0.0001,4.65%
Apr-25,2025-04-12T19:45:00,0.29,0.286,-0.004,0.004,0.000016,1.52%
Apr-25,2025-04-12T20:00:00,0.32,0.311,-0.009,0.009,0.000081,2.89%
Apr-25,2025-04-12T20:15:00,0.44,0.422,-0.018,0.018,0.000324,4%
Apr-25,2025-04-12T20:30:00,0.63,0.598,-0.032,0.032,0.001024,5.14%
Apr-25,2025-04-12T20:45:00,0.78,0.755,-0.025,0.025,0.000625,3.14%
Apr-25,2025-04-12T21:00:00,0.63,0.644,0.014,0.014,0.000196,2.18%
Apr-25,2025-04-12T21:15:00,0.69,0.668,-0.022,0.022,0.000484,3.24%
Apr-25,2025-04-12T21:30:00,1.42,1.373,-0.047,0.047,0.002209,3.28%
Apr-25,2025-04-12T21:45:00,1.49,1.492,0.002,0.002,0.000004,0.15%
Apr-25,2025-04-12T22:00:00,0.6,0.607,0.007,0.007,0.000049,1.17%
Apr-25,2025-04-12T22:15:00,0.6,0.631,0.031,0.031,0.000961,5.21%
Apr-25,2025-04-12T22:30:00,0.49,0.506,0.016,0.016,0.000256,3.21%
Apr-25,2025-04-12T22:45:00,0.38,0.387,0.007,0.007,0.000049,1.85%
Apr-25,2025-04-12T23:00:00,0.3,0.311,0.011,0.011,0.000121,3.71%
Apr-25,2025-04-12T23:15:00,0.26,0.282,0.022,0.022,0.000484,8.52%
Apr-25,2025-04-12T23:30:00,0.26,0.268,0.008,0.008,0.000064,3.11%
Apr-25,2025-04-12T23:45:00,0.27,0.269,-0.001,0.001,0.000001,0.50%
Apr-25,2025-04-13T00:00:00,0.29,0.287,-0.003,0.003,0.000009,1.17%
Apr-25,2025-04-13T00:15:00,0.29,0.287,-0.003,0.003,0.000009,0.87%
Apr-25,2025-04-13T00:30:00,0.28,0.28,0,0,0,0.09%
Apr-25,2025-04-13T00:45:00,0.28,0.281,0.001,0.001,0.000001,0.30%
Apr-25,2025-04-13T01:00:00,0.27,0.273,0.003,0.003,0.000009,1.26%
Apr-25,2025-04-13T01:15:00,0.25,0.253,0.003,0.003,0.000009,1.23%
Apr-25,2025-04-13T01:30:00,0.25,0.252,0.002,0.002,0.000004,0.74%
Apr-25,2025-04-13T01:45:00,0.28,0.276,-0.004,0.004,0.000016,1.30%
Apr-25,2025-04-13T02:00:00,0.29,0.289,-0.001,0.001,0.000001,0.23%
Apr-25,2025-04-13T02:15:00,0.29,0.289,-0.001,0.001,0.000001,0.25%
Apr-25,2025-04-13T02:30:00,0.28,0.281,0.001,0.001,0.000001,0.48%
Apr-25,2025-04-13T02:45:00,0.28,0.281,0.001,0.001,0.000001,0.53%
Apr-25,2025-04-13T03:00:00,0.27,0.275,0.005,0.005,0.000025,1.81%
Apr-25,2025-04-13T03:15:00,0.26,0.263,0.003,0.003,0.000009,1.21%
Apr-25,2025-04-13T03:30:00,0.26,0.262,0.002,0.002,0.000004,0.67%
Apr-25,2025-04-13T03:45:00,0.3,0.294,-0.006,0.006,0.000036,2.13%
Apr-25,2025-04-13T04:00:00,0.3,0.299,-0.001,0.001,0.000001,0.27%
Apr-25,2025-04-13T04:15:00,0.3,0.293,-0.007,0.007,0.000049,2.38%
Apr-25,2025-04-13T04:30:00,0.29,0.288,-0.002,0.002,0.000004,0.53%
Apr-25,2025-04-13T04:45:00,0.29,0.29,0,0,0,0.16%
Apr-25,2025-04-13T05:00:00,0.27,0.265,-0.005,0.005,0.000025,1.95%
Apr-25,2025-04-13T05:15:00,0.25,0.251,0.001,0.001,0.000001,0.41%
Apr-25,2025-04-13T05:30:00,0.26,0.26,0,0,0,0.09%
Apr-25,2025-04-13T05:45:00,0.29,0.268,-0.022,0.022,0.000484,7.56%
Apr-25,2025-04-13T06:00:00,0.3,0.295,-0.005,0.005,0.000025,1.53%
Apr-25,2025-04-13T06:15:00,0.29,0.297,0.007,0.007,0.000049,2.39%
Apr-25,2025-04-13T06:30:00,0.28,0.283,0.003,0.003,0.000009,1.12%
Apr-25,2025-04-13T06:45:00,0.28,0.282,0.002,0.002,0.000004,0.80%
Apr-25,2025-04-13T07:00:00,0.26,0.277,0.017,0.017,0.000289,6.66%
Apr-25,2025-04-13T07:15:00,0.24,0.275,0.035,0.035,0.001225,14.63%
Apr-25,2025-04-13T07:30:00,0.2,0.246,0.046,0.046,0.002116,22.85%
Apr-25,2025-04-13T07:45:00,0.24,0.27,0.03,0.03,0.0009,12.59%
Apr-25,2025-04-13T08:00:00,0.24,0.29,0.05,0.05,0.0025,20.82%
Apr-25,2025-04-13T08:15:00,0.23,0.271,0.041,0.041,0.001681,17.83%
Apr-25,2025-04-13T08:30:00,0.23,0.272,0.042,0.042,0.001764,18.26%
Apr-25,2025-04-13T08:45:00,0.46,0.384,-0.076,0.076,0.005776,16.46%
Apr-25,2025-04-13T09:00:00,0.77,0.959,0.189,0.189,0.035721,24.51%
Apr-25,2025-04-13T09:15:00,0.76,0.824,0.064,0.064,0.004096,8.45%
Apr-25,2025-04-13T09:30:00,0.53,0.579,0.049,0.049,0.002401,9.31%
Apr-25,2025-04-13T09:45:00,0.56,0.589,0.029,0.029,0.000841,5.24%
Apr-25,2025-04-13T10:00:00,0.55,0.556,0.006,0.006,0.000036,1.04%
Apr-25,2025-04-13T10:15:00,1.07,0.571,-0.499,0.499,0.249001,46.67%
Apr-25,2025-04-13T10:30:00,0.12,0.245,0.125,0.125,0.015625,104.23%
Apr-25,2025-04-13T10:45:00,0.11,0.227,0.117,0.117,0.013689,105.97%
Apr-25,2025-04-13T11:00:00,0.09,0.301,0.211,0.211,0.044521,234.10%
Apr-25,2025-04-13T11:15:00,0.09,0.311,0.221,0.221,0.048841,245.05%
Apr-25,2025-04-13T11:30:00,0.12,0.325,0.205,0.205,0.042025,170.70%
Apr-25,2025-04-13T11:45:00,1.02,0.744,-0.276,0.276,0.076176,27.06%
Apr-25,2025-04-13T12:00:00,1.47,1.115,-0.355,0.355,0.126025,24.17%
Apr-25,2025-04-13T12:15:00,1.33,1.151,-0.179,0.179,0.032041,13.46%
Apr-25,2025-04-13T12:30:00,1.88,1.659,-0.221,0.221,0.048841,11.74%
Apr-25,2025-04-13T12:45:00,1.43,1.707,0.277,0.277,0.076729,19.36%
Apr-25,2025-04-13T13:00:00,1.96,1.86,-0.1,0.1,0.01,5.13%
Apr-25,2025-04-13T13:15:00,2.35,1.953,-0.397,0.397,0.157609,16.91%
Apr-25,2025-04-13T13:30:00,2.66,2.507,-0.153,0.153,0.023409,5.75%
Apr-25,2025-04-13T13:45:00,1.82,2.63,0.81,0.81,0.6561,44.49%
Apr-25,2025-04-13T14:00:00,1.64,1.575,-0.065,0.065,0.004225,3.95%
Apr-25,2025-04-13T14:15:00,1.33,1.478,0.148,0.148,0.021904,11.09%
Apr-25,2025-04-13T14:30:00,0.47,0.778,0.308,0.308,0.094864,65.47%
Apr-25,2025-04-13T14:45:00,1.06,0.993,-0.067,0.067,0.004489,6.33%
Apr-25,2025-04-13T15:00:00,0.96,0.877,-0.083,0.083,0.006889,8.62%
Apr-25,2025-04-13T15:15:00,0.93,0.863,-0.067,0.067,0.004489,7.17%
Apr-25,2025-04-13T15:30:00,0.87,0.979,0.109,0.109,0.011881,12.54%
Apr-25,2025-04-13T15:45:00,0.9,0.811,-0.089,0.089,0.007921,9.87%
Apr-25,2025-04-13T16:00:00,0.87,0.679,-0.191,0.191,0.036481,21.91%
Apr-25,2025-04-13T16:15:00,0.89,0.676,-0.214,0.214,0.045796,24.02%
Apr-25,2025-04-13T16:30:00,0.89,0.612,-0.278,0.278,0.077284,31.25%
Apr-25,2025-04-13T16:45:00,0.9,0.611,-0.289,0.289,0.083521,32.08%
Apr-25,2025-04-13T17:00:00,1.46,1.294,-0.166,0.166,0.027556,11.38%
Apr-25,2025-04-13T17:15:00,2.02,1.748,-0.272,0.272,0.073984,13.45%
Apr-25,2025-04-13T17:30:00,0.85,0.556,-0.294,0.294,0.086436,34.62%
Apr-25,2025-04-13T17:45:00,0.14,0.298,0.158,0.158,0.024964,112.53%
Apr-25,2025-04-13T18:00:00,0.13,0.211,0.081,0.081,0.006561,62.46%
Apr-25,2025-04-13T18:15:00,0.12,0.176,0.056,0.056,0.003136,46.87%
Apr-25,2025-04-13T18:30:00,0.12,0.204,0.084,0.084,0.007056,70.12%
Apr-25,2025-04-13T18:45:00,0.1,0.176,0.076,0.076,0.005776,75.54%
Apr-25,2025-04-13T19:00:00,0.31,0.246,-0.064,0.064,0.004096,20.63%
Apr-25,2025-04-13T19:15:00,0.23,0.274,0.044,0.044,0.001936,19.21%
Apr-25,2025-04-13T19:30:00,0.29,0.272,-0.018,0.018,0.000324,6.31%
Apr-25,2025-04-13T19:45:00,1.84,1.941,0.101,0.101,0.010201,5.49%
Apr-25,2025-04-13T20:00:00,0.34,0.321,-0.019,0.019,0.000361,5.50%
Apr-25,2025-04-13T20:15:00,0.33,0.332,0.002,0.002,0.000004,0.52%
Apr-25,2025-04-13T20:30:00,0.32,0.329,0.009,0.009,0.000081,2.80%
Apr-25,2025-04-13T20:45:00,0.3,0.324,0.024,0.024,0.000576,8.10%
Apr-25,2025-04-13T21:00:00,1.27,1.273,0.003,0.003,0.000009,0.23%
Apr-25,2025-04-13T21:15:00,2.68,2.677,-0.003,0.003,0.000009,0.10%
Apr-25,2025-04-13T21:30:00,3.21,3.225,0.015,0.015,0.000225,0.48%
Apr-25,2025-04-13T21:45:00,3.25,3.267,0.017,0.017,0.000289,0.53%
Apr-25,2025-04-13T22:00:00,2.8,2.823,0.023,0.023,0.000529,0.82%
Apr-25,2025-04-13T22:15:00,0.83,0.904,0.074,0.074,0.005476,8.92%
Apr-25,2025-04-13T22:30:00,0.72,0.733,0.013,0.013,0.000169,1.85%
Apr-25,2025-04-13T22:45:00,0.46,0.489,0.029,0.029,0.000841,6.22%
Apr-25,2025-04-13T23:00:00,1.1,1.001,-0.099,0.099,0.009801,9.04%
Apr-25,2025-04-13T23:15:00,2.05,1.96,-0.09,0.09,0.0081,4.37%
Apr-25,2025-04-13T23:30:00,2.19,2.091,-0.099,0.099,0.009801,4.50%
Apr-25,2025-04-13T23:45:00,2.31,2.262,-0.048,0.048,0.002304,2.08%
Apr-25,2025-04-14T00:00:00,2.33,2.269,-0.061,0.061,0.003721,2.61%
Apr-25,2025-04-14T00:15:00,0.31,0.356,0.046,0.046,0.002116,14.96%
Apr-25,2025-04-14T00:30:00,0.28,0.33,0.05,0.05,0.0025,17.90%
Apr-25,2025-04-14T00:45:00,0.26,0.275,0.015,0.015,0.000225,5.77%
Apr-25,2025-04-14T01:00:00,0.26,0.266,0.006,0.006,0.000036,2.31%
Apr-25,2025-04-14T01:15:00,0.29,0.283,-0.007,0.007,0.000049,2.38%
Apr-25,2025-04-14T01:30:00,0.3,0.291,-0.009,0.009,0.000081,3.14%
Apr-25,2025-04-14T01:45:00,0.3,0.299,-0.001,0.001,0.000001,0.34%
Apr-25,2025-04-14T02:00:00,0.29,0.294,0.004,0.004,0.000016,1.39%
Apr-25,2025-04-14T02:15:00,0.29,0.291,0.001,0.001,0.000001,0.23%
Apr-25,2025-04-14T02:30:00,0.27,0.276,0.006,0.006,0.000036,2.35%
Apr-25,2025-04-14T02:45:00,0.26,0.265,0.005,0.005,0.000025,1.90%
Apr-25,2025-04-14T03:00:00,0.26,0.264,0.004,0.004,0.000016,1.55%
Apr-25,2025-04-14T03:15:00,0.3,0.294,-0.006,0.006,0.000036,1.88%
Apr-25,2025-04-14T03:30:00,0.3,0.301,0.001,0.001,0.000001,0.32%
Apr-25,2025-04-14T03:45:00,0.29,0.293,0.003,0.003,0.000009,1.08%
Apr-25,2025-04-14T04:00:00,0.29,0.29,0,0,0,0.10%
Apr-25,2025-04-14T04:15:00,0.29,0.29,0,0,0,0.16%
Apr-25,2025-04-14T04:30:00,0.99,1.078,0.088,0.088,0.007744,8.88%
Apr-25,2025-04-14T04:45:00,0.29,0.3,0.01,0.01,0.0001,3.56%
Apr-25,2025-04-14T05:00:00,1.72,1.721,0.001,0.001,0.000001,0.03%
Apr-25,2025-04-14T05:15:00,0.33,0.319,-0.011,0.011,0.000121,3.31%
Apr-25,2025-04-14T05:30:00,0.33,0.321,-0.009,0.009,0.000081,2.62%
Apr-25,2025-04-14T05:45:00,1.03,0.997,-0.033,0.033,0.001089,3.19%
Apr-25,2025-04-14T06:00:00,0.32,0.323,0.003,0.003,0.000009,0.86%
Apr-25,2025-04-14T06:15:00,0.31,0.322,0.012,0.012,0.000144,4.02%
Apr-25,2025-04-14T06:30:00,0.27,0.292,0.022,0.022,0.000484,8.03%
Apr-25,2025-04-14T06:45:00,0.35,0.323,-0.027,0.027,0.000729,7.71%
Apr-25,2025-04-14T07:00:00,0.66,0.679,0.019,0.019,0.000361,2.82%
Apr-25,2025-04-14T07:15:00,0.33,0.369,0.039,0.039,0.001521,11.84%
Apr-25,2025-04-14T07:30:00,0.54,0.457,-0.083,0.083,0.006889,15.44%
Apr-25,2025-04-14T07:45:00,1.19,1.184,-0.006,0.006,0.000036,0.46%
Apr-25,2025-04-14T08:00:00,2.25,1.968,-0.282,0.282,0.079524,12.51%
Apr-25,2025-04-14T08:15:00,3.45,3.918,0.468,0.468,0.219024,13.56%
Apr-25,2025-04-14T08:30:00,2.02,2.076,0.056,0.056,0.003136,2.78%
Apr-25,2025-04-14T08:45:00,2.1,2.196,0.096,0.096,0.009216,4.56%
Apr-25,2025-04-14T09:00:00,2.44,2.471,0.031,0.031,0.000961,1.28%
Apr-25,2025-04-14T09:15:00,2.91,2.694,-0.216,0.216,0.046656,7.43%
Apr-25,2025-04-14T09:30:00,2.53,2.649,0.119,0.119,0.014161,4.70%
Apr-25,2025-04-14T09:45:00,0.54,0.635,0.095,0.095,0.009025,17.67%
Apr-25,2025-04-14T10:00:00,1.65,1.039,-0.611,0.611,0.373321,37.03%
Apr-25,2025-04-14T10:15:00,0.91,1.543,0.633,0.633,0.400689,69.55%
Apr-25,2025-04-14T10:30:00,0.28,0.61,0.33,0.33,0.1089,117.91%
Apr-25,2025-04-14T10:45:00,2.26,2.051,-0.209,0.209,0.043681,9.25%
Apr-25,2025-04-14T11:00:00,2.38,2.665,0.285,0.285,0.081225,11.97%
Apr-25,2025-04-14T11:15:00,2.93,2.929,-0.001,0.001,0.000001,0.04%
Apr-25,2025-04-14T11:30:00,3.31,3.088,-0.222,0.222,0.049284,6.72%
Apr-25,2025-04-14T11:45:00,2.97,2.803,-0.167,0.167,0.027889,5.63%
Apr-25,2025-04-14T12:00:00,3.23,3.123,-0.107,0.107,0.011449,3.30%
Apr-25,2025-04-14T12:15:00,3.16,2.998,-0.162,0.162,0.026244,5.14%
Apr-25,2025-04-14T12:30:00,3.7,3.567,-0.133,0.133,0.017689,3.59%
Apr-25,2025-04-14T12:45:00,5.1,5.444,0.344,0.344,0.118336,6.74%
Apr-25,2025-04-14T13:00:00,3.84,3.31,-0.53,0.53,0.2809,13.81%
Apr-25,2025-04-14T13:15:00,1.03,1.314,0.284,0.284,0.080656,27.53%
Apr-25,2025-04-14T13:30:00,0.24,0.368,0.128,0.128,0.016384,53.42%
Apr-25,2025-04-14T13:45:00,0.23,0.277,0.047,0.047,0.002209,20.36%
Apr-25,2025-04-14T14:00:00,0.21,0.317,0.107,0.107,0.011449,50.76%
Apr-25,2025-04-14T14:15:00,0.2,0.384,0.184,0.184,0.033856,92.03%
Apr-25,2025-04-14T14:30:00,0.23,0.282,0.052,0.052,0.002704,22.60%
Apr-25,2025-04-14T14:45:00,0.25,0.279,0.029,0.029,0.000841,11.58%
Apr-25,2025-04-14T15:00:00,0.26,0.262,0.002,0.002,0.000004,0.89%
Apr-25,2025-04-14T15:15:00,0.24,0.223,-0.017,0.017,0.000289,7.09%
Apr-25,2025-04-14T15:30:00,0.23,0.204,-0.026,0.026,0.000676,11.37%
Apr-25,2025-04-14T15:45:00,0.2,0.211,0.011,0.011,0.000121,5.59%
Apr-25,2025-04-14T16:00:00,0.2,0.238,0.038,0.038,0.001444,19.12%
Apr-25,2025-04-14T16:15:00,0.23,0.263,0.033,0.033,0.001089,14.39%
Apr-25,2025-04-14T16:30:00,0.29,0.261,-0.029,0.029,0.000841,9.96%
Apr-25,2025-04-14T16:45:00,0.28,0.253,-0.027,0.027,0.000729,9.68%
Apr-25,2025-04-14T17:00:00,0.3,0.318,0.018,0.018,0.000324,5.95%
Apr-25,2025-04-14T17:15:00,0.3,0.284,-0.016,0.016,0.000256,5.33%
Apr-25,2025-04-14T17:30:00,0.32,0.272,-0.048,0.048,0.002304,15.04%
Apr-25,2025-04-14T17:45:00,0.25,0.307,0.057,0.057,0.003249,22.72%
Apr-25,2025-04-14T18:00:00,0.34,0.298,-0.042,0.042,0.001764,12.42%
Apr-25,2025-04-14T18:15:00,0.32,0.316,-0.004,0.004,0.000016,1.37%
Apr-25,2025-04-14T18:30:00,0.28,0.29,0.01,0.01,0.0001,3.44%
Apr-25,2025-04-14T18:45:00,0.48,0.463,-0.017,0.017,0.000289,3.48%
Apr-25,2025-04-14T19:00:00,2.04,2.148,0.108,0.108,0.011664,5.29%
Apr-25,2025-04-14T19:15:00,0.85,0.836,-0.014,0.014,0.000196,1.69%
Apr-25,2025-04-14T19:30:00,0.73,0.738,0.008,0.008,0.000064,1.05%
Apr-25,2025-04-14T19:45:00,0.82,0.811,-0.009,0.009,0.000081,1.12%
Apr-25,2025-04-14T20:00:00,0.75,0.724,-0.026,0.026,0.000676,3.42%
Apr-25,2025-04-14T20:15:00,0.61,0.59,-0.02,0.02,0.0004,3.20%
Apr-25,2025-04-14T20:30:00,0.5,0.518,0.018,0.018,0.000324,3.50%
Apr-25,2025-04-14T20:45:00,0.59,0.588,-0.002,0.002,0.000004,0.37%
Apr-25,2025-04-14T21:00:00,0.73,0.71,-0.02,0.02,0.0004,2.75%
Apr-25,2025-04-14T21:15:00,0.73,0.705,-0.025,0.025,0.000625,3.40%
Apr-25,2025-04-14T21:30:00,0.69,0.68,-0.01,0.01,0.0001,1.51%
Apr-25,2025-04-14T21:45:00,0.65,0.642,-0.008,0.008,0.000064,1.29%
Apr-25,2025-04-14T22:00:00,0.64,0.622,-0.018,0.018,0.000324,2.74%
Apr-25,2025-04-14T22:15:00,0.58,0.563,-0.017,0.017,0.000289,3.01%
Apr-25,2025-04-14T22:30:00,0.57,0.562,-0.008,0.008,0.000064,1.44%
Apr-25,2025-04-14T22:45:00,0.54,0.536,-0.004,0.004,0.000016,0.73%
Apr-25,2025-04-14T23:00:00,0.53,0.511,-0.019,0.019,0.000361,3.54%
Apr-25,2025-04-14T23:15:00,0.45,0.444,-0.006,0.006,0.000036,1.25%
Apr-25,2025-04-14T23:30:00,0.29,0.324,0.034,0.034,0.001156,11.80%
Apr-25,2025-04-14T23:45:00,0.26,0.29,0.03,0.03,0.0009,11.49%
Apr-25,2025-04-15T00:00:00,0.26,0.285,0.025,0.025,0.000625,9.51%
Apr-25,2025-04-15T00:15:00,0.28,0.271,-0.009,0.009,0.000081,3.35%
Apr-25,2025-04-15T00:30:00,0.29,0.288,-0.002,0.002,0.000004,0.57%
Apr-25,2025-04-15T00:45:00,0.27,0.275,0.005,0.005,0.000025,2.02%
Apr-25,2025-04-15T01:00:00,0.29,0.285,-0.005,0.005,0.000025,1.63%
Apr-25,2025-04-15T01:15:00,0.29,0.287,-0.003,0.003,0.000009,0.92%
Apr-25,2025-04-15T01:30:00,0.29,0.287,-0.003,0.003,0.000009,1.09%
Apr-25,2025-04-15T01:45:00,0.28,0.281,0.001,0.001,0.000001,0.19%
Apr-25,2025-04-15T02:00:00,1.74,1.712,-0.028,0.028,0.000784,1.63%
Apr-25,2025-04-15T02:15:00,1.88,1.797,-0.083,0.083,0.006889,4.40%
Apr-25,2025-04-15T02:30:00,0.23,0.253,0.023,0.023,0.000529,10.04%
Apr-25,2025-04-15T02:45:00,0.27,0.248,-0.022,0.022,0.000484,8.10%
Apr-25,2025-04-15T03:00:00,0.28,0.267,-0.013,0.013,0.000169,4.57%
Apr-25,2025-04-15T03:15:00,0.28,0.275,-0.005,0.005,0.000025,1.94%
Apr-25,2025-04-15T03:30:00,0.27,0.27,0,0,0,0.17%
Apr-25,2025-04-15T03:45:00,0.26,0.254,-0.006,0.006,0.000036,2.39%
Apr-25,2025-04-15T04:00:00,0.28,0.261,-0.019,0.019,0.000361,6.93%
Apr-25,2025-04-15T04:15:00,0.24,0.248,0.008,0.008,0.000064,3.31%
Apr-25,2025-04-15T04:30:00,0.21,0.235,0.025,0.025,0.000625,12.07%
Apr-25,2025-04-15T04:45:00,0.23,0.235,0.005,0.005,0.000025,2.16%
Apr-25,2025-04-15T05:00:00,0.26,0.246,-0.014,0.014,0.000196,5.57%
Apr-25,2025-04-15T05:15:00,0.26,0.253,-0.007,0.007,0.000049,2.63%
Apr-25,2025-04-15T05:30:00,0.27,0.264,-0.006,0.006,0.000036,2.12%
Apr-25,2025-04-15T05:45:00,0.26,0.251,-0.009,0.009,0.000081,3.40%
Apr-25,2025-04-15T06:00:00,0.25,0.25,0,0,0,0.13%
Apr-25,2025-04-15T06:15:00,0.27,0.254,-0.016,0.016,0.000256,5.79%
Apr-25,2025-04-15T06:30:00,0.23,0.24,0.01,0.01,0.0001,4.43%
Apr-25,2025-04-15T06:45:00,0.23,0.234,0.004,0.004,0.000016,1.59%
Apr-25,2025-04-15T07:00:00,0.24,0.236,-0.004,0.004,0.000016,1.73%
Apr-25,2025-04-15T07:15:00,0.27,0.262,-0.008,0.008,0.000064,2.86%
Apr-25,2025-04-15T07:30:00,1.11,1.147,0.037,0.037,0.001369,3.36%
Apr-25,2025-04-15T07:45:00,2.98,3.081,0.101,0.101,0.010201,3.38%
Apr-25,2025-04-15T08:00:00,1.56,1.7,0.14,0.14,0.0196,8.97%
Apr-25,2025-04-15T08:15:00,0.91,0.99,0.08,0.08,0.0064,8.80%
Apr-25,2025-04-15T08:30:00,0.24,0.337,0.097,0.097,0.009409,40.59%
Apr-25,2025-04-15T08:45:00,0.21,0.249,0.039,0.039,0.001521,18.52%
Apr-25,2025-04-15T09:00:00,0.32,0.5,0.18,0.18,0.0324,56.30%
Apr-25,2025-04-15T09:15:00,0.25,0.464,0.214,0.214,0.045796,85.77%
Apr-25,2025-04-15T09:30:00,0.31,0.309,-0.001,0.001,0.000001,0.46%
Apr-25,2025-04-15T09:45:00,0.28,0.31,0.03,0.03,0.0009,10.78%
Apr-25,2025-04-15T10:00:00,0.24,0.322,0.082,0.082,0.006724,34.06%
Apr-25,2025-04-15T10:15:00,0.23,0.266,0.036,0.036,0.001296,15.73%
Apr-25,2025-04-15T10:30:00,0.26,0.257,-0.003,0.003,0.000009,1.11%
Apr-25,2025-04-15T10:45:00,1.64,1.442,-0.198,0.198,0.039204,12.10%
Apr-25,2025-04-15T11:00:00,1.75,1.294,-0.456,0.456,0.207936,26.03%
Apr-25,2025-04-15T11:15:00,1.89,2.26,0.37,0.37,0.1369,19.59%
Apr-25,2025-04-15T11:30:00,2.15,1.945,-0.205,0.205,0.042025,9.51%
Apr-25,2025-04-15T11:45:00,2.27,1.973,-0.297,0.297,0.088209,13.10%
Apr-25,2025-04-15T12:00:00,2.43,2.291,-0.139,0.139,0.019321,5.71%
Apr-25,2025-04-15T12:15:00,2.52,2.853,0.333,0.333,0.110889,13.21%
Apr-25,2025-04-15T12:30:00,2.54,2.406,-0.134,0.134,0.017956,5.28%
Apr-25,2025-04-15T12:45:00,2.78,2.463,-0.317,0.317,0.100489,11.42%
Apr-25,2025-04-15T13:00:00,2.93,2.432,-0.498,0.498,0.248004,17%
Apr-25,2025-04-15T13:15:00,3.14,3.152,0.012,0.012,0.000144,0.40%
Apr-25,2025-04-15T13:30:00,3.11,2.97,-0.14,0.14,0.0196,4.51%
Apr-25,2025-04-15T13:45:00,4.68,3.981,-0.699,0.699,0.488601,14.93%
Apr-25,2025-04-15T14:00:00,2.19,1.766,-0.424,0.424,0.179776,19.35%
Apr-25,2025-04-15T14:15:00,0.29,0.407,0.117,0.117,0.013689,40.49%
Apr-25,2025-04-15T14:30:00,0.29,0.475,0.185,0.185,0.034225,63.81%
Apr-25,2025-04-15T14:45:00,0.94,0.511,-0.429,0.429,0.184041,45.68%
Apr-25,2025-04-15T15:00:00,0.21,0.418,0.208,0.208,0.043264,99.03%
Apr-25,2025-04-15T15:15:00,0.21,0.296,0.086,0.086,0.007396,40.78%
Apr-25,2025-04-15T15:30:00,1.65,1.286,-0.364,0.364,0.132496,22.06%
Apr-25,2025-04-15T15:45:00,0.27,0.34,0.07,0.07,0.0049,25.97%
Apr-25,2025-04-15T16:00:00,0.27,0.24,-0.03,0.03,0.0009,11.10%
Apr-25,2025-04-15T16:15:00,0.25,0.22,-0.03,0.03,0.0009,11.88%
Apr-25,2025-04-15T16:30:00,1.04,0.519,-0.521,0.521,0.271441,50.06%
Apr-25,2025-04-15T16:45:00,0.25,0.463,0.213,0.213,0.045369,85.31%
Apr-25,2025-04-15T17:00:00,0.23,0.25,0.02,0.02,0.0004,8.70%
Apr-25,2025-04-15T17:15:00,0.21,0.261,0.051,0.051,0.002601,24.32%
Apr-25,2025-04-15T17:30:00,0.22,0.288,0.068,0.068,0.004624,30.81%
Apr-25,2025-04-15T17:45:00,0.25,0.245,-0.005,0.005,0.000025,2.13%
Apr-25,2025-04-15T18:00:00,0.26,0.274,0.014,0.014,0.000196,5.41%
Apr-25,2025-04-15T18:15:00,0.26,0.268,0.008,0.008,0.000064,3.10%
Apr-25,2025-04-15T18:30:00,1.22,0.714,-0.506,0.506,0.256036,41.51%
Apr-25,2025-04-15T18:45:00,0.68,0.491,-0.189,0.189,0.035721,27.77%
Apr-25,2025-04-15T19:00:00,0.27,0.287,0.017,0.017,0.000289,6.11%
Apr-25,2025-04-15T19:15:00,0.3,0.295,-0.005,0.005,0.000025,1.72%
Apr-25,2025-04-15T19:30:00,0.39,0.387,-0.003,0.003,0.000009,0.66%
Apr-25,2025-04-15T19:45:00,0.61,0.605,-0.005,0.005,0.000025,0.79%
Apr-25,2025-04-15T20:00:00,0.29,0.35,0.06,0.06,0.0036,20.73%
Apr-25,2025-04-15T20:15:00,0.3,0.31,0.01,0.01,0.0001,3.48%
Apr-25,2025-04-15T20:30:00,0.54,0.499,-0.041,0.041,0.001681,7.53%
Apr-25,2025-04-15T20:45:00,0.64,0.608,-0.032,0.032,0.001024,5.01%
Apr-25,2025-04-15T21:00:00,0.62,0.642,0.022,0.022,0.000484,3.58%
Apr-25,2025-04-15T21:15:00,0.54,0.563,0.023,0.023,0.000529,4.23%
Apr-25,2025-04-15T21:30:00,0.63,0.606,-0.024,0.024,0.000576,3.76%
Apr-25,2025-04-15T21:45:00,2.2,2.369,0.169,0.169,0.028561,7.70%
Apr-25,2025-04-15T22:00:00,0.63,0.607,-0.023,0.023,0.000529,3.58%
Apr-25,2025-04-15T22:15:00,0.33,0.357,0.027,0.027,0.000729,8.08%
Apr-25,2025-04-15T22:30:00,0.32,0.325,0.005,0.005,0.000025,1.62%
Apr-25,2025-04-15T22:45:00,0.32,0.325,0.005,0.005,0.000025,1.71%
Apr-25,2025-04-15T23:00:00,0.28,0.306,0.026,0.026,0.000676,9.32%
Apr-25,2025-04-15T23:15:00,0.26,0.265,0.005,0.005,0.000025,1.83%
Apr-25,2025-04-15T23:30:00,0.28,0.277,-0.003,0.003,0.000009,1.05%
Apr-25,2025-04-15T23:45:00,0.28,0.281,0.001,0.001,0.000001,0.49%
Apr-25,2025-04-16T00:00:00,0.29,0.29,0,0,0,0.11%
Apr-25,2025-04-16T00:15:00,0.3,0.296,-0.004,0.004,0.000016,1.20%
Apr-25,2025-04-16T00:30:00,0.3,0.301,0.001,0.001,0.000001,0.23%
Apr-25,2025-04-16T00:45:00,0.3,0.301,0.001,0.001,0.000001,0.21%
Apr-25,2025-04-16T01:00:00,0.29,0.293,0.003,0.003,0.000009,1.16%
Apr-25,2025-04-16T01:15:00,0.29,0.289,-0.001,0.001,0.000001,0.42%
Apr-25,2025-04-16T01:30:00,0.26,0.267,0.007,0.007,0.000049,2.63%
Apr-25,2025-04-16T01:45:00,0.26,0.262,0.002,0.002,0.000004,0.77%
Apr-25,2025-04-16T02:00:00,0.28,0.276,-0.004,0.004,0.000016,1.53%
Apr-25,2025-04-16T02:15:00,0.3,0.295,-0.005,0.005,0.000025,1.83%
Apr-25,2025-04-16T02:30:00,0.3,0.3,0,0,0,0.08%
Apr-25,2025-04-16T02:45:00,0.3,0.301,0.001,0.001,0.000001,0.40%
Apr-25,2025-04-16T03:00:00,1.17,1.22,0.05,0.05,0.0025,4.23%
Apr-25,2025-04-16T03:15:00,1.87,1.862,-0.008,0.008,0.000064,0.45%
Apr-25,2025-04-16T03:30:00,0.83,0.806,-0.024,0.024,0.000576,2.88%
Apr-25,2025-04-16T03:45:00,0.26,0.298,0.038,0.038,0.001444,14.45%
Apr-25,2025-04-16T04:00:00,0.27,0.265,-0.005,0.005,0.000025,1.87%
Apr-25,2025-04-16T04:15:00,0.3,0.291,-0.009,0.009,0.000081,2.97%
Apr-25,2025-04-16T04:30:00,0.3,0.299,-0.001,0.001,0.000001,0.40%
Apr-25,2025-04-16T04:45:00,0.3,0.3,0,0,0,0.14%
Apr-25,2025-04-16T05:00:00,0.29,0.292,0.002,0.002,0.000004,0.76%
Apr-25,2025-04-16T05:15:00,0.29,0.289,-0.001,0.001,0.000001,0.39%
Apr-25,2025-04-16T05:30:00,0.27,0.275,0.005,0.005,0.000025,1.97%
Apr-25,2025-04-16T05:45:00,0.26,0.263,0.003,0.003,0.000009,1.30%
Apr-25,2025-04-16T06:00:00,0.26,0.264,0.004,0.004,0.000016,1.70%
Apr-25,2025-04-16T06:15:00,0.3,0.293,-0.007,0.007,0.000049,2.17%
Apr-25,2025-04-16T06:30:00,0.3,0.3,0,0,0,0.09%
Apr-25,2025-04-16T06:45:00,0.3,0.299,-0.001,0.001,0.000001,0.37%
Apr-25,2025-04-16T07:00:00,0.26,0.285,0.025,0.025,0.000625,9.62%
Apr-25,2025-04-16T07:15:00,0.45,0.443,-0.007,0.007,0.000049,1.45%
Apr-25,2025-04-16T07:30:00,0.48,0.443,-0.037,0.037,0.001369,7.64%
Apr-25,2025-04-16T07:45:00,3.15,3.337,0.187,0.187,0.034969,5.92%
Apr-25,2025-04-16T08:00:00,0.28,0.483,0.203,0.203,0.041209,72.42%
Apr-25,2025-04-16T08:15:00,0.6,0.531,-0.069,0.069,0.004761,11.58%
Apr-25,2025-04-16T08:30:00,1.38,1.343,-0.037,0.037,0.001369,2.66%
Apr-25,2025-04-16T08:45:00,1.39,1.311,-0.079,0.079,0.006241,5.68%
Apr-25,2025-04-16T09:00:00,0.66,0.596,-0.064,0.064,0.004096,9.63%
Apr-25,2025-04-16T09:15:00,2.62,2.515,-0.105,0.105,0.011025,4.01%
Apr-25,2025-04-16T09:30:00,0.68,0.766,0.086,0.086,0.007396,12.67%
Apr-25,2025-04-16T09:45:00,2.07,2.12,0.05,0.05,0.0025,2.40%
Apr-25,2025-04-16T10:00:00,2.58,2.049,-0.531,0.531,0.281961,20.57%
Apr-25,2025-04-16T10:15:00,0.41,0.723,0.313,0.313,0.097969,76.41%
Apr-25,2025-04-16T10:30:00,0.42,0.469,0.049,0.049,0.002401,11.76%
Apr-25,2025-04-16T10:45:00,1.81,1.751,-0.059,0.059,0.003481,3.26%
Apr-25,2025-04-16T11:00:00,1.86,2.068,0.208,0.208,0.043264,11.18%
Apr-25,2025-04-16T11:15:00,3.35,3.137,-0.213,0.213,0.045369,6.37%
Apr-25,2025-04-16T11:30:00,2.79,2.551,-0.239,0.239,0.057121,8.56%
Apr-25,2025-04-16T11:45:00,2.54,2.639,0.099,0.099,0.009801,3.90%
Apr-25,2025-04-16T12:00:00,2.56,2.569,0.009,0.009,0.000081,0.36%
Apr-25,2025-04-16T12:15:00,2.67,2.67,0,0,0,0.01%
Apr-25,2025-04-16T12:30:00,2.87,2.774,-0.096,0.096,0.009216,3.33%
Apr-25,2025-04-16T12:45:00,4.73,3.943,-0.787,0.787,0.619369,16.65%
Apr-25,2025-04-16T13:00:00,4.21,3.772,-0.438,0.438,0.191844,10.41%
Apr-25,2025-04-16T13:15:00,4.38,4.171,-0.209,0.209,0.043681,4.78%
Apr-25,2025-04-16T13:30:00,2.94,3.076,0.136,0.136,0.018496,4.61%
Apr-25,2025-04-16T13:45:00,3.13,2.908,-0.222,0.222,0.049284,7.09%
Apr-25,2025-04-16T14:00:00,2.54,2.632,0.092,0.092,0.008464,3.61%
Apr-25,2025-04-16T14:15:00,0.22,0.402,0.182,0.182,0.033124,82.74%
Apr-25,2025-04-16T14:30:00,0.24,0.319,0.079,0.079,0.006241,32.97%
Apr-25,2025-04-16T14:45:00,0.29,0.323,0.033,0.033,0.001089,11.51%
Apr-25,2025-04-16T15:00:00,0.58,0.378,-0.202,0.202,0.040804,34.82%
Apr-25,2025-04-16T15:15:00,0.94,0.684,-0.256,0.256,0.065536,27.24%
Apr-25,2025-04-16T15:30:00,0.3,0.471,0.171,0.171,0.029241,56.94%
Apr-25,2025-04-16T15:45:00,0.35,0.309,-0.041,0.041,0.001681,11.77%
Apr-25,2025-04-16T16:00:00,0.36,0.32,-0.04,0.04,0.0016,11.04%
Apr-25,2025-04-16T16:15:00,0.35,0.421,0.071,0.071,0.005041,20.37%
Apr-25,2025-04-16T16:30:00,0.28,0.266,-0.014,0.014,0.000196,4.86%
Apr-25,2025-04-16T16:45:00,0.23,0.272,0.042,0.042,0.001764,18.26%
Apr-25,2025-04-16T17:00:00,0.23,0.245,0.015,0.015,0.000225,6.43%
Apr-25,2025-04-16T17:15:00,0.23,0.27,0.04,0.04,0.0016,17.58%
Apr-25,2025-04-16T17:30:00,0.22,0.248,0.028,0.028,0.000784,12.95%
Apr-25,2025-04-16T17:45:00,0.21,0.226,0.016,0.016,0.000256,7.38%
Apr-25,2025-04-16T18:00:00,0.23,0.259,0.029,0.029,0.000841,12.57%
Apr-25,2025-04-16T18:15:00,0.33,0.304,-0.026,0.026,0.000676,8%
Apr-25,2025-04-16T18:30:00,0.45,0.472,0.022,0.022,0.000484,4.90%
Apr-25,2025-04-16T18:45:00,1.69,1.907,0.217,0.217,0.047089,12.83%
Apr-25,2025-04-16T19:00:00,1.34,1.454,0.114,0.114,0.012996,8.49%
Apr-25,2025-04-16T19:15:00,0.69,0.719,0.029,0.029,0.000841,4.24%
Apr-25,2025-04-16T19:30:00,1.16,1.203,0.043,0.043,0.001849,3.74%
Apr-25,2025-04-16T19:45:00,0.73,0.707,-0.023,0.023,0.000529,3.12%
Apr-25,2025-04-16T20:00:00,2.31,2.333,0.023,0.023,0.000529,0.99%
Apr-25,2025-04-16T20:15:00,2.15,1.929,-0.221,0.221,0.048841,10.30%
Apr-25,2025-04-16T20:30:00,1.34,1.492,0.152,0.152,0.023104,11.34%
Apr-25,2025-04-16T20:45:00,1.36,1.469,0.109,0.109,0.011881,8%
Apr-25,2025-04-16T21:00:00,0.58,0.586,0.006,0.006,0.000036,1.10%
Apr-25,2025-04-16T21:15:00,0.62,0.574,-0.046,0.046,0.002116,7.45%
Apr-25,2025-04-16T21:30:00,0.94,0.9,-0.04,0.04,0.0016,4.23%
Apr-25,2025-04-16T21:45:00,1.24,1.203,-0.037,0.037,0.001369,2.98%
Apr-25,2025-04-16T22:00:00,0.61,0.566,-0.044,0.044,0.001936,7.13%
Apr-25,2025-04-16T22:15:00,1.26,1.336,0.076,0.076,0.005776,6%
Apr-25,2025-04-16T22:30:00,1.46,1.576,0.116,0.116,0.013456,7.93%
Apr-25,2025-04-16T22:45:00,1.48,1.567,0.087,0.087,0.007569,5.85%
Apr-25,2025-04-16T23:00:00,1.11,1.135,0.025,0.025,0.000625,2.23%
Apr-25,2025-04-16T23:15:00,0.22,0.259,0.039,0.039,0.001521,17.52%
Apr-25,2025-04-16T23:30:00,0.23,0.224,-0.006,0.006,0.000036,2.71%
Apr-25,2025-04-16T23:45:00,0.25,0.242,-0.008,0.008,0.000064,3.18%
Apr-25,2025-04-17T00:00:00,0.25,0.257,0.007,0.007,0.000049,2.96%
Apr-25,2025-04-17T00:15:00,0.28,0.258,-0.022,0.022,0.000484,7.74%
Apr-25,2025-04-17T00:30:00,0.26,0.259,-0.001,0.001,0.000001,0.40%
Apr-25,2025-04-17T00:45:00,0.29,0.27,-0.02,0.02,0.0004,6.95%
Apr-25,2025-04-17T01:00:00,0.26,0.26,0,0,0,0%
Apr-25,2025-04-17T01:15:00,0.24,0.243,0.003,0.003,0.000009,1.37%
Apr-25,2025-04-17T01:30:00,0.22,0.242,0.022,0.022,0.000484,10.17%
Apr-25,2025-04-17T01:45:00,0.23,0.237,0.007,0.007,0.000049,3.08%
Apr-25,2025-04-17T02:00:00,0.24,0.236,-0.004,0.004,0.000016,1.52%
Apr-25,2025-04-17T02:15:00,0.28,0.258,-0.022,0.022,0.000484,7.78%
Apr-25,2025-04-17T02:30:00,0.3,0.283,-0.017,0.017,0.000289,5.77%
Apr-25,2025-04-17T02:45:00,0.35,0.317,-0.033,0.033,0.001089,9.31%
Apr-25,2025-04-17T03:00:00,0.97,1.18,0.21,0.21,0.0441,21.64%
Apr-25,2025-04-17T03:15:00,0.99,0.979,-0.011,0.011,0.000121,1.16%
Apr-25,2025-04-17T03:30:00,0.29,0.301,0.011,0.011,0.000121,3.93%
Apr-25,2025-04-17T03:45:00,1.6,1.641,0.041,0.041,0.001681,2.58%
Apr-25,2025-04-17T04:00:00,0.96,1.007,0.047,0.047,0.002209,4.88%
Apr-25,2025-04-17T04:15:00,0.32,0.339,0.019,0.019,0.000361,5.91%
Apr-25,2025-04-17T04:30:00,0.28,0.295,0.015,0.015,0.000225,5.28%
Apr-25,2025-04-17T04:45:00,1.7,1.691,-0.009,0.009,0.000081,0.50%
Apr-25,2025-04-17T05:00:00,1.69,1.675,-0.015,0.015,0.000225,0.88%
Apr-25,2025-04-17T05:15:00,2.45,2.41,-0.04,0.04,0.0016,1.64%
Apr-25,2025-04-17T05:30:00,0.28,0.289,0.009,0.009,0.000081,3.36%
Apr-25,2025-04-17T05:45:00,0.96,0.879,-0.081,0.081,0.006561,8.46%
Apr-25,2025-04-17T06:00:00,0.31,0.326,0.016,0.016,0.000256,5.07%
Apr-25,2025-04-17T06:15:00,0.35,0.351,0.001,0.001,0.000001,0.35%
Apr-25,2025-04-17T06:30:00,0.49,0.524,0.034,0.034,0.001156,6.91%
Apr-25,2025-04-17T06:45:00,0.54,0.559,0.019,0.019,0.000361,3.49%
Apr-25,2025-04-17T07:00:00,0.45,0.407,-0.043,0.043,0.001849,9.46%
Apr-25,2025-04-17T07:15:00,0.52,0.523,0.003,0.003,0.000009,0.52%
Apr-25,2025-04-17T07:30:00,1.12,1.307,0.187,0.187,0.034969,16.73%
Apr-25,2025-04-17T07:45:00,1.4,1.662,0.262,0.262,0.068644,18.73%
Apr-25,2025-04-17T08:00:00,2.73,2.732,0.002,0.002,0.000004,0.06%
Apr-25,2025-04-17T08:15:00,2.14,2.293,0.153,0.153,0.023409,7.13%
Apr-25,2025-04-17T08:30:00,2.98,2.816,-0.164,0.164,0.026896,5.49%
Apr-25,2025-04-17T08:45:00,1.34,1.466,0.126,0.126,0.015876,9.37%
Apr-25,2025-04-17T09:00:00,1.15,1.465,0.315,0.315,0.099225,27.39%
Apr-25,2025-04-17T09:15:00,1.76,1.586,-0.174,0.174,0.030276,9.90%
Apr-25,2025-04-17T09:30:00,1.91,2.05,0.14,0.14,0.0196,7.34%
Apr-25,2025-04-17T09:45:00,2.56,2.354,-0.206,0.206,0.042436,8.05%
Apr-25,2025-04-17T10:00:00,1.5,2.266,0.766,0.766,0.586756,51.10%
Apr-25,2025-04-17T10:15:00,1.97,2.107,0.137,0.137,0.018769,6.95%
Apr-25,2025-04-17T10:30:00,1.88,2.246,0.366,0.366,0.133956,19.45%
Apr-25,2025-04-17T10:45:00,2.21,2.532,0.322,0.322,0.103684,14.55%
Apr-25,2025-04-17T11:00:00,2.35,2.533,0.183,0.183,0.033489,7.79%
Apr-25,2025-04-17T11:15:00,3.53,3.596,0.066,0.066,0.004356,1.87%
Apr-25,2025-04-17T11:30:00,3.48,3.623,0.143,0.143,0.020449,4.12%
Apr-25,2025-04-17T11:45:00,3.94,3.955,0.015,0.015,0.000225,0.39%
Apr-25,2025-04-17T12:00:00,2.96,3.176,0.216,0.216,0.046656,7.29%
Apr-25,2025-04-17T12:15:00,2.57,2.462,-0.108,0.108,0.011664,4.19%
Apr-25,2025-04-17T12:30:00,2.82,2.957,0.137,0.137,0.018769,4.87%
Apr-25,2025-04-17T12:45:00,2.85,2.842,-0.008,0.008,0.000064,0.27%
Apr-25,2025-04-17T13:00:00,2.92,2.346,-0.574,0.574,0.329476,19.65%
Apr-25,2025-04-17T13:15:00,3.06,1.786,-1.274,1.274,1.623076,41.64%
Apr-25,2025-04-17T13:30:00,0.52,1.256,0.736,0.736,0.541696,141.50%
Apr-25,2025-04-17T13:45:00,0.19,0.22,0.03,0.03,0.0009,15.78%
Apr-25,2025-04-17T14:00:00,0.24,0.283,0.043,0.043,0.001849,17.89%
Apr-25,2025-04-17T14:15:00,2.01,1.061,-0.949,0.949,0.900601,47.21%
Apr-25,2025-04-17T14:30:00,0.23,0.673,0.443,0.443,0.196249,192.82%
Apr-25,2025-04-17T14:45:00,0.22,0.329,0.109,0.109,0.011881,49.69%
Apr-25,2025-04-17T15:00:00,0.22,0.21,-0.01,0.01,0.0001,4.68%
Apr-25,2025-04-17T15:15:00,0.22,0.238,0.018,0.018,0.000324,8.35%
Apr-25,2025-04-17T15:30:00,0.2,0.286,0.086,0.086,0.007396,42.95%
Apr-25,2025-04-17T15:45:00,0.19,0.212,0.022,0.022,0.000484,11.83%
Apr-25,2025-04-17T16:00:00,0.2,0.182,-0.018,0.018,0.000324,8.93%
Apr-25,2025-04-17T16:15:00,0.24,0.25,0.01,0.01,0.0001,4.31%
Apr-25,2025-04-17T16:30:00,0.24,0.275,0.035,0.035,0.001225,14.45%
Apr-25,2025-04-17T16:45:00,0.24,0.257,0.017,0.017,0.000289,6.94%
Apr-25,2025-04-17T17:00:00,0.23,0.229,-0.001,0.001,0.000001,0.27%
Apr-25,2025-04-17T17:15:00,0.23,0.239,0.009,0.009,0.000081,3.92%
Apr-25,2025-04-17T17:30:00,0.2,0.262,0.062,0.062,0.003844,30.98%
Apr-25,2025-04-17T17:45:00,0.2,0.227,0.027,0.027,0.000729,13.65%
Apr-25,2025-04-17T18:00:00,0.21,0.211,0.001,0.001,0.000001,0.61%
Apr-25,2025-04-17T18:15:00,0.25,0.24,-0.01,0.01,0.0001,4.03%
Apr-25,2025-04-17T18:30:00,0.25,0.241,-0.009,0.009,0.000081,3.78%
Apr-25,2025-04-17T18:45:00,0.24,0.265,0.025,0.025,0.000625,10.37%
Apr-25,2025-04-17T19:00:00,0.23,0.252,0.022,0.022,0.000484,9.71%
Apr-25,2025-04-17T19:15:00,0.23,0.24,0.01,0.01,0.0001,4.15%
Apr-25,2025-04-17T19:30:00,0.24,0.253,0.013,0.013,0.000169,5.39%
Apr-25,2025-04-17T19:45:00,0.25,0.244,-0.006,0.006,0.000036,2.50%
Apr-25,2025-04-17T20:00:00,0.26,0.252,-0.008,0.008,0.000064,2.97%
Apr-25,2025-04-17T20:15:00,0.29,0.268,-0.022,0.022,0.000484,7.47%
Apr-25,2025-04-17T20:30:00,0.29,0.279,-0.011,0.011,0.000121,3.79%
Apr-25,2025-04-17T20:45:00,0.28,0.269,-0.011,0.011,0.000121,4.06%
Apr-25,2025-04-17T21:00:00,0.28,0.266,-0.014,0.014,0.000196,5.04%
Apr-25,2025-04-17T21:15:00,0.27,0.264,-0.006,0.006,0.000036,2.13%
Apr-25,2025-04-17T21:30:00,0.25,0.245,-0.005,0.005,0.000025,1.93%
Apr-25,2025-04-17T21:45:00,0.25,0.249,-0.001,0.001,0.000001,0.35%
Apr-25,2025-04-17T22:00:00,0.27,0.261,-0.009,0.009,0.000081,3.42%
Apr-25,2025-04-17T22:15:00,0.3,0.285,-0.015,0.015,0.000225,5.09%
Apr-25,2025-04-17T22:30:00,0.3,0.287,-0.013,0.013,0.000169,4.23%
Apr-25,2025-04-17T22:45:00,0.3,0.288,-0.012,0.012,0.000144,3.89%
Apr-25,2025-04-17T23:00:00,0.29,0.285,-0.005,0.005,0.000025,1.63%
Apr-25,2025-04-17T23:15:00,0.29,0.285,-0.005,0.005,0.000025,1.74%
Apr-25,2025-04-17T23:30:00,0.26,0.264,0.004,0.004,0.000016,1.43%
Apr-25,2025-04-17T23:45:00,0.26,0.258,-0.002,0.002,0.000004,0.87%
Apr-25,2025-04-18T00:00:00,0.28,0.272,-0.008,0.008,0.000064,2.88%
Apr-25,2025-04-18T00:15:00,0.31,0.29,-0.02,0.02,0.0004,6.48%
Apr-25,2025-04-18T00:30:00,0.3,0.299,-0.001,0.001,0.000001,0.40%
Apr-25,2025-04-18T00:45:00,0.3,0.299,-0.001,0.001,0.000001,0.22%
Apr-25,2025-04-18T01:00:00,0.29,0.291,0.001,0.001,0.000001,0.49%
Apr-25,2025-04-18T01:15:00,0.29,0.288,-0.002,0.002,0.000004,0.60%
Apr-25,2025-04-18T01:30:00,0.26,0.265,0.005,0.005,0.000025,1.85%
Apr-25,2025-04-18T01:45:00,0.26,0.258,-0.002,0.002,0.000004,0.66%
Apr-25,2025-04-18T02:00:00,0.27,0.265,-0.005,0.005,0.000025,1.98%
Apr-25,2025-04-18T02:15:00,0.3,0.287,-0.013,0.013,0.000169,4.34%
Apr-25,2025-04-18T02:30:00,0.3,0.299,-0.001,0.001,0.000001,0.49%
Apr-25,2025-04-18T02:45:00,0.3,0.299,-0.001,0.001,0.000001,0.31%
Apr-25,2025-04-18T03:00:00,0.29,0.283,-0.007,0.007,0.000049,2.25%
Apr-25,2025-04-18T03:15:00,0.29,0.282,-0.008,0.008,0.000064,2.88%
Apr-25,2025-04-18T03:30:00,0.26,0.265,0.005,0.005,0.000025,2.08%
Apr-25,2025-04-18T03:45:00,0.26,0.258,-0.002,0.002,0.000004,0.79%
Apr-25,2025-04-18T04:00:00,0.29,0.271,-0.019,0.019,0.000361,6.47%
Apr-25,2025-04-18T04:15:00,0.3,0.299,-0.001,0.001,0.000001,0.49%
Apr-25,2025-04-18T04:30:00,0.3,0.301,0.001,0.001,0.000001,0.17%
Apr-25,2025-04-18T04:45:00,0.29,0.288,-0.002,0.002,0.000004,0.63%
Apr-25,2025-04-18T05:00:00,0.29,0.283,-0.007,0.007,0.000049,2.57%
Apr-25,2025-04-18T05:15:00,0.28,0.268,-0.012,0.012,0.000144,4.34%
Apr-25,2025-04-18T05:30:00,0.26,0.266,0.006,0.006,0.000036,2.16%
Apr-25,2025-04-18T05:45:00,0.26,0.253,-0.007,0.007,0.000049,2.56%
Apr-25,2025-04-18T06:00:00,0.28,0.268,-0.012,0.012,0.000144,4.26%
Apr-25,2025-04-18T06:15:00,0.3,0.292,-0.008,0.008,0.000064,2.53%
Apr-25,2025-04-18T06:30:00,0.29,0.291,0.001,0.001,0.000001,0.41%
Apr-25,2025-04-18T06:45:00,0.96,0.981,0.021,0.021,0.000441,2.19%
Apr-25,2025-04-18T07:00:00,4.25,4.2,-0.05,0.05,0.0025,1.19%
Apr-25,2025-04-18T07:15:00,1.66,1.612,-0.048,0.048,0.002304,2.89%
Apr-25,2025-04-18T07:30:00,1.81,1.654,-0.156,0.156,0.024336,8.59%
Apr-25,2025-04-18T07:45:00,2.26,1.82,-0.44,0.44,0.1936,19.49%
Apr-25,2025-04-18T08:00:00,3.31,3.241,-0.069,0.069,0.004761,2.09%
Apr-25,2025-04-18T08:15:00,3.56,3.119,-0.441,0.441,0.194481,12.39%
Apr-25,2025-04-18T08:30:00,1.34,0.989,-0.351,0.351,0.123201,26.19%
Apr-25,2025-04-18T08:45:00,2.24,1.915,-0.325,0.325,0.105625,14.49%
Apr-25,2025-04-18T09:00:00,1.67,1.674,0.004,0.004,0.000016,0.21%
Apr-25,2025-04-18T09:15:00,1.56,1.343,-0.217,0.217,0.047089,13.91%
Apr-25,2025-04-18T09:30:00,1.43,1.343,-0.087,0.087,0.007569,6.11%
Apr-25,2025-04-18T09:45:00,0.46,0.798,0.338,0.338,0.114244,73.58%
Apr-25,2025-04-18T10:00:00,0.32,0.781,0.461,0.461,0.212521,144.10%
Apr-25,2025-04-18T10:15:00,0.24,0.536,0.296,0.296,0.087616,123.40%
Apr-25,2025-04-18T10:30:00,0.43,0.463,0.033,0.033,0.001089,7.63%
Apr-25,2025-04-18T10:45:00,1.76,1.23,-0.53,0.53,0.2809,30.11%
Apr-25,2025-04-18T11:00:00,1.87,1.796,-0.074,0.074,0.005476,3.95%
Apr-25,2025-04-18T11:15:00,1.92,2.119,0.199,0.199,0.039601,10.35%
Apr-25,2025-04-18T11:30:00,2.09,2.237,0.147,0.147,0.021609,7.02%
Apr-25,2025-04-18T11:45:00,2.42,2.365,-0.055,0.055,0.003025,2.28%
Apr-25,2025-04-18T12:00:00,2.26,2.1,-0.16,0.16,0.0256,7.09%
Apr-25,2025-04-18T12:15:00,2.06,1.944,-0.116,0.116,0.013456,5.63%
Apr-25,2025-04-18T12:30:00,1.99,2.505,0.515,0.515,0.265225,25.85%
Apr-25,2025-04-18T12:45:00,3.08,3.159,0.079,0.079,0.006241,2.58%
Apr-25,2025-04-18T13:00:00,4.74,3.624,-1.116,1.116,1.245456,23.54%
Apr-25,2025-04-18T13:15:00,3.39,4.115,0.725,0.725,0.525625,21.40%
Apr-25,2025-04-18T13:30:00,5.53,4.073,-1.457,1.457,2.122849,26.36%
Apr-25,2025-04-18T13:45:00,5.66,5.436,-0.224,0.224,0.050176,3.96%
Apr-25,2025-04-18T14:00:00,5.7,5.393,-0.307,0.307,0.094249,5.39%
Apr-25,2025-04-18T14:15:00,5.08,5.284,0.204,0.204,0.041616,4.02%
Apr-25,2025-04-18T14:30:00,5.11,4.947,-0.163,0.163,0.026569,3.18%
Apr-25,2025-04-18T14:45:00,5.09,4.925,-0.165,0.165,0.027225,3.24%
Apr-25,2025-04-18T15:00:00,5.02,4.866,-0.154,0.154,0.023716,3.06%
Apr-25,2025-04-18T15:15:00,4.9,4.326,-0.574,0.574,0.329476,11.71%
Apr-25,2025-04-18T15:30:00,3.91,4.429,0.519,0.519,0.269361,13.27%
Apr-25,2025-04-18T15:45:00,4.52,3.881,-0.639,0.639,0.408321,14.14%
Apr-25,2025-04-18T16:00:00,2.2,2.862,0.662,0.662,0.438244,30.08%
Apr-25,2025-04-18T16:15:00,1.5,1.936,0.436,0.436,0.190096,29.04%
Apr-25,2025-04-18T16:30:00,1.6,1.621,0.021,0.021,0.000441,1.33%
Apr-25,2025-04-18T16:45:00,2.17,1.898,-0.272,0.272,0.073984,12.53%
Apr-25,2025-04-18T17:00:00,1.1,1.365,0.265,0.265,0.070225,24.12%
Apr-25,2025-04-18T17:15:00,0.87,1.017,0.147,0.147,0.021609,16.87%
Apr-25,2025-04-18T17:30:00,1.09,0.81,-0.28,0.28,0.0784,25.65%
Apr-25,2025-04-18T17:45:00,0.94,0.761,-0.179,0.179,0.032041,18.99%
Apr-25,2025-04-18T18:00:00,0.7,0.655,-0.045,0.045,0.002025,6.48%
Apr-25,2025-04-18T18:15:00,0.59,0.582,-0.008,0.008,0.000064,1.35%
Apr-25,2025-04-18T18:30:00,0.44,0.477,0.037,0.037,0.001369,8.44%
Apr-25,2025-04-18T18:45:00,0.43,0.412,-0.018,0.018,0.000324,4.23%
Apr-25,2025-04-18T19:00:00,0.27,0.349,0.079,0.079,0.006241,29.21%
Apr-25,2025-04-18T19:15:00,0.22,0.284,0.064,0.064,0.004096,29.29%
Apr-25,2025-04-18T19:30:00,0.2,0.249,0.049,0.049,0.002401,24.33%
Apr-25,2025-04-18T19:45:00,0.22,0.236,0.016,0.016,0.000256,7.22%
Apr-25,2025-04-18T20:00:00,0.29,0.291,0.001,0.001,0.000001,0.20%
Apr-25,2025-04-18T20:15:00,0.25,0.26,0.01,0.01,0.0001,3.95%
Apr-25,2025-04-18T20:30:00,0.29,0.277,-0.013,0.013,0.000169,4.41%
Apr-25,2025-04-18T20:45:00,0.3,0.293,-0.007,0.007,0.000049,2.28%
Apr-25,2025-04-18T21:00:00,0.3,0.302,0.002,0.002,0.000004,0.56%
Apr-25,2025-04-18T21:15:00,0.29,0.294,0.004,0.004,0.000016,1.29%
Apr-25,2025-04-18T21:30:00,0.28,0.281,0.001,0.001,0.000001,0.47%
Apr-25,2025-04-18T21:45:00,0.25,0.261,0.011,0.011,0.000121,4.53%
Apr-25,2025-04-18T22:00:00,0.25,0.255,0.005,0.005,0.000025,1.87%
Apr-25,2025-04-18T22:15:00,0.29,0.284,-0.006,0.006,0.000036,2.04%
Apr-25,2025-04-18T22:30:00,0.27,0.275,0.005,0.005,0.000025,1.78%
Apr-25,2025-04-18T22:45:00,0.29,0.287,-0.003,0.003,0.000009,0.95%
Apr-25,2025-04-18T23:00:00,0.3,0.289,-0.011,0.011,0.000121,3.76%
Apr-25,2025-04-18T23:15:00,0.29,0.298,0.008,0.008,0.000064,2.83%
Apr-25,2025-04-18T23:30:00,0.28,0.28,0,0,0,0.03%
Apr-25,2025-04-18T23:45:00,0.27,0.273,0.003,0.003,0.000009,1.03%
Apr-25,2025-04-19T00:00:00,0.26,0.253,-0.007,0.007,0.000049,2.77%
Apr-25,2025-04-19T00:15:00,0.24,0.247,0.007,0.007,0.000049,3%
Apr-25,2025-04-19T00:30:00,0.27,0.266,-0.004,0.004,0.000016,1.58%
Apr-25,2025-04-19T00:45:00,0.27,0.27,0,0,0,0.11%
Apr-25,2025-04-19T01:00:00,0.29,0.284,-0.006,0.006,0.000036,2.03%
Apr-25,2025-04-19T01:15:00,0.28,0.28,0,0,0,0.07%
Apr-25,2025-04-19T01:30:00,0.27,0.272,0.002,0.002,0.000004,0.78%
Apr-25,2025-04-19T01:45:00,0.27,0.269,-0.001,0.001,0.000001,0.43%
Apr-25,2025-04-19T02:00:00,0.26,0.261,0.001,0.001,0.000001,0.29%
Apr-25,2025-04-19T02:15:00,0.25,0.247,-0.003,0.003,0.000009,1.01%
Apr-25,2025-04-19T02:30:00,0.24,0.242,0.002,0.002,0.000004,0.72%
Apr-25,2025-04-19T02:45:00,0.26,0.253,-0.007,0.007,0.000049,2.62%
Apr-25,2025-04-19T03:00:00,0.28,0.272,-0.008,0.008,0.000064,2.96%
Apr-25,2025-04-19T03:15:00,0.28,0.277,-0.003,0.003,0.000009,1.06%
Apr-25,2025-04-19T03:30:00,0.28,0.277,-0.003,0.003,0.000009,1.05%
Apr-25,2025-04-19T03:45:00,0.27,0.27,0,0,0,0.08%
Apr-25,2025-04-19T04:00:00,0.27,0.266,-0.004,0.004,0.000016,1.53%
Apr-25,2025-04-19T04:15:00,0.25,0.249,-0.001,0.001,0.000001,0.24%
Apr-25,2025-04-19T04:30:00,0.25,0.244,-0.006,0.006,0.000036,2.58%
Apr-25,2025-04-19T04:45:00,0.26,0.248,-0.012,0.012,0.000144,4.66%
Apr-25,2025-04-19T05:00:00,0.28,0.276,-0.004,0.004,0.000016,1.52%
Apr-25,2025-04-19T05:15:00,0.29,0.277,-0.013,0.013,0.000169,4.54%
Apr-25,2025-04-19T05:30:00,0.28,0.277,-0.003,0.003,0.000009,0.99%
Apr-25,2025-04-19T05:45:00,0.28,0.273,-0.007,0.007,0.000049,2.39%
Apr-25,2025-04-19T06:00:00,0.27,0.269,-0.001,0.001,0.000001,0.38%
Apr-25,2025-04-19T06:15:00,0.26,0.258,-0.002,0.002,0.000004,0.80%
Apr-25,2025-04-19T06:30:00,0.24,0.247,0.007,0.007,0.000049,3.01%
Apr-25,2025-04-19T06:45:00,0.24,0.241,0.001,0.001,0.000001,0.26%
Apr-25,2025-04-19T07:00:00,0.22,0.26,0.04,0.04,0.0016,18.18%
Apr-25,2025-04-19T07:15:00,0.23,0.25,0.02,0.02,0.0004,8.69%
Apr-25,2025-04-19T07:30:00,0.23,0.252,0.022,0.022,0.000484,9.66%
Apr-25,2025-04-19T07:45:00,0.23,0.244,0.014,0.014,0.000196,6.08%
Apr-25,2025-04-19T08:00:00,0.22,0.252,0.032,0.032,0.001024,14.57%
Apr-25,2025-04-19T08:15:00,0.21,0.222,0.012,0.012,0.000144,5.60%
Apr-25,2025-04-19T08:30:00,0.19,0.226,0.036,0.036,0.001296,19.07%
Apr-25,2025-04-19T08:45:00,0.19,0.185,-0.005,0.005,0.000025,2.81%
Apr-25,2025-04-19T09:00:00,0.19,0.201,0.011,0.011,0.000121,5.85%
Apr-25,2025-04-19T09:15:00,0.22,0.214,-0.006,0.006,0.000036,2.58%
Apr-25,2025-04-19T09:30:00,0.23,0.282,0.052,0.052,0.002704,22.56%
Apr-25,2025-04-19T09:45:00,0.99,0.653,-0.337,0.337,0.113569,34.05%
Apr-25,2025-04-19T10:00:00,1.12,1.136,0.016,0.016,0.000256,1.47%
Apr-25,2025-04-19T10:15:00,1.08,1.183,0.103,0.103,0.010609,9.57%
Apr-25,2025-04-19T10:30:00,0.88,1.215,0.335,0.335,0.112225,38.08%
Apr-25,2025-04-19T10:45:00,1.74,1.69,-0.05,0.05,0.0025,2.88%
Apr-25,2025-04-19T11:00:00,2.4,2.075,-0.325,0.325,0.105625,13.55%
Apr-25,2025-04-19T11:15:00,2.19,2.293,0.103,0.103,0.010609,4.68%
Apr-25,2025-04-19T11:30:00,2.67,2.436,-0.234,0.234,0.054756,8.76%
Apr-25,2025-04-19T11:45:00,3.1,3.022,-0.078,0.078,0.006084,2.52%
Apr-25,2025-04-19T12:00:00,2.76,3.038,0.278,0.278,0.077284,10.08%
Apr-25,2025-04-19T12:15:00,2.71,2.889,0.179,0.179,0.032041,6.62%
Apr-25,2025-04-19T12:30:00,2.28,2.855,0.575,0.575,0.330625,25.21%
Apr-25,2025-04-19T12:45:00,1.49,2.217,0.727,0.727,0.528529,48.78%
Apr-25,2025-04-19T13:00:00,0.18,0.603,0.423,0.423,0.178929,235.25%
Apr-25,2025-04-19T13:15:00,0.19,0.33,0.14,0.14,0.0196,73.79%
Apr-25,2025-04-19T13:30:00,0.21,0.411,0.201,0.201,0.040401,95.73%
Apr-25,2025-04-19T13:45:00,0.22,0.294,0.074,0.074,0.005476,33.51%
Apr-25,2025-04-19T14:00:00,0.22,0.216,-0.004,0.004,0.000016,1.72%
Apr-25,2025-04-19T14:15:00,0.21,0.23,0.02,0.02,0.0004,9.48%
Apr-25,2025-04-19T14:30:00,0.22,0.173,-0.047,0.047,0.002209,21.44%
Apr-25,2025-04-19T14:45:00,0.2,0.226,0.026,0.026,0.000676,13%
Apr-25,2025-04-19T15:00:00,0.22,0.237,0.017,0.017,0.000289,7.53%
Apr-25,2025-04-19T15:15:00,0.18,0.248,0.068,0.068,0.004624,37.88%
Apr-25,2025-04-19T15:30:00,0.2,0.19,-0.01,0.01,0.0001,4.87%
Apr-25,2025-04-19T15:45:00,0.22,0.182,-0.038,0.038,0.001444,17.47%
Apr-25,2025-04-19T16:00:00,0.22,0.26,0.04,0.04,0.0016,18.38%
Apr-25,2025-04-19T16:15:00,0.22,0.217,-0.003,0.003,0.000009,1.46%
Apr-25,2025-04-19T16:30:00,0.21,0.224,0.014,0.014,0.000196,6.45%
Apr-25,2025-04-19T16:45:00,0.21,0.234,0.024,0.024,0.000576,11.60%
Apr-25,2025-04-19T17:00:00,0.17,0.217,0.047,0.047,0.002209,27.36%
Apr-25,2025-04-19T17:15:00,0.19,0.243,0.053,0.053,0.002809,28.13%
Apr-25,2025-04-19T17:30:00,0.19,0.197,0.007,0.007,0.000049,3.47%
Apr-25,2025-04-19T17:45:00,0.22,0.17,-0.05,0.05,0.0025,22.88%
Apr-25,2025-04-19T18:00:00,0.23,0.204,-0.026,0.026,0.000676,11.41%
Apr-25,2025-04-19T18:15:00,0.23,0.19,-0.04,0.04,0.0016,17.19%
Apr-25,2025-04-19T18:30:00,0.22,0.195,-0.025,0.025,0.000625,11.27%
Apr-25,2025-04-19T18:45:00,0.22,0.3,0.08,0.08,0.0064,36.17%
Apr-25,2025-04-19T19:00:00,0.2,0.211,0.011,0.011,0.000121,5.60%
Apr-25,2025-04-19T19:15:00,0.19,0.197,0.007,0.007,0.000049,3.94%
Apr-25,2025-04-19T19:30:00,0.19,0.203,0.013,0.013,0.000169,6.76%
Apr-25,2025-04-19T19:45:00,0.21,0.179,-0.031,0.031,0.000961,14.79%
Apr-25,2025-04-19T20:00:00,0.26,0.233,-0.027,0.027,0.000729,10.24%
Apr-25,2025-04-19T20:15:00,0.3,0.263,-0.037,0.037,0.001369,12.25%
Apr-25,2025-04-19T20:30:00,0.3,0.288,-0.012,0.012,0.000144,3.85%
Apr-25,2025-04-19T20:45:00,0.29,0.28,-0.01,0.01,0.0001,3.42%
Apr-25,2025-04-19T21:00:00,0.29,0.282,-0.008,0.008,0.000064,2.84%
Apr-25,2025-04-19T21:15:00,0.26,0.261,0.001,0.001,0.000001,0.46%
Apr-25,2025-04-19T21:30:00,0.26,0.259,-0.001,0.001,0.000001,0.25%
Apr-25,2025-04-19T21:45:00,0.28,0.273,-0.007,0.007,0.000049,2.52%
Apr-25,2025-04-19T22:00:00,0.29,0.283,-0.007,0.007,0.000049,2.25%
Apr-25,2025-04-19T22:15:00,0.27,0.269,-0.001,0.001,0.000001,0.40%
Apr-25,2025-04-19T22:30:00,0.27,0.258,-0.012,0.012,0.000144,4.55%
Apr-25,2025-04-19T22:45:00,0.26,0.257,-0.003,0.003,0.000009,1.07%
Apr-25,2025-04-19T23:00:00,0.26,0.247,-0.013,0.013,0.000169,5.04%
Apr-25,2025-04-19T23:15:00,0.24,0.245,0.005,0.005,0.000025,2.17%
Apr-25,2025-04-19T23:30:00,0.23,0.242,0.012,0.012,0.000144,5.01%
Apr-25,2025-04-19T23:45:00,0.23,0.242,0.012,0.012,0.000144,5.25%
Apr-25,2025-04-20T00:00:00,0.26,0.246,-0.014,0.014,0.000196,5.55%
Apr-25,2025-04-20T00:15:00,0.27,0.256,-0.014,0.014,0.000196,5.18%
Apr-25,2025-04-20T00:30:00,0.27,0.262,-0.008,0.008,0.000064,2.91%
Apr-25,2025-04-20T00:45:00,0.26,0.254,-0.006,0.006,0.000036,2.14%
Apr-25,2025-04-20T01:00:00,0.26,0.25,-0.01,0.01,0.0001,3.72%
Apr-25,2025-04-20T01:15:00,0.26,0.246,-0.014,0.014,0.000196,5.45%
Apr-25,2025-04-20T01:30:00,0.23,0.244,0.014,0.014,0.000196,6.19%
Apr-25,2025-04-20T01:45:00,0.23,0.238,0.008,0.008,0.000064,3.56%
Apr-25,2025-04-20T02:00:00,0.24,0.243,0.003,0.003,0.000009,1.12%
Apr-25,2025-04-20T02:15:00,0.26,0.244,-0.016,0.016,0.000256,6.29%
Apr-25,2025-04-20T02:30:00,0.27,0.26,-0.01,0.01,0.0001,3.71%
Apr-25,2025-04-20T02:45:00,0.27,0.261,-0.009,0.009,0.000081,3.28%
Apr-25,2025-04-20T03:00:00,0.26,0.253,-0.007,0.007,0.000049,2.69%
Apr-25,2025-04-20T03:15:00,0.26,0.246,-0.014,0.014,0.000196,5.50%
Apr-25,2025-04-20T03:30:00,0.24,0.244,0.004,0.004,0.000016,1.71%
Apr-25,2025-04-20T03:45:00,0.23,0.243,0.013,0.013,0.000169,5.48%
Apr-25,2025-04-20T04:00:00,0.23,0.238,0.008,0.008,0.000064,3.52%
Apr-25,2025-04-20T04:15:00,0.25,0.237,-0.013,0.013,0.000169,5.15%
Apr-25,2025-04-20T04:30:00,0.27,0.251,-0.019,0.019,0.000361,7.19%
Apr-25,2025-04-20T04:45:00,0.27,0.254,-0.016,0.016,0.000256,6.03%
Apr-25,2025-04-20T05:00:00,0.26,0.254,-0.006,0.006,0.000036,2.45%
Apr-25,2025-04-20T05:15:00,0.26,0.251,-0.009,0.009,0.000081,3.49%
Apr-25,2025-04-20T05:30:00,0.24,0.244,0.004,0.004,0.000016,1.86%
Apr-25,2025-04-20T05:45:00,0.23,0.238,0.008,0.008,0.000064,3.33%
Apr-25,2025-04-20T06:00:00,0.23,0.23,0,0,0,0.13%
Apr-25,2025-04-20T06:15:00,0.25,0.236,-0.014,0.014,0.000196,5.76%
Apr-25,2025-04-20T06:30:00,0.26,0.245,-0.015,0.015,0.000225,5.60%
Apr-25,2025-04-20T06:45:00,0.25,0.255,0.005,0.005,0.000025,1.98%
Apr-25,2025-04-20T07:00:00,0.23,0.22,-0.01,0.01,0.0001,4.43%
Apr-25,2025-04-20T07:15:00,0.22,0.214,-0.006,0.006,0.000036,2.94%
Apr-25,2025-04-20T07:30:00,0.22,0.214,-0.006,0.006,0.000036,2.69%
Apr-25,2025-04-20T07:45:00,0.2,0.215,0.015,0.015,0.000225,7.66%
Apr-25,2025-04-20T08:00:00,0.18,0.222,0.042,0.042,0.001764,23.27%
Apr-25,2025-04-20T08:15:00,0.19,0.183,-0.007,0.007,0.000049,3.91%
Apr-25,2025-04-20T08:30:00,0.22,0.223,0.003,0.003,0.000009,1.54%
Apr-25,2025-04-20T08:45:00,0.23,0.207,-0.023,0.023,0.000529,9.91%
Apr-25,2025-04-20T09:00:00,0.23,0.242,0.012,0.012,0.000144,5.43%
Apr-25,2025-04-20T09:15:00,0.22,0.232,0.012,0.012,0.000144,5.52%
Apr-25,2025-04-20T09:30:00,0.21,0.204,-0.006,0.006,0.000036,3.09%
Apr-25,2025-04-20T09:45:00,0.2,0.188,-0.012,0.012,0.000144,6.08%
Apr-25,2025-04-20T10:00:00,0.18,0.211,0.031,0.031,0.000961,17%
Apr-25,2025-04-20T10:15:00,0.19,0.206,0.016,0.016,0.000256,8.64%
Apr-25,2025-04-20T10:30:00,0.2,0.18,-0.02,0.02,0.0004,10.13%
Apr-25,2025-04-20T10:45:00,0.22,0.194,-0.026,0.026,0.000676,11.99%
Apr-25,2025-04-20T11:00:00,0.23,0.182,-0.048,0.048,0.002304,20.87%
Apr-25,2025-04-20T11:15:00,0.22,0.229,0.009,0.009,0.000081,3.97%
Apr-25,2025-04-20T11:30:00,0.21,0.255,0.045,0.045,0.002025,21.42%
Apr-25,2025-04-20T11:45:00,0.21,0.299,0.089,0.089,0.007921,42.52%
Apr-25,2025-04-20T12:00:00,0.18,0.221,0.041,0.041,0.001681,22.82%
Apr-25,2025-04-20T12:15:00,0.19,0.206,0.016,0.016,0.000256,8.54%
Apr-25,2025-04-20T12:30:00,0.19,0.172,-0.018,0.018,0.000324,9.43%
Apr-25,2025-04-20T12:45:00,0.22,0.229,0.009,0.009,0.000081,4.31%
Apr-25,2025-04-20T13:00:00,0.23,0.228,-0.002,0.002,0.000004,0.87%
Apr-25,2025-04-20T13:15:00,0.22,0.25,0.03,0.03,0.0009,13.63%
Apr-25,2025-04-20T13:30:00,0.22,0.226,0.006,0.006,0.000036,2.81%
Apr-25,2025-04-20T13:45:00,0.21,0.224,0.014,0.014,0.000196,6.63%
Apr-25,2025-04-20T14:00:00,0.2,0.234,0.034,0.034,0.001156,17.09%
Apr-25,2025-04-20T14:15:00,0.18,0.215,0.035,0.035,0.001225,19.30%
Apr-25,2025-04-20T14:30:00,0.18,0.171,-0.009,0.009,0.000081,4.98%
Apr-25,2025-04-20T14:45:00,0.21,0.193,-0.017,0.017,0.000289,8.22%
Apr-25,2025-04-20T15:00:00,0.22,0.243,0.023,0.023,0.000529,10.32%
Apr-25,2025-04-20T15:15:00,0.23,0.211,-0.019,0.019,0.000361,8.12%
Apr-25,2025-04-20T15:30:00,0.22,0.234,0.014,0.014,0.000196,6.54%
Apr-25,2025-04-20T15:45:00,0.22,0.231,0.011,0.011,0.000121,5.19%
Apr-25,2025-04-20T16:00:00,0.2,0.192,-0.008,0.008,0.000064,3.81%
Apr-25,2025-04-20T16:15:00,0.18,0.205,0.025,0.025,0.000625,13.98%
Apr-25,2025-04-20T16:30:00,0.18,0.211,0.031,0.031,0.000961,16.97%
Apr-25,2025-04-20T16:45:00,0.2,0.191,-0.009,0.009,0.000081,4.48%
Apr-25,2025-04-20T17:00:00,0.21,0.167,-0.043,0.043,0.001849,20.35%
Apr-25,2025-04-20T17:15:00,0.23,0.216,-0.014,0.014,0.000196,6.12%
Apr-25,2025-04-20T17:30:00,0.23,0.238,0.008,0.008,0.000064,3.57%
Apr-25,2025-04-20T17:45:00,0.22,0.219,-0.001,0.001,0.000001,0.49%
Apr-25,2025-04-20T18:00:00,0.22,0.194,-0.026,0.026,0.000676,11.90%
Apr-25,2025-04-20T18:15:00,0.19,0.225,0.035,0.035,0.001225,18.20%
Apr-25,2025-04-20T18:30:00,0.19,0.185,-0.005,0.005,0.000025,2.81%
Apr-25,2025-04-20T18:45:00,0.19,0.177,-0.013,0.013,0.000169,6.99%
Apr-25,2025-04-20T19:00:00,0.21,0.199,-0.011,0.011,0.000121,5.42%
Apr-25,2025-04-20T19:15:00,0.23,0.192,-0.038,0.038,0.001444,16.31%
Apr-25,2025-04-20T19:30:00,0.23,0.238,0.008,0.008,0.000064,3.57%
Apr-25,2025-04-20T19:45:00,0.24,0.236,-0.004,0.004,0.000016,1.75%
Apr-25,2025-04-20T20:00:00,0.25,0.219,-0.031,0.031,0.000961,12.52%
Apr-25,2025-04-20T20:15:00,0.23,0.216,-0.014,0.014,0.000196,6.21%
Apr-25,2025-04-20T20:30:00,0.22,0.215,-0.005,0.005,0.000025,2.07%
Apr-25,2025-04-20T20:45:00,0.22,0.216,-0.004,0.004,0.000016,1.78%
Apr-25,2025-04-20T21:00:00,0.25,0.254,0.004,0.004,0.000016,1.49%
Apr-25,2025-04-20T21:15:00,0.28,0.24,-0.04,0.04,0.0016,14.35%
Apr-25,2025-04-20T21:30:00,0.29,0.27,-0.02,0.02,0.0004,6.82%
Apr-25,2025-04-20T21:45:00,0.29,0.271,-0.019,0.019,0.000361,6.52%
Apr-25,2025-04-20T22:00:00,0.27,0.263,-0.007,0.007,0.000049,2.76%
Apr-25,2025-04-20T22:15:00,0.27,0.258,-0.012,0.012,0.000144,4.46%
Apr-25,2025-04-20T22:30:00,0.24,0.247,0.007,0.007,0.000049,2.98%
Apr-25,2025-04-20T22:45:00,0.24,0.246,0.006,0.006,0.000036,2.45%
Apr-25,2025-04-20T23:00:00,0.24,0.245,0.005,0.005,0.000025,2.03%
Apr-25,2025-04-20T23:15:00,0.26,0.242,-0.018,0.018,0.000324,6.90%
Apr-25,2025-04-20T23:30:00,0.28,0.263,-0.017,0.017,0.000289,6.20%
Apr-25,2025-04-20T23:45:00,0.28,0.267,-0.013,0.013,0.000169,4.50%
Apr-25,2025-04-21T00:00:00,0.27,0.266,-0.004,0.004,0.000016,1.46%
Apr-25,2025-04-21T00:15:00,0.27,0.258,-0.012,0.012,0.000144,4.54%
Apr-25,2025-04-21T00:30:00,0.25,0.248,-0.002,0.002,0.000004,0.69%
Apr-25,2025-04-21T00:45:00,0.24,0.246,0.006,0.006,0.000036,2.37%
Apr-25,2025-04-21T01:00:00,0.24,0.245,0.005,0.005,0.000025,1.97%
Apr-25,2025-04-21T01:15:00,0.27,0.251,-0.019,0.019,0.000361,7.10%
Apr-25,2025-04-21T01:30:00,0.27,0.256,-0.014,0.014,0.000196,5.12%
Apr-25,2025-04-21T01:45:00,0.28,0.263,-0.017,0.017,0.000289,6.22%
Apr-25,2025-04-21T02:00:00,0.27,0.261,-0.009,0.009,0.000081,3.36%
Apr-25,2025-04-21T02:15:00,0.27,0.256,-0.014,0.014,0.000196,5.19%
Apr-25,2025-04-21T02:30:00,0.26,0.25,-0.01,0.01,0.0001,3.82%
Apr-25,2025-04-21T02:45:00,0.24,0.244,0.004,0.004,0.000016,1.76%
Apr-25,2025-04-21T03:00:00,0.24,0.242,0.002,0.002,0.000004,0.95%
Apr-25,2025-04-21T03:15:00,0.26,0.249,-0.011,0.011,0.000121,4.33%
Apr-25,2025-04-21T03:30:00,0.27,0.255,-0.015,0.015,0.000225,5.74%
Apr-25,2025-04-21T03:45:00,0.28,0.262,-0.018,0.018,0.000324,6.44%
Apr-25,2025-04-21T04:00:00,0.28,0.264,-0.016,0.016,0.000256,5.60%
Apr-25,2025-04-21T04:15:00,0.27,0.26,-0.01,0.01,0.0001,3.74%
Apr-25,2025-04-21T04:30:00,0.27,0.25,-0.02,0.02,0.0004,7.50%
Apr-25,2025-04-21T04:45:00,0.24,0.245,0.005,0.005,0.000025,1.93%
Apr-25,2025-04-21T05:00:00,0.24,0.245,0.005,0.005,0.000025,1.94%
Apr-25,2025-04-21T05:15:00,0.25,0.244,-0.006,0.006,0.000036,2.31%
Apr-25,2025-04-21T05:30:00,0.27,0.251,-0.019,0.019,0.000361,7.14%
Apr-25,2025-04-21T05:45:00,0.27,0.256,-0.014,0.014,0.000196,5.13%
Apr-25,2025-04-21T06:00:00,0.28,0.262,-0.018,0.018,0.000324,6.44%
Apr-25,2025-04-21T06:15:00,0.27,0.261,-0.009,0.009,0.000081,3.24%
Apr-25,2025-04-21T06:30:00,0.26,0.247,-0.013,0.013,0.000169,4.93%
Apr-25,2025-04-21T06:45:00,0.19,0.225,0.035,0.035,0.001225,18.39%
Apr-25,2025-04-21T07:00:00,0.19,0.212,0.022,0.022,0.000484,11.55%
Apr-25,2025-04-21T07:15:00,0.19,0.206,0.016,0.016,0.000256,8.63%
Apr-25,2025-04-21T07:30:00,0.21,0.193,-0.017,0.017,0.000289,8.26%
Apr-25,2025-04-21T07:45:00,0.2,0.175,-0.025,0.025,0.000625,12.43%
Apr-25,2025-04-21T08:00:00,0.21,0.212,0.002,0.002,0.000004,0.81%
Apr-25,2025-04-21T08:15:00,0.23,0.216,-0.014,0.014,0.000196,6.07%
Apr-25,2025-04-21T08:30:00,0.21,0.195,-0.015,0.015,0.000225,7.25%
Apr-25,2025-04-21T08:45:00,0.22,0.228,0.008,0.008,0.000064,3.42%
Apr-25,2025-04-21T09:00:00,0.21,0.181,-0.029,0.029,0.000841,13.79%
Apr-25,2025-04-21T09:15:00,0.18,0.198,0.018,0.018,0.000324,10.19%
Apr-25,2025-04-21T09:30:00,0.18,0.242,0.062,0.062,0.003844,34.70%
Apr-25,2025-04-21T09:45:00,0.2,0.164,-0.036,0.036,0.001296,18.09%
Apr-25,2025-04-21T10:00:00,0.21,0.274,0.064,0.064,0.004096,30.30%
Apr-25,2025-04-21T10:15:00,0.22,0.176,-0.044,0.044,0.001936,20.12%
Apr-25,2025-04-21T10:30:00,0.22,0.215,-0.005,0.005,0.000025,2.47%
Apr-25,2025-04-21T10:45:00,0.19,0.186,-0.004,0.004,0.000016,2.26%
Apr-25,2025-04-21T11:00:00,0.21,0.182,-0.028,0.028,0.000784,13.20%
Apr-25,2025-04-21T11:15:00,0.2,0.191,-0.009,0.009,0.000081,4.51%
Apr-25,2025-04-21T11:30:00,0.18,0.174,-0.006,0.006,0.000036,3.49%
Apr-25,2025-04-21T11:45:00,0.18,0.246,0.066,0.066,0.004356,36.41%
Apr-25,2025-04-21T12:00:00,0.21,0.306,0.096,0.096,0.009216,45.71%
Apr-25,2025-04-21T12:15:00,0.2,0.235,0.035,0.035,0.001225,17.66%
Apr-25,2025-04-21T12:30:00,0.2,0.222,0.022,0.022,0.000484,11.01%
Apr-25,2025-04-21T12:45:00,0.29,0.281,-0.009,0.009,0.000081,3.18%
Apr-25,2025-04-21T13:00:00,0.25,0.315,0.065,0.065,0.004225,25.95%
Apr-25,2025-04-21T13:15:00,0.27,0.279,0.009,0.009,0.000081,3.31%
Apr-25,2025-04-21T13:30:00,0.27,0.188,-0.082,0.082,0.006724,30.55%
Apr-25,2025-04-21T13:45:00,0.23,0.231,0.001,0.001,0.000001,0.48%
Apr-25,2025-04-21T14:00:00,0.23,0.259,0.029,0.029,0.000841,12.53%
Apr-25,2025-04-21T14:15:00,0.23,0.252,0.022,0.022,0.000484,9.75%
Apr-25,2025-04-21T14:30:00,0.26,0.238,-0.022,0.022,0.000484,8.38%
Apr-25,2025-04-21T14:45:00,0.27,0.276,0.006,0.006,0.000036,2.31%
Apr-25,2025-04-21T15:00:00,0.27,0.3,0.03,0.03,0.0009,11.03%
Apr-25,2025-04-21T15:15:00,0.26,0.281,0.021,0.021,0.000441,8.14%
Apr-25,2025-04-21T15:30:00,0.25,0.267,0.017,0.017,0.000289,6.94%
Apr-25,2025-04-21T15:45:00,0.24,0.224,-0.016,0.016,0.000256,6.70%
Apr-25,2025-04-21T16:00:00,0.22,0.243,0.023,0.023,0.000529,10.33%
Apr-25,2025-04-21T16:15:00,0.26,0.268,0.008,0.008,0.000064,2.90%
Apr-25,2025-04-21T16:30:00,1.14,0.682,-0.458,0.458,0.209764,40.15%
Apr-25,2025-04-21T16:45:00,1.15,0.941,-0.209,0.209,0.043681,18.17%
Apr-25,2025-04-21T17:00:00,0.58,0.651,0.071,0.071,0.005041,12.19%
Apr-25,2025-04-21T17:15:00,0.26,0.388,0.128,0.128,0.016384,49.26%
Apr-25,2025-04-21T17:30:00,0.26,0.249,-0.011,0.011,0.000121,4.04%
Apr-25,2025-04-21T17:45:00,0.92,0.953,0.033,0.033,0.001089,3.54%
Apr-25,2025-04-21T18:00:00,1.19,1.133,-0.057,0.057,0.003249,4.75%
Apr-25,2025-04-21T18:15:00,1.14,0.989,-0.151,0.151,0.022801,13.27%
Apr-25,2025-04-21T18:30:00,0.25,0.323,0.073,0.073,0.005329,29.23%
Apr-25,2025-04-21T18:45:00,0.26,0.257,-0.003,0.003,0.000009,1.07%
Apr-25,2025-04-21T19:00:00,0.27,0.273,0.003,0.003,0.000009,1.27%
Apr-25,2025-04-21T19:15:00,1.33,1.378,0.048,0.048,0.002304,3.64%
Apr-25,2025-04-21T19:30:00,1.65,1.69,0.04,0.04,0.0016,2.40%
Apr-25,2025-04-21T19:45:00,0.26,0.285,0.025,0.025,0.000625,9.58%
Apr-25,2025-04-21T20:00:00,0.27,0.28,0.01,0.01,0.0001,3.68%
Apr-25,2025-04-21T20:15:00,0.3,0.286,-0.014,0.014,0.000196,4.57%
Apr-25,2025-04-21T20:30:00,1.62,1.592,-0.028,0.028,0.000784,1.74%
Apr-25,2025-04-21T20:45:00,1.69,1.749,0.059,0.059,0.003481,3.51%
Apr-25,2025-04-21T21:00:00,1.74,1.753,0.013,0.013,0.000169,0.76%
Apr-25,2025-04-21T21:15:00,2.52,2.58,0.06,0.06,0.0036,2.37%
Apr-25,2025-04-21T21:30:00,2.17,2.188,0.018,0.018,0.000324,0.85%
Apr-25,2025-04-21T21:45:00,2.12,2.124,0.004,0.004,0.000016,0.21%
Apr-25,2025-04-21T22:00:00,2.82,2.883,0.063,0.063,0.003969,2.23%
Apr-25,2025-04-21T22:15:00,2.07,2.076,0.006,0.006,0.000036,0.29%
Apr-25,2025-04-21T22:30:00,1.45,1.485,0.035,0.035,0.001225,2.40%
Apr-25,2025-04-21T22:45:00,0.59,0.643,0.053,0.053,0.002809,8.93%
Apr-25,2025-04-21T23:00:00,0.32,0.402,0.082,0.082,0.006724,25.77%
Apr-25,2025-04-21T23:15:00,0.38,0.391,0.011,0.011,0.000121,2.79%
Apr-25,2025-04-21T23:30:00,0.29,0.315,0.025,0.025,0.000625,8.61%
Apr-25,2025-04-21T23:45:00,0.31,0.306,-0.004,0.004,0.000016,1.43%
Apr-25,2025-04-22T00:00:00,0.31,0.317,0.007,0.007,0.000049,2.20%
Apr-25,2025-04-22T00:15:00,0.31,0.296,-0.014,0.014,0.000196,4.67%
Apr-25,2025-04-22T00:30:00,0.79,0.794,0.004,0.004,0.000016,0.50%
Apr-25,2025-04-22T00:45:00,1.8,1.786,-0.014,0.014,0.000196,0.78%
Apr-25,2025-04-22T01:00:00,1.91,1.963,0.053,0.053,0.002809,2.79%
Apr-25,2025-04-22T01:15:00,0.26,0.275,0.015,0.015,0.000225,5.90%
Apr-25,2025-04-22T01:30:00,0.25,0.256,0.006,0.006,0.000036,2.59%
Apr-25,2025-04-22T01:45:00,0.29,0.273,-0.017,0.017,0.000289,5.86%
Apr-25,2025-04-22T02:00:00,0.27,0.27,0,0,0,0.09%
Apr-25,2025-04-22T02:15:00,0.3,0.288,-0.012,0.012,0.000144,3.98%
Apr-25,2025-04-22T02:30:00,0.3,0.295,-0.005,0.005,0.000025,1.82%
Apr-25,2025-04-22T02:45:00,0.3,0.295,-0.005,0.005,0.000025,1.77%
Apr-25,2025-04-22T03:00:00,0.29,0.288,-0.002,0.002,0.000004,0.69%
Apr-25,2025-04-22T03:15:00,0.25,0.257,0.007,0.007,0.000049,2.93%
Apr-25,2025-04-22T03:30:00,0.25,0.252,0.002,0.002,0.000004,0.99%
Apr-25,2025-04-22T03:45:00,0.3,0.283,-0.017,0.017,0.000289,5.65%
Apr-25,2025-04-22T04:00:00,1.92,1.887,-0.033,0.033,0.001089,1.71%
Apr-25,2025-04-22T04:15:00,2.08,2.098,0.018,0.018,0.000324,0.85%
Apr-25,2025-04-22T04:30:00,0.93,0.934,0.004,0.004,0.000016,0.38%
Apr-25,2025-04-22T04:45:00,0.3,0.298,-0.002,0.002,0.000004,0.75%
Apr-25,2025-04-22T05:00:00,0.29,0.295,0.005,0.005,0.000025,1.85%
Apr-25,2025-04-22T05:15:00,0.28,0.277,-0.003,0.003,0.000009,0.96%
Apr-25,2025-04-22T05:30:00,0.27,0.275,0.005,0.005,0.000025,1.91%
Apr-25,2025-04-22T05:45:00,0.25,0.251,0.001,0.001,0.000001,0.58%
Apr-25,2025-04-22T06:00:00,0.27,0.266,-0.004,0.004,0.000016,1.52%
Apr-25,2025-04-22T06:15:00,0.26,0.258,-0.002,0.002,0.000004,0.67%
Apr-25,2025-04-22T06:30:00,0.28,0.271,-0.009,0.009,0.000081,3.19%
Apr-25,2025-04-22T06:45:00,0.26,0.245,-0.015,0.015,0.000225,5.78%
Apr-25,2025-04-22T07:00:00,0.26,0.248,-0.012,0.012,0.000144,4.80%
Apr-25,2025-04-22T07:15:00,0.25,0.246,-0.004,0.004,0.000016,1.69%
Apr-25,2025-04-22T07:30:00,0.25,0.25,0,0,0,0.12%
Apr-25,2025-04-22T07:45:00,0.23,0.205,-0.025,0.025,0.000625,10.69%
Apr-25,2025-04-22T08:00:00,0.22,0.233,0.013,0.013,0.000169,6.13%
Apr-25,2025-04-22T08:15:00,0.21,0.224,0.014,0.014,0.000196,6.60%
Apr-25,2025-04-22T08:30:00,0.27,0.24,-0.03,0.03,0.0009,10.95%
Apr-25,2025-04-22T08:45:00,0.66,0.509,-0.151,0.151,0.022801,22.88%
Apr-25,2025-04-22T09:00:00,0.27,0.374,0.104,0.104,0.010816,38.68%
Apr-25,2025-04-22T09:15:00,0.47,0.464,-0.006,0.006,0.000036,1.21%
Apr-25,2025-04-22T09:30:00,0.58,0.553,-0.027,0.027,0.000729,4.65%
Apr-25,2025-04-22T09:45:00,3.98,3.604,-0.376,0.376,0.141376,9.44%
Apr-25,2025-04-22T10:00:00,2.56,1.974,-0.586,0.586,0.343396,22.87%
Apr-25,2025-04-22T10:15:00,1.89,2.006,0.116,0.116,0.013456,6.15%
Apr-25,2025-04-22T10:30:00,1.8,1.672,-0.128,0.128,0.016384,7.12%
Apr-25,2025-04-22T10:45:00,1.94,1.994,0.054,0.054,0.002916,2.78%
Apr-25,2025-04-22T11:00:00,1.91,2.021,0.111,0.111,0.012321,5.80%
Apr-25,2025-04-22T11:15:00,2.79,2.861,0.071,0.071,0.005041,2.55%
Apr-25,2025-04-22T11:30:00,4.65,4.54,-0.11,0.11,0.0121,2.35%
Apr-25,2025-04-22T11:45:00,4.75,4.879,0.129,0.129,0.016641,2.73%
Apr-25,2025-04-22T12:00:00,5.03,4.841,-0.189,0.189,0.035721,3.75%
Apr-25,2025-04-22T12:15:00,5.83,5.584,-0.246,0.246,0.060516,4.21%
Apr-25,2025-04-22T12:30:00,6,5.464,-0.536,0.536,0.287296,8.93%
Apr-25,2025-04-22T12:45:00,6.01,5.717,-0.293,0.293,0.085849,4.88%
Apr-25,2025-04-22T13:00:00,6,5.427,-0.573,0.573,0.328329,9.55%
Apr-25,2025-04-22T13:15:00,5.38,4.756,-0.624,0.624,0.389376,11.61%
Apr-25,2025-04-22T13:30:00,5.07,5.199,0.129,0.129,0.016641,2.54%
Apr-25,2025-04-22T13:45:00,4.99,4.987,-0.003,0.003,0.000009,0.07%
Apr-25,2025-04-22T14:00:00,5.01,4.909,-0.101,0.101,0.010201,2.01%
Apr-25,2025-04-22T14:15:00,2.36,4.088,1.728,1.728,2.985984,73.21%
Apr-25,2025-04-22T14:30:00,4.11,3.641,-0.469,0.469,0.219961,11.41%
Apr-25,2025-04-22T14:45:00,4.79,4.183,-0.607,0.607,0.368449,12.68%
Apr-25,2025-04-22T15:00:00,4.67,4.345,-0.325,0.325,0.105625,6.95%
Apr-25,2025-04-22T15:15:00,4.38,4.176,-0.204,0.204,0.041616,4.66%
Apr-25,2025-04-22T15:30:00,4.03,4.04,0.01,0.01,0.0001,0.24%
Apr-25,2025-04-22T15:45:00,3.81,3.721,-0.089,0.089,0.007921,2.34%
Apr-25,2025-04-22T16:00:00,3.61,3.272,-0.338,0.338,0.114244,9.35%
Apr-25,2025-04-22T16:15:00,3.38,3.221,-0.159,0.159,0.025281,4.71%
Apr-25,2025-04-22T16:30:00,3.12,3.04,-0.08,0.08,0.0064,2.58%
Apr-25,2025-04-22T16:45:00,2.77,2.724,-0.046,0.046,0.002116,1.66%
Apr-25,2025-04-22T17:00:00,2.28,2.31,0.03,0.03,0.0009,1.33%
Apr-25,2025-04-22T17:15:00,1.46,1.721,0.261,0.261,0.068121,17.90%
Apr-25,2025-04-22T17:30:00,1.06,1.166,0.106,0.106,0.011236,10.02%
Apr-25,2025-04-22T17:45:00,0.91,0.886,-0.024,0.024,0.000576,2.65%
Apr-25,2025-04-22T18:00:00,0.77,0.7,-0.07,0.07,0.0049,9.06%
Apr-25,2025-04-22T18:15:00,0.65,0.67,0.02,0.02,0.0004,3.08%
Apr-25,2025-04-22T18:30:00,0.58,0.632,0.052,0.052,0.002704,9.02%
Apr-25,2025-04-22T18:45:00,0.53,0.491,-0.039,0.039,0.001521,7.33%
Apr-25,2025-04-22T19:00:00,0.48,0.448,-0.032,0.032,0.001024,6.66%
Apr-25,2025-04-22T19:15:00,0.31,0.327,0.017,0.017,0.000289,5.38%
Apr-25,2025-04-22T19:30:00,0.34,0.344,0.004,0.004,0.000016,1.22%
Apr-25,2025-04-22T19:45:00,0.45,0.37,-0.08,0.08,0.0064,17.87%
Apr-25,2025-04-22T20:00:00,2.21,2.176,-0.034,0.034,0.001156,1.53%
Apr-25,2025-04-22T20:15:00,2.58,2.446,-0.134,0.134,0.017956,5.19%
Apr-25,2025-04-22T20:30:00,0.76,0.758,-0.002,0.002,0.000004,0.31%
Apr-25,2025-04-22T20:45:00,1.21,1.109,-0.101,0.101,0.010201,8.32%
Apr-25,2025-04-22T21:00:00,0.37,0.411,0.041,0.041,0.001681,11.19%
Apr-25,2025-04-22T21:15:00,1.27,1.167,-0.103,0.103,0.010609,8.15%
Apr-25,2025-04-22T21:30:00,2.45,2.572,0.122,0.122,0.014884,4.96%
Apr-25,2025-04-22T21:45:00,0.66,0.639,-0.021,0.021,0.000441,3.12%
Apr-25,2025-04-22T22:00:00,0.6,0.602,0.002,0.002,0.000004,0.32%
Apr-25,2025-04-22T22:15:00,0.64,0.632,-0.008,0.008,0.000064,1.18%
Apr-25,2025-04-22T22:30:00,0.75,0.716,-0.034,0.034,0.001156,4.57%
Apr-25,2025-04-22T22:45:00,0.78,0.752,-0.028,0.028,0.000784,3.56%
Apr-25,2025-04-22T23:00:00,0.66,0.649,-0.011,0.011,0.000121,1.66%
Apr-25,2025-04-22T23:15:00,0.46,0.482,0.022,0.022,0.000484,4.76%
Apr-25,2025-04-22T23:30:00,0.36,0.365,0.005,0.005,0.000025,1.47%
Apr-25,2025-04-22T23:45:00,0.32,0.33,0.01,0.01,0.0001,3.16%
Apr-25,2025-04-23T00:00:00,0.31,0.322,0.012,0.012,0.000144,3.95%
Apr-25,2025-04-23T00:15:00,0.31,0.313,0.003,0.003,0.000009,0.83%
Apr-25,2025-04-23T00:30:00,0.31,0.3,-0.01,0.01,0.0001,3.20%
Apr-25,2025-04-23T00:45:00,0.33,0.312,-0.018,0.018,0.000324,5.47%
Apr-25,2025-04-23T01:00:00,0.33,0.329,-0.001,0.001,0.000001,0.45%
Apr-25,2025-04-23T01:15:00,0.32,0.326,0.006,0.006,0.000036,1.92%
Apr-25,2025-04-23T01:30:00,0.31,0.309,-0.001,0.001,0.000001,0.28%
Apr-25,2025-04-23T01:45:00,0.3,0.3,0,0,0,0.04%
Apr-25,2025-04-23T02:00:00,0.33,0.319,-0.011,0.011,0.000121,3.41%
Apr-25,2025-04-23T02:15:00,0.35,0.336,-0.014,0.014,0.000196,3.92%
Apr-25,2025-04-23T02:30:00,1.69,1.701,0.011,0.011,0.000121,0.68%
Apr-25,2025-04-23T02:45:00,0.39,0.395,0.005,0.005,0.000025,1.16%
Apr-25,2025-04-23T03:00:00,0.4,0.393,-0.007,0.007,0.000049,1.66%
Apr-25,2025-04-23T03:15:00,2.38,2.326,-0.054,0.054,0.002916,2.25%
Apr-25,2025-04-23T03:30:00,0.39,0.41,0.02,0.02,0.0004,5.20%
Apr-25,2025-04-23T03:45:00,0.36,0.342,-0.018,0.018,0.000324,5.07%
Apr-25,2025-04-23T04:00:00,1,0.959,-0.041,0.041,0.001681,4.13%
Apr-25,2025-04-23T04:15:00,0.34,0.321,-0.019,0.019,0.000361,5.64%
Apr-25,2025-04-23T04:30:00,0.34,0.342,0.002,0.002,0.000004,0.46%
Apr-25,2025-04-23T04:45:00,0.35,0.332,-0.018,0.018,0.000324,5.03%
Apr-25,2025-04-23T05:00:00,1.09,1.005,-0.085,0.085,0.007225,7.83%
Apr-25,2025-04-23T05:15:00,0.35,0.349,-0.001,0.001,0.000001,0.24%
Apr-25,2025-04-23T05:30:00,0.33,0.326,-0.004,0.004,0.000016,1.14%
Apr-25,2025-04-23T05:45:00,0.36,0.346,-0.014,0.014,0.000196,3.82%
Apr-25,2025-04-23T06:00:00,0.3,0.311,0.011,0.011,0.000121,3.68%
Apr-25,2025-04-23T06:15:00,1.84,1.784,-0.056,0.056,0.003136,3.06%
Apr-25,2025-04-23T06:30:00,1.02,1.019,-0.001,0.001,0.000001,0.06%
Apr-25,2025-04-23T06:45:00,0.3,0.292,-0.008,0.008,0.000064,2.73%
Apr-25,2025-04-23T07:00:00,0.29,0.283,-0.007,0.007,0.000049,2.47%
Apr-25,2025-04-23T07:15:00,0.34,0.311,-0.029,0.029,0.000841,8.51%
Apr-25,2025-04-23T07:30:00,0.35,0.338,-0.012,0.012,0.000144,3.38%
Apr-25,2025-04-23T07:45:00,0.51,0.364,-0.146,0.146,0.021316,28.73%
Apr-25,2025-04-23T08:00:00,1.24,1.04,-0.2,0.2,0.04,16.13%
Apr-25,2025-04-23T08:15:00,0.52,0.446,-0.074,0.074,0.005476,14.20%
Apr-25,2025-04-23T08:30:00,0.5,0.798,0.298,0.298,0.088804,59.59%
Apr-25,2025-04-23T08:45:00,1.63,1.751,0.121,0.121,0.014641,7.45%
Apr-25,2025-04-23T09:00:00,0.92,0.951,0.031,0.031,0.000961,3.40%
Apr-25,2025-04-23T09:15:00,0.25,0.609,0.359,0.359,0.128881,143.42%
Apr-25,2025-04-23T09:30:00,0.32,0.406,0.086,0.086,0.007396,26.92%
Apr-25,2025-04-23T09:45:00,0.25,0.594,0.344,0.344,0.118336,137.45%
Apr-25,2025-04-23T10:00:00,0.19,0.293,0.103,0.103,0.010609,54.45%
Apr-25,2025-04-23T10:15:00,0.47,0.491,0.021,0.021,0.000441,4.38%
Apr-25,2025-04-23T10:30:00,0.22,0.721,0.501,0.501,0.251001,227.81%
Apr-25,2025-04-23T10:45:00,0.2,0.395,0.195,0.195,0.038025,97.65%
Apr-25,2025-04-23T11:00:00,0.2,0.384,0.184,0.184,0.033856,91.77%
Apr-25,2025-04-23T11:15:00,0.23,0.461,0.231,0.231,0.053361,100.56%
Apr-25,2025-04-23T11:30:00,0.25,0.297,0.047,0.047,0.002209,18.97%
Apr-25,2025-04-23T11:45:00,0.25,0.32,0.07,0.07,0.0049,28.11%
Apr-25,2025-04-23T12:00:00,0.24,0.239,-0.001,0.001,0.000001,0.51%
Apr-25,2025-04-23T12:15:00,0.23,0.231,0.001,0.001,0.000001,0.53%
Apr-25,2025-04-23T12:30:00,0.2,0.258,0.058,0.058,0.003364,29.12%
Apr-25,2025-04-23T12:45:00,0.2,0.268,0.068,0.068,0.004624,33.76%
Apr-25,2025-04-23T13:00:00,0.22,0.237,0.017,0.017,0.000289,7.72%
Apr-25,2025-04-23T13:15:00,0.22,0.391,0.171,0.171,0.029241,77.81%
Apr-25,2025-04-23T13:30:00,2.82,1.988,-0.832,0.832,0.692224,29.50%
Apr-25,2025-04-23T13:45:00,2.41,2.891,0.481,0.481,0.231361,19.96%
Apr-25,2025-04-23T14:00:00,4.48,3.664,-0.816,0.816,0.665856,18.20%
Apr-25,2025-04-23T14:15:00,5.06,4.453,-0.607,0.607,0.368449,12%
Apr-25,2025-04-23T14:30:00,4.51,4.219,-0.291,0.291,0.084681,6.45%
Apr-25,2025-04-23T14:45:00,4.28,3.814,-0.466,0.466,0.217156,10.88%
Apr-25,2025-04-23T15:00:00,2.97,3.931,0.961,0.961,0.923521,32.35%
Apr-25,2025-04-23T15:15:00,4.51,3.353,-1.157,1.157,1.338649,25.65%
Apr-25,2025-04-23T15:30:00,3.76,3.567,-0.193,0.193,0.037249,5.14%
Apr-25,2025-04-23T15:45:00,1.93,3.216,1.286,1.286,1.653796,66.62%
Apr-25,2025-04-23T16:00:00,1.62,1.9,0.28,0.28,0.0784,17.28%
Apr-25,2025-04-23T16:15:00,2.39,1.938,-0.452,0.452,0.204304,18.90%
Apr-25,2025-04-23T16:30:00,3.18,2.265,-0.915,0.915,0.837225,28.76%
Apr-25,2025-04-23T16:45:00,2.02,2.508,0.488,0.488,0.238144,24.15%
Apr-25,2025-04-23T17:00:00,2.1,1.886,-0.214,0.214,0.045796,10.21%
Apr-25,2025-04-23T17:15:00,0.76,1.341,0.581,0.581,0.337561,76.50%
Apr-25,2025-04-23T17:30:00,0.88,0.727,-0.153,0.153,0.023409,17.35%
Apr-25,2025-04-23T17:45:00,1.04,0.703,-0.337,0.337,0.113569,32.37%
Apr-25,2025-04-23T18:00:00,0.85,0.692,-0.158,0.158,0.024964,18.54%
Apr-25,2025-04-23T18:15:00,0.54,0.588,0.048,0.048,0.002304,8.94%
Apr-25,2025-04-23T18:30:00,0.42,0.417,-0.003,0.003,0.000009,0.65%
Apr-25,2025-04-23T18:45:00,2.85,2.892,0.042,0.042,0.001764,1.47%
Apr-25,2025-04-23T19:00:00,0.99,1.006,0.016,0.016,0.000256,1.59%
Apr-25,2025-04-23T19:15:00,0.33,0.404,0.074,0.074,0.005476,22.28%
Apr-25,2025-04-23T19:30:00,0.68,0.659,-0.021,0.021,0.000441,3.16%
Apr-25,2025-04-23T19:45:00,0.66,0.663,0.003,0.003,0.000009,0.51%
Apr-25,2025-04-23T20:00:00,0.47,0.486,0.016,0.016,0.000256,3.42%
Apr-25,2025-04-23T20:15:00,0.45,0.448,-0.002,0.002,0.000004,0.43%
Apr-25,2025-04-23T20:30:00,1.18,1.147,-0.033,0.033,0.001089,2.77%
Apr-25,2025-04-23T20:45:00,0.52,0.521,0.001,0.001,0.000001,0.15%
Apr-25,2025-04-23T21:00:00,0.48,0.478,-0.002,0.002,0.000004,0.32%
Apr-25,2025-04-23T21:15:00,0.49,0.48,-0.01,0.01,0.0001,2.10%
Apr-25,2025-04-23T21:30:00,1.33,1.356,0.026,0.026,0.000676,1.96%
Apr-25,2025-04-23T21:45:00,0.43,0.433,0.003,0.003,0.000009,0.58%
Apr-25,2025-04-23T22:00:00,0.63,0.6,-0.03,0.03,0.0009,4.80%
Apr-25,2025-04-23T22:15:00,0.38,0.404,0.024,0.024,0.000576,6.28%
Apr-25,2025-04-23T22:30:00,0.38,0.379,-0.001,0.001,0.000001,0.20%
Apr-25,2025-04-23T22:45:00,0.37,0.369,-0.001,0.001,0.000001,0.17%
Apr-25,2025-04-23T23:00:00,0.27,0.292,0.022,0.022,0.000484,8.30%
Apr-25,2025-04-23T23:15:00,0.25,0.254,0.004,0.004,0.000016,1.68%
Apr-25,2025-04-23T23:30:00,0.27,0.277,0.007,0.007,0.000049,2.54%
Apr-25,2025-04-23T23:45:00,0.29,0.285,-0.005,0.005,0.000025,1.63%
Apr-25,2025-04-24T00:00:00,0.28,0.281,0.001,0.001,0.000001,0.27%
Apr-25,2025-04-24T00:15:00,0.31,0.303,-0.007,0.007,0.000049,2.25%
Apr-25,2025-04-24T00:30:00,0.31,0.305,-0.005,0.005,0.000025,1.76%
Apr-25,2025-04-24T00:45:00,0.31,0.306,-0.004,0.004,0.000016,1.21%
Apr-25,2025-04-24T01:00:00,0.8,0.834,0.034,0.034,0.001156,4.20%
Apr-25,2025-04-24T01:15:00,1.85,1.866,0.016,0.016,0.000256,0.89%
Apr-25,2025-04-24T01:30:00,0.84,0.828,-0.012,0.012,0.000144,1.47%
Apr-25,2025-04-24T01:45:00,0.27,0.303,0.033,0.033,0.001089,12.27%
Apr-25,2025-04-24T02:00:00,0.27,0.273,0.003,0.003,0.000009,1.25%
Apr-25,2025-04-24T02:15:00,0.3,0.296,-0.004,0.004,0.000016,1.35%
Apr-25,2025-04-24T02:30:00,0.31,0.323,0.013,0.013,0.000169,4.17%
Apr-25,2025-04-24T02:45:00,0.31,0.308,-0.002,0.002,0.000004,0.74%
Apr-25,2025-04-24T03:00:00,0.3,0.301,0.001,0.001,0.000001,0.35%
Apr-25,2025-04-24T03:15:00,0.3,0.296,-0.004,0.004,0.000016,1.38%
Apr-25,2025-04-24T03:30:00,0.29,0.292,0.002,0.002,0.000004,0.64%
Apr-25,2025-04-24T03:45:00,0.27,0.276,0.006,0.006,0.000036,2.20%
Apr-25,2025-04-24T04:00:00,0.27,0.266,-0.004,0.004,0.000016,1.36%
Apr-25,2025-04-24T04:15:00,0.29,0.285,-0.005,0.005,0.000025,1.63%
Apr-25,2025-04-24T04:30:00,2.6,2.282,-0.318,0.318,0.101124,12.23%
Apr-25,2025-04-24T04:45:00,1.19,1.297,0.107,0.107,0.011449,8.97%
Apr-25,2025-04-24T05:00:00,3.35,3.05,-0.3,0.3,0.09,8.95%
Apr-25,2025-04-24T05:15:00,0.42,0.415,-0.005,0.005,0.000025,1.18%
Apr-25,2025-04-24T05:30:00,0.45,0.423,-0.027,0.027,0.000729,5.95%
Apr-25,2025-04-24T05:45:00,0.44,0.423,-0.017,0.017,0.000289,3.78%
Apr-25,2025-04-24T06:00:00,0.35,0.346,-0.004,0.004,0.000016,1.18%
Apr-25,2025-04-24T06:15:00,0.41,0.443,0.033,0.033,0.001089,8.05%
Apr-25,2025-04-24T06:30:00,0.43,0.458,0.028,0.028,0.000784,6.40%
Apr-25,2025-04-24T06:45:00,0.49,0.547,0.057,0.057,0.003249,11.70%
Apr-25,2025-04-24T07:00:00,1.84,1.957,0.117,0.117,0.013689,6.36%
Apr-25,2025-04-24T07:15:00,0.26,0.308,0.048,0.048,0.002304,18.32%
Apr-25,2025-04-24T07:30:00,0.37,0.304,-0.066,0.066,0.004356,17.82%
Apr-25,2025-04-24T07:45:00,0.47,0.317,-0.153,0.153,0.023409,32.59%
Apr-25,2025-04-24T08:00:00,1.72,1.689,-0.031,0.031,0.000961,1.83%
Apr-25,2025-04-24T08:15:00,0.78,0.75,-0.03,0.03,0.0009,3.84%
Apr-25,2025-04-24T08:30:00,1.94,1.608,-0.332,0.332,0.110224,17.09%
Apr-25,2025-04-24T08:45:00,2.85,2.995,0.145,0.145,0.021025,5.09%
Apr-25,2025-04-24T09:00:00,2.78,2.59,-0.19,0.19,0.0361,6.85%
Apr-25,2025-04-24T09:15:00,2.32,2.634,0.314,0.314,0.098596,13.52%
Apr-25,2025-04-24T09:30:00,3.16,3.42,0.26,0.26,0.0676,8.22%
Apr-25,2025-04-24T09:45:00,2.43,2.578,0.148,0.148,0.021904,6.09%
Apr-25,2025-04-24T10:00:00,0.9,1.319,0.419,0.419,0.175561,46.51%
Apr-25,2025-04-24T10:15:00,0.2,0.995,0.795,0.795,0.632025,397.27%
Apr-25,2025-04-24T10:30:00,0.25,0.483,0.233,0.233,0.054289,93.01%
Apr-25,2025-04-24T10:45:00,2.28,2.23,-0.05,0.05,0.0025,2.17%
Apr-25,2025-04-24T11:00:00,2.4,2.607,0.207,0.207,0.042849,8.64%
Apr-25,2025-04-24T11:15:00,2.48,2.885,0.405,0.405,0.164025,16.33%
Apr-25,2025-04-24T11:30:00,2.53,2.664,0.134,0.134,0.017956,5.29%
Apr-25,2025-04-24T11:45:00,5.06,4.539,-0.521,0.521,0.271441,10.29%
Apr-25,2025-04-24T12:00:00,2.96,3.077,0.117,0.117,0.013689,3.95%
Apr-25,2025-04-24T12:15:00,3.6,3.602,0.002,0.002,0.000004,0.05%
Apr-25,2025-04-24T12:30:00,4.91,4.704,-0.206,0.206,0.042436,4.20%
Apr-25,2025-04-24T12:45:00,4.35,4.33,-0.02,0.02,0.0004,0.45%
Apr-25,2025-04-24T13:00:00,3.77,3.748,-0.022,0.022,0.000484,0.58%
Apr-25,2025-04-24T13:15:00,1.22,1.145,-0.075,0.075,0.005625,6.13%
Apr-25,2025-04-24T13:30:00,0.24,0.345,0.105,0.105,0.011025,43.59%
Apr-25,2025-04-24T13:45:00,0.2,0.199,-0.001,0.001,0.000001,0.43%
Apr-25,2025-04-24T14:00:00,0.22,0.24,0.02,0.02,0.0004,9.26%
Apr-25,2025-04-24T14:15:00,0.66,0.725,0.065,0.065,0.004225,9.84%
Apr-25,2025-04-24T14:30:00,0.26,0.399,0.139,0.139,0.019321,53.52%
Apr-25,2025-04-24T14:45:00,0.26,0.349,0.089,0.089,0.007921,34.15%
Apr-25,2025-04-24T15:00:00,0.27,0.347,0.077,0.077,0.005929,28.35%
Apr-25,2025-04-24T15:15:00,0.26,0.269,0.009,0.009,0.000081,3.61%
Apr-25,2025-04-24T15:30:00,0.24,0.239,-0.001,0.001,0.000001,0.60%
Apr-25,2025-04-24T15:45:00,0.2,0.226,0.026,0.026,0.000676,13.08%
Apr-25,2025-04-24T16:00:00,0.2,0.244,0.044,0.044,0.001936,22.19%
Apr-25,2025-04-24T16:15:00,0.23,0.205,-0.025,0.025,0.000625,10.81%
Apr-25,2025-04-24T16:30:00,0.25,0.241,-0.009,0.009,0.000081,3.77%
Apr-25,2025-04-24T16:45:00,0.25,0.219,-0.031,0.031,0.000961,12.37%
Apr-25,2025-04-24T17:00:00,0.24,0.216,-0.024,0.024,0.000576,9.85%
Apr-25,2025-04-24T17:15:00,0.24,0.232,-0.008,0.008,0.000064,3.22%
Apr-25,2025-04-24T17:30:00,0.21,0.223,0.013,0.013,0.000169,6.13%
Apr-25,2025-04-24T17:45:00,0.2,0.248,0.048,0.048,0.002304,23.81%
Apr-25,2025-04-24T18:00:00,0.2,0.215,0.015,0.015,0.000225,7.72%
Apr-25,2025-04-24T18:15:00,0.24,0.25,0.01,0.01,0.0001,4.31%
Apr-25,2025-04-24T18:30:00,0.22,0.267,0.047,0.047,0.002209,21.52%
Apr-25,2025-04-24T18:45:00,0.25,0.244,-0.006,0.006,0.000036,2.40%
Apr-25,2025-04-24T19:00:00,0.42,0.274,-0.146,0.146,0.021316,34.79%
Apr-25,2025-04-24T19:15:00,0.31,0.313,0.003,0.003,0.000009,1.02%
Apr-25,2025-04-24T19:30:00,0.32,0.287,-0.033,0.033,0.001089,10.20%
Apr-25,2025-04-24T19:45:00,0.41,0.395,-0.015,0.015,0.000225,3.71%
Apr-25,2025-04-24T20:00:00,0.43,0.455,0.025,0.025,0.000625,5.72%
Apr-25,2025-04-24T20:15:00,0.42,0.436,0.016,0.016,0.000256,3.77%
Apr-25,2025-04-24T20:30:00,0.35,0.346,-0.004,0.004,0.000016,1.02%
Apr-25,2025-04-24T20:45:00,0.35,0.356,0.006,0.006,0.000036,1.60%
Apr-25,2025-04-24T21:00:00,0.41,0.421,0.011,0.011,0.000121,2.71%
Apr-25,2025-04-24T21:15:00,0.31,0.339,0.029,0.029,0.000841,9.49%
Apr-25,2025-04-24T21:30:00,0.3,0.299,-0.001,0.001,0.000001,0.41%
Apr-25,2025-04-24T21:45:00,0.29,0.297,0.007,0.007,0.000049,2.29%
Apr-25,2025-04-24T22:00:00,0.28,0.28,0,0,0,0.10%
Apr-25,2025-04-24T22:15:00,0.26,0.264,0.004,0.004,0.000016,1.62%
Apr-25,2025-04-24T22:30:00,0.27,0.259,-0.011,0.011,0.000121,4.06%
Apr-25,2025-04-24T22:45:00,0.32,0.303,-0.017,0.017,0.000289,5.19%
Apr-25,2025-04-24T23:00:00,0.36,0.344,-0.016,0.016,0.000256,4.54%
Apr-25,2025-04-24T23:15:00,0.37,0.369,-0.001,0.001,0.000001,0.35%
Apr-25,2025-04-24T23:30:00,0.36,0.349,-0.011,0.011,0.000121,3.12%
Apr-25,2025-04-24T23:45:00,0.35,0.359,0.009,0.009,0.000081,2.57%
Apr-25,2025-04-25T00:00:00,0.3,0.325,0.025,0.025,0.000625,8.30%
Apr-25,2025-04-25T00:15:00,0.29,0.289,-0.001,0.001,0.000001,0.35%
Apr-25,2025-04-25T00:30:00,0.26,0.266,0.006,0.006,0.000036,2.22%
Apr-25,2025-04-25T00:45:00,0.26,0.258,-0.002,0.002,0.000004,0.88%
Apr-25,2025-04-25T01:00:00,0.31,0.295,-0.015,0.015,0.000225,4.89%
Apr-25,2025-04-25T01:15:00,0.67,0.617,-0.053,0.053,0.002809,7.95%
Apr-25,2025-04-25T01:30:00,1.85,1.871,0.021,0.021,0.000441,1.15%
Apr-25,2025-04-25T01:45:00,1.42,1.45,0.03,0.03,0.0009,2.12%
Apr-25,2025-04-25T02:00:00,0.64,0.629,-0.011,0.011,0.000121,1.68%
Apr-25,2025-04-25T02:15:00,0.38,0.423,0.043,0.043,0.001849,11.30%
Apr-25,2025-04-25T02:30:00,0.34,0.329,-0.011,0.011,0.000121,3.10%
Apr-25,2025-04-25T02:45:00,1.66,1.64,-0.02,0.02,0.0004,1.23%
Apr-25,2025-04-25T03:00:00,0.35,0.341,-0.009,0.009,0.000081,2.63%
Apr-25,2025-04-25T03:15:00,1.04,0.985,-0.055,0.055,0.003025,5.32%
Apr-25,2025-04-25T03:30:00,1.69,1.721,0.031,0.031,0.000961,1.86%
Apr-25,2025-04-25T03:45:00,0.39,0.394,0.004,0.004,0.000016,0.99%
Apr-25,2025-04-25T04:00:00,0.36,0.337,-0.023,0.023,0.000529,6.33%
Apr-25,2025-04-25T04:15:00,1.03,0.96,-0.07,0.07,0.0049,6.78%
Apr-25,2025-04-25T04:30:00,0.34,0.332,-0.008,0.008,0.000064,2.24%
Apr-25,2025-04-25T04:45:00,0.32,0.326,0.006,0.006,0.000036,1.76%
Apr-25,2025-04-25T05:00:00,0.35,0.344,-0.006,0.006,0.000036,1.65%
Apr-25,2025-04-25T05:15:00,0.28,0.304,0.024,0.024,0.000576,8.66%
Apr-25,2025-04-25T05:30:00,1.03,1.107,0.077,0.077,0.005929,7.52%
Apr-25,2025-04-25T05:45:00,1.05,1.057,0.007,0.007,0.000049,0.67%
Apr-25,2025-04-25T06:00:00,0.36,0.36,0,0,0,0.13%
Apr-25,2025-04-25T06:15:00,0.35,0.334,-0.016,0.016,0.000256,4.63%
Apr-25,2025-04-25T06:30:00,1.06,1.019,-0.041,0.041,0.001681,3.89%
Apr-25,2025-04-25T06:45:00,1.02,1.026,0.006,0.006,0.000036,0.58%
Apr-25,2025-04-25T07:00:00,1.74,1.837,0.097,0.097,0.009409,5.56%
Apr-25,2025-04-25T07:15:00,0.33,0.42,0.09,0.09,0.0081,27.15%
Apr-25,2025-04-25T07:30:00,0.43,0.473,0.043,0.043,0.001849,10%
Apr-25,2025-04-25T07:45:00,0.4,0.414,0.014,0.014,0.000196,3.39%
Apr-25,2025-04-25T08:00:00,0.46,0.519,0.059,0.059,0.003481,12.74%
Apr-25,2025-04-25T08:15:00,1.79,0.739,-1.051,1.051,1.104601,58.74%
Apr-25,2025-04-25T08:30:00,0.41,0.488,0.078,0.078,0.006084,19.06%
Apr-25,2025-04-25T08:45:00,0.77,0.753,-0.017,0.017,0.000289,2.27%
Apr-25,2025-04-25T09:00:00,1.19,0.95,-0.24,0.24,0.0576,20.19%
Apr-25,2025-04-25T09:15:00,0.34,0.542,0.202,0.202,0.040804,59.50%
Apr-25,2025-04-25T09:30:00,0.44,0.45,0.01,0.01,0.0001,2.19%
Apr-25,2025-04-25T09:45:00,0.38,0.461,0.081,0.081,0.006561,21.39%
Apr-25,2025-04-25T10:00:00,0.55,0.429,-0.121,0.121,0.014641,22.07%
Apr-25,2025-04-25T10:15:00,0.86,0.841,-0.019,0.019,0.000361,2.17%
Apr-25,2025-04-25T10:30:00,1.03,1.049,0.019,0.019,0.000361,1.85%
Apr-25,2025-04-25T10:45:00,1.41,1.56,0.15,0.15,0.0225,10.65%
Apr-25,2025-04-25T11:00:00,4.16,3,-1.16,1.16,1.3456,27.88%
Apr-25,2025-04-25T11:15:00,4.67,4.154,-0.516,0.516,0.266256,11.05%
Apr-25,2025-04-25T11:30:00,3.12,4.105,0.985,0.985,0.970225,31.56%
Apr-25,2025-04-25T11:45:00,1.72,2.947,1.227,1.227,1.505529,71.36%
Apr-25,2025-04-25T12:00:00,4.39,3.051,-1.339,1.339,1.792921,30.51%
Apr-25,2025-04-25T12:15:00,2.64,3.97,1.33,1.33,1.7689,50.38%
Apr-25,2025-04-25T12:30:00,3.68,3.368,-0.312,0.312,0.097344,8.47%
Apr-25,2025-04-25T12:45:00,4.92,4.108,-0.812,0.812,0.659344,16.51%
Apr-25,2025-04-25T13:00:00,4.25,4.415,0.165,0.165,0.027225,3.89%
Apr-25,2025-04-25T13:15:00,6.01,4.737,-1.273,1.273,1.620529,21.18%
Apr-25,2025-04-25T13:30:00,4.76,4.251,-0.509,0.509,0.259081,10.68%
Apr-25,2025-04-25T13:45:00,3.75,3.861,0.111,0.111,0.012321,2.95%
Apr-25,2025-04-25T14:00:00,3.76,3.596,-0.164,0.164,0.026896,4.37%
Apr-25,2025-04-25T14:15:00,2.18,3.078,0.898,0.898,0.806404,41.21%
Apr-25,2025-04-25T14:30:00,1.24,1.915,0.675,0.675,0.455625,54.40%
Apr-25,2025-04-25T14:45:00,0.69,0.917,0.227,0.227,0.051529,32.86%
Apr-25,2025-04-25T15:00:00,1.59,1.412,-0.178,0.178,0.031684,11.22%
Apr-25,2025-04-25T15:15:00,1.48,1.632,0.152,0.152,0.023104,10.29%
Apr-25,2025-04-25T15:30:00,1.27,1.669,0.399,0.399,0.159201,31.45%
Apr-25,2025-04-25T15:45:00,1.38,1.487,0.107,0.107,0.011449,7.76%
Apr-25,2025-04-25T16:00:00,1.71,2.01,0.3,0.3,0.09,17.57%
Apr-25,2025-04-25T16:15:00,2.25,1.997,-0.253,0.253,0.064009,11.26%
Apr-25,2025-04-25T16:30:00,3.12,1.71,-1.41,1.41,1.9881,45.20%
Apr-25,2025-04-25T16:45:00,1.92,2.168,0.248,0.248,0.061504,12.90%
Apr-25,2025-04-25T17:00:00,1.95,1.821,-0.129,0.129,0.016641,6.60%
Apr-25,2025-04-25T17:15:00,1.32,1.688,0.368,0.368,0.135424,27.92%
Apr-25,2025-04-25T17:30:00,0.78,1.037,0.257,0.257,0.066049,32.98%
Apr-25,2025-04-25T17:45:00,0.86,0.817,-0.043,0.043,0.001849,4.99%
Apr-25,2025-04-25T18:00:00,0.84,0.78,-0.06,0.06,0.0036,7.19%
Apr-25,2025-04-25T18:15:00,0.63,0.653,0.023,0.023,0.000529,3.66%
Apr-25,2025-04-25T18:30:00,1.68,1.652,-0.028,0.028,0.000784,1.65%
Apr-25,2025-04-25T18:45:00,1.86,1.79,-0.07,0.07,0.0049,3.75%
Apr-25,2025-04-25T19:00:00,0.85,0.788,-0.062,0.062,0.003844,7.26%
Apr-25,2025-04-25T19:15:00,0.74,0.692,-0.048,0.048,0.002304,6.53%
Apr-25,2025-04-25T19:30:00,1.1,0.993,-0.107,0.107,0.011449,9.71%
Apr-25,2025-04-25T19:45:00,0.38,0.357,-0.023,0.023,0.000529,5.96%
Apr-25,2025-04-25T20:00:00,0.25,0.303,0.053,0.053,0.002809,21.13%
Apr-25,2025-04-25T20:15:00,0.35,0.34,-0.01,0.01,0.0001,2.88%
Apr-25,2025-04-25T20:30:00,0.49,0.477,-0.013,0.013,0.000169,2.56%
Apr-25,2025-04-25T20:45:00,0.54,0.535,-0.005,0.005,0.000025,1%
Apr-25,2025-04-25T21:00:00,0.53,0.531,0.001,0.001,0.000001,0.12%
Apr-25,2025-04-25T21:15:00,0.73,0.696,-0.034,0.034,0.001156,4.63%
Apr-25,2025-04-25T21:30:00,0.56,0.557,-0.003,0.003,0.000009,0.54%
Apr-25,2025-04-25T21:45:00,0.47,0.477,0.007,0.007,0.000049,1.59%
Apr-25,2025-04-25T22:00:00,0.47,0.459,-0.011,0.011,0.000121,2.33%
Apr-25,2025-04-25T22:15:00,0.46,0.45,-0.01,0.01,0.0001,2.18%
Apr-25,2025-04-25T22:30:00,0.33,0.351,0.021,0.021,0.000441,6.41%
Apr-25,2025-04-25T22:45:00,0.3,0.314,0.014,0.014,0.000196,4.61%
Apr-25,2025-04-25T23:00:00,0.3,0.316,0.016,0.016,0.000256,5.29%
Apr-25,2025-04-25T23:15:00,0.28,0.3,0.02,0.02,0.0004,6.98%
Apr-25,2025-04-25T23:30:00,0.28,0.284,0.004,0.004,0.000016,1.41%
Apr-25,2025-04-25T23:45:00,0.28,0.281,0.001,0.001,0.000001,0.46%
Apr-25,2025-04-26T00:00:00,0.3,0.296,-0.004,0.004,0.000016,1.27%
Apr-25,2025-04-26T00:15:00,0.3,0.301,0.001,0.001,0.000001,0.18%
Apr-25,2025-04-26T00:30:00,0.29,0.292,0.002,0.002,0.000004,0.82%
Apr-25,2025-04-26T00:45:00,0.29,0.289,-0.001,0.001,0.000001,0.41%
Apr-25,2025-04-26T01:00:00,0.28,0.281,0.001,0.001,0.000001,0.45%
Apr-25,2025-04-26T01:15:00,0.26,0.263,0.003,0.003,0.000009,1.18%
Apr-25,2025-04-26T01:30:00,0.26,0.259,-0.001,0.001,0.000001,0.27%
Apr-25,2025-04-26T01:45:00,0.29,0.278,-0.012,0.012,0.000144,4.30%
Apr-25,2025-04-26T02:00:00,0.31,0.306,-0.004,0.004,0.000016,1.33%
Apr-25,2025-04-26T02:15:00,0.32,0.315,-0.005,0.005,0.000025,1.66%
Apr-25,2025-04-26T02:30:00,0.32,0.319,-0.001,0.001,0.000001,0.30%
Apr-25,2025-04-26T02:45:00,0.31,0.304,-0.006,0.006,0.000036,1.89%
Apr-25,2025-04-26T03:00:00,0.34,0.323,-0.017,0.017,0.000289,5.11%
Apr-25,2025-04-26T03:15:00,1.89,1.936,0.046,0.046,0.002116,2.41%
Apr-25,2025-04-26T03:30:00,1.53,1.54,0.01,0.01,0.0001,0.65%
Apr-25,2025-04-26T03:45:00,0.27,0.284,0.014,0.014,0.000196,5.03%
Apr-25,2025-04-26T04:00:00,0.29,0.291,0.001,0.001,0.000001,0.20%
Apr-25,2025-04-26T04:15:00,0.33,0.327,-0.003,0.003,0.000009,0.84%
Apr-25,2025-04-26T04:30:00,0.32,0.327,0.007,0.007,0.000049,2.07%
Apr-25,2025-04-26T04:45:00,0.31,0.313,0.003,0.003,0.000009,1.01%
Apr-25,2025-04-26T05:00:00,0.31,0.308,-0.002,0.002,0.000004,0.67%
Apr-25,2025-04-26T05:15:00,0.27,0.282,0.012,0.012,0.000144,4.44%
Apr-25,2025-04-26T05:30:00,0.28,0.274,-0.006,0.006,0.000036,2.02%
Apr-25,2025-04-26T05:45:00,0.28,0.278,-0.002,0.002,0.000004,0.60%
Apr-25,2025-04-26T06:00:00,0.31,0.31,0,0,0,0.07%
Apr-25,2025-04-26T06:15:00,0.3,0.303,0.003,0.003,0.000009,1.01%
Apr-25,2025-04-26T06:30:00,0.28,0.276,-0.004,0.004,0.000016,1.59%
Apr-25,2025-04-26T06:45:00,0.25,0.251,0.001,0.001,0.000001,0.41%
Apr-25,2025-04-26T07:00:00,0.24,0.256,0.016,0.016,0.000256,6.52%
Apr-25,2025-04-26T07:15:00,0.24,0.261,0.021,0.021,0.000441,8.76%
Apr-25,2025-04-26T07:30:00,0.25,0.255,0.005,0.005,0.000025,1.92%
Apr-25,2025-04-26T07:45:00,0.26,0.231,-0.029,0.029,0.000841,11%
Apr-25,2025-04-26T08:00:00,0.26,0.298,0.038,0.038,0.001444,14.56%
Apr-25,2025-04-26T08:15:00,0.28,0.211,-0.069,0.069,0.004761,24.49%
Apr-25,2025-04-26T08:30:00,0.31,0.292,-0.018,0.018,0.000324,5.80%
Apr-25,2025-04-26T08:45:00,0.24,0.332,0.092,0.092,0.008464,38.50%
Apr-25,2025-04-26T09:00:00,0.24,0.338,0.098,0.098,0.009604,40.99%
Apr-25,2025-04-26T09:15:00,0.23,0.41,0.18,0.18,0.0324,78.22%
Apr-25,2025-04-26T09:30:00,1.72,1.164,-0.556,0.556,0.309136,32.32%
Apr-25,2025-04-26T09:45:00,3.2,3.221,0.021,0.021,0.000441,0.65%
Apr-25,2025-04-26T10:00:00,3.94,3.396,-0.544,0.544,0.295936,13.80%
Apr-25,2025-04-26T10:15:00,4.18,4.394,0.214,0.214,0.045796,5.12%
Apr-25,2025-04-26T10:30:00,4.71,4.956,0.246,0.246,0.060516,5.22%
Apr-25,2025-04-26T10:45:00,6,6.124,0.124,0.124,0.015376,2.06%
Apr-25,2025-04-26T11:00:00,5.44,5.404,-0.036,0.036,0.001296,0.67%
Apr-25,2025-04-26T11:15:00,5.26,5.487,0.227,0.227,0.051529,4.31%
Apr-25,2025-04-26T11:30:00,4.97,5.452,0.482,0.482,0.232324,9.69%
Apr-25,2025-04-26T11:45:00,5.76,6.083,0.323,0.323,0.104329,5.61%
Apr-25,2025-04-26T12:00:00,3.61,3.898,0.288,0.288,0.082944,7.97%
Apr-25,2025-04-26T12:15:00,4.09,4.06,-0.03,0.03,0.0009,0.73%
Apr-25,2025-04-26T12:30:00,4.19,4.309,0.119,0.119,0.014161,2.85%
Apr-25,2025-04-26T12:45:00,3.64,3.753,0.113,0.113,0.012769,3.11%
Apr-25,2025-04-26T13:00:00,3.42,3.507,0.087,0.087,0.007569,2.54%
Apr-25,2025-04-26T13:15:00,2.8,2.765,-0.035,0.035,0.001225,1.25%
Apr-25,2025-04-26T13:30:00,2.32,2.388,0.068,0.068,0.004624,2.93%
Apr-25,2025-04-26T13:45:00,1.87,2.201,0.331,0.331,0.109561,17.72%
Apr-25,2025-04-26T14:00:00,2.01,2.224,0.214,0.214,0.045796,10.63%
Apr-25,2025-04-26T14:15:00,2.03,2.401,0.371,0.371,0.137641,18.27%
Apr-25,2025-04-26T14:30:00,1.89,2.183,0.293,0.293,0.085849,15.50%
Apr-25,2025-04-26T14:45:00,1.66,1.979,0.319,0.319,0.101761,19.24%
Apr-25,2025-04-26T15:00:00,1.52,1.688,0.168,0.168,0.028224,11.02%
Apr-25,2025-04-26T15:15:00,1.51,1.488,-0.022,0.022,0.000484,1.48%
Apr-25,2025-04-26T15:30:00,1.06,1.607,0.547,0.547,0.299209,51.58%
Apr-25,2025-04-26T15:45:00,0.83,0.91,0.08,0.08,0.0064,9.63%
Apr-25,2025-04-26T16:00:00,0.76,0.926,0.166,0.166,0.027556,21.87%
Apr-25,2025-04-26T16:15:00,0.7,0.949,0.249,0.249,0.062001,35.59%
Apr-25,2025-04-26T16:30:00,0.65,0.704,0.054,0.054,0.002916,8.37%
Apr-25,2025-04-26T16:45:00,0.57,0.636,0.066,0.066,0.004356,11.66%
Apr-25,2025-04-26T17:00:00,0.47,0.547,0.077,0.077,0.005929,16.29%
Apr-25,2025-04-26T17:15:00,0.45,0.544,0.094,0.094,0.008836,20.89%
Apr-25,2025-04-26T17:30:00,0.43,0.465,0.035,0.035,0.001225,8.22%
Apr-25,2025-04-26T17:45:00,0.44,0.342,-0.098,0.098,0.009604,22.27%
Apr-25,2025-04-26T18:00:00,0.45,0.312,-0.138,0.138,0.019044,30.75%
Apr-25,2025-04-26T18:15:00,0.48,0.313,-0.167,0.167,0.027889,34.80%
Apr-25,2025-04-26T18:30:00,0.45,0.319,-0.131,0.131,0.017161,29.21%
Apr-25,2025-04-26T18:45:00,0.43,0.339,-0.091,0.091,0.008281,21.10%
Apr-25,2025-04-26T19:00:00,0.43,0.322,-0.108,0.108,0.011664,25.20%
Apr-25,2025-04-26T19:15:00,0.47,0.427,-0.043,0.043,0.001849,9.05%
Apr-25,2025-04-26T19:30:00,2.27,2.227,-0.043,0.043,0.001849,1.88%
Apr-25,2025-04-26T19:45:00,0.63,0.705,0.075,0.075,0.005625,11.93%
Apr-25,2025-04-26T20:00:00,0.61,0.629,0.019,0.019,0.000361,3.13%
Apr-25,2025-04-26T20:15:00,2.04,2.088,0.048,0.048,0.002304,2.36%
Apr-25,2025-04-26T20:30:00,1.13,1.11,-0.02,0.02,0.0004,1.73%
Apr-25,2025-04-26T20:45:00,0.57,0.557,-0.013,0.013,0.000169,2.24%
Apr-25,2025-04-26T21:00:00,1.28,1.269,-0.011,0.011,0.000121,0.86%
Apr-25,2025-04-26T21:15:00,1.29,1.3,0.01,0.01,0.0001,0.76%
Apr-25,2025-04-26T21:30:00,0.55,0.536,-0.014,0.014,0.000196,2.55%
Apr-25,2025-04-26T21:45:00,0.53,0.534,0.004,0.004,0.000016,0.79%
Apr-25,2025-04-26T22:00:00,0.52,0.523,0.003,0.003,0.000009,0.55%
Apr-25,2025-04-26T22:15:00,0.51,0.524,0.014,0.014,0.000196,2.83%
Apr-25,2025-04-26T22:30:00,0.89,0.997,0.107,0.107,0.011449,11.99%
Apr-25,2025-04-26T22:45:00,0.41,0.418,0.008,0.008,0.000064,1.90%
Apr-25,2025-04-26T23:00:00,0.42,0.412,-0.008,0.008,0.000064,1.91%
Apr-25,2025-04-26T23:15:00,0.41,0.389,-0.021,0.021,0.000441,5%
Apr-25,2025-04-26T23:30:00,0.43,0.403,-0.027,0.027,0.000729,6.30%
Apr-25,2025-04-26T23:45:00,0.48,0.508,0.028,0.028,0.000784,5.76%
Apr-25,2025-04-27T00:00:00,0.28,0.328,0.048,0.048,0.002304,17.16%
Apr-25,2025-04-27T00:15:00,0.45,0.422,-0.028,0.028,0.000784,6.16%
Apr-25,2025-04-27T00:30:00,1.08,1.061,-0.019,0.019,0.000361,1.79%
Apr-25,2025-04-27T00:45:00,0.3,0.307,0.007,0.007,0.000049,2.37%
Apr-25,2025-04-27T01:00:00,0.29,0.297,0.007,0.007,0.000049,2.37%
Apr-25,2025-04-27T01:15:00,0.3,0.294,-0.006,0.006,0.000036,2.01%
Apr-25,2025-04-27T01:30:00,0.26,0.278,0.018,0.018,0.000324,6.75%
Apr-25,2025-04-27T01:45:00,0.26,0.262,0.002,0.002,0.000004,0.62%
Apr-25,2025-04-27T02:00:00,0.25,0.248,-0.002,0.002,0.000004,0.68%
Apr-25,2025-04-27T02:15:00,0.27,0.268,-0.002,0.002,0.000004,0.83%
Apr-25,2025-04-27T02:30:00,0.3,0.294,-0.006,0.006,0.000036,2.13%
Apr-25,2025-04-27T02:45:00,0.28,0.288,0.008,0.008,0.000064,2.84%
Apr-25,2025-04-27T03:00:00,0.3,0.299,-0.001,0.001,0.000001,0.18%
Apr-25,2025-04-27T03:15:00,0.3,0.297,-0.003,0.003,0.000009,1.13%
Apr-25,2025-04-27T03:30:00,0.28,0.286,0.006,0.006,0.000036,2.05%
Apr-25,2025-04-27T03:45:00,0.26,0.261,0.001,0.001,0.000001,0.42%
Apr-25,2025-04-27T04:00:00,0.26,0.252,-0.008,0.008,0.000064,2.91%
Apr-25,2025-04-27T04:15:00,0.27,0.268,-0.002,0.002,0.000004,0.65%
Apr-25,2025-04-27T04:30:00,0.3,0.284,-0.016,0.016,0.000256,5.37%
Apr-25,2025-04-27T04:45:00,0.3,0.3,0,0,0,0.02%
Apr-25,2025-04-27T05:00:00,0.31,0.308,-0.002,0.002,0.000004,0.69%
Apr-25,2025-04-27T05:15:00,0.29,0.294,0.004,0.004,0.000016,1.34%
Apr-25,2025-04-27T05:30:00,0.28,0.281,0.001,0.001,0.000001,0.54%
Apr-25,2025-04-27T05:45:00,0.26,0.267,0.007,0.007,0.000049,2.71%
Apr-25,2025-04-27T06:00:00,0.26,0.26,0,0,0,0.03%
Apr-25,2025-04-27T06:15:00,0.3,0.288,-0.012,0.012,0.000144,4.11%
Apr-25,2025-04-27T06:30:00,0.28,0.289,0.009,0.009,0.000081,3.11%
Apr-25,2025-04-27T06:45:00,0.3,0.298,-0.002,0.002,0.000004,0.65%
Apr-25,2025-04-27T07:00:00,0.29,0.303,0.013,0.013,0.000169,4.39%
Apr-25,2025-04-27T07:15:00,0.24,0.274,0.034,0.034,0.001156,14.13%
Apr-25,2025-04-27T07:30:00,0.26,0.273,0.013,0.013,0.000169,5.05%
Apr-25,2025-04-27T07:45:00,0.28,0.251,-0.029,0.029,0.000841,10.52%
Apr-25,2025-04-27T08:00:00,0.25,0.255,0.005,0.005,0.000025,1.96%
Apr-25,2025-04-27T08:15:00,0.21,0.244,0.034,0.034,0.001156,16.10%
Apr-25,2025-04-27T08:30:00,0.2,0.305,0.105,0.105,0.011025,52.68%
Apr-25,2025-04-27T08:45:00,0.28,0.294,0.014,0.014,0.000196,4.90%
Apr-25,2025-04-27T09:00:00,0.53,0.38,-0.15,0.15,0.0225,28.35%
Apr-25,2025-04-27T09:15:00,1.97,2.077,0.107,0.107,0.011449,5.46%
Apr-25,2025-04-27T09:30:00,2.2,1.701,-0.499,0.499,0.249001,22.69%
Apr-25,2025-04-27T09:45:00,0.79,0.846,0.056,0.056,0.003136,7.13%
Apr-25,2025-04-27T10:00:00,0.74,0.691,-0.049,0.049,0.002401,6.58%
Apr-25,2025-04-27T10:15:00,2,1.551,-0.449,0.449,0.201601,22.43%
Apr-25,2025-04-27T10:30:00,0.79,1.05,0.26,0.26,0.0676,32.95%
Apr-25,2025-04-27T10:45:00,2.91,2.52,-0.39,0.39,0.1521,13.39%
Apr-25,2025-04-27T11:00:00,3.51,2.947,-0.563,0.563,0.316969,16.03%
Apr-25,2025-04-27T11:15:00,2.06,2.209,0.149,0.149,0.022201,7.22%
Apr-25,2025-04-27T11:30:00,4.6,4.435,-0.165,0.165,0.027225,3.58%
Apr-25,2025-04-27T11:45:00,3.34,3.452,0.112,0.112,0.012544,3.35%
Apr-25,2025-04-27T12:00:00,2.86,3.083,0.223,0.223,0.049729,7.81%
Apr-25,2025-04-27T12:15:00,3,3.265,0.265,0.265,0.070225,8.82%
Apr-25,2025-04-27T12:30:00,3.02,3.468,0.448,0.448,0.200704,14.84%
Apr-25,2025-04-27T12:45:00,3.11,2.423,-0.687,0.687,0.471969,22.08%
Apr-25,2025-04-27T13:00:00,4.39,3.787,-0.603,0.603,0.363609,13.73%
Apr-25,2025-04-27T13:15:00,4.38,4.166,-0.214,0.214,0.045796,4.88%
Apr-25,2025-04-27T13:30:00,4.55,4.331,-0.219,0.219,0.047961,4.81%
Apr-25,2025-04-27T13:45:00,4.64,4.366,-0.274,0.274,0.075076,5.90%
Apr-25,2025-04-27T14:00:00,5.33,4.985,-0.345,0.345,0.119025,6.47%
Apr-25,2025-04-27T14:15:00,5.17,5.186,0.016,0.016,0.000256,0.32%
Apr-25,2025-04-27T14:30:00,5.87,5.22,-0.65,0.65,0.4225,11.07%
Apr-25,2025-04-27T14:45:00,4.84,4.828,-0.012,0.012,0.000144,0.26%
Apr-25,2025-04-27T15:00:00,3,3.06,0.06,0.06,0.0036,2.01%
Apr-25,2025-04-27T15:15:00,2.1,2.939,0.839,0.839,0.703921,39.97%
Apr-25,2025-04-27T15:30:00,2.36,2.388,0.028,0.028,0.000784,1.21%
Apr-25,2025-04-27T15:45:00,1.83,1.653,-0.177,0.177,0.031329,9.66%
Apr-25,2025-04-27T16:00:00,0.36,0.466,0.106,0.106,0.011236,29.55%
Apr-25,2025-04-27T16:15:00,1.36,1.166,-0.194,0.194,0.037636,14.27%
Apr-25,2025-04-27T16:30:00,1.31,1.432,0.122,0.122,0.014884,9.29%
Apr-25,2025-04-27T16:45:00,1.52,1.363,-0.157,0.157,0.024649,10.34%
Apr-25,2025-04-27T17:00:00,1.32,1.46,0.14,0.14,0.0196,10.59%
Apr-25,2025-04-27T17:15:00,1.52,1.508,-0.012,0.012,0.000144,0.81%
Apr-25,2025-04-27T17:30:00,2.08,1.174,-0.906,0.906,0.820836,43.58%
Apr-25,2025-04-27T17:45:00,1.75,1.513,-0.237,0.237,0.056169,13.57%
Apr-25,2025-04-27T18:00:00,4.07,4.512,0.442,0.442,0.195364,10.85%
Apr-25,2025-04-27T18:15:00,3.54,3.682,0.142,0.142,0.020164,4%
Apr-25,2025-04-27T18:30:00,1.86,1.974,0.114,0.114,0.012996,6.14%
Apr-25,2025-04-27T18:45:00,1.82,1.89,0.07,0.07,0.0049,3.85%
Apr-25,2025-04-27T19:00:00,1.08,1.04,-0.04,0.04,0.0016,3.71%
Apr-25,2025-04-27T19:15:00,0.64,0.629,-0.011,0.011,0.000121,1.69%
Apr-25,2025-04-27T19:30:00,1.36,1.237,-0.123,0.123,0.015129,9.03%
Apr-25,2025-04-27T19:45:00,0.89,0.871,-0.019,0.019,0.000361,2.12%
Apr-25,2025-04-27T20:00:00,0.89,0.974,0.084,0.084,0.007056,9.42%
Apr-25,2025-04-27T20:15:00,1.4,1.366,-0.034,0.034,0.001156,2.46%
Apr-25,2025-04-27T20:30:00,0.51,0.473,-0.037,0.037,0.001369,7.21%
Apr-25,2025-04-27T20:45:00,0.48,0.506,0.026,0.026,0.000676,5.51%
Apr-25,2025-04-27T21:00:00,0.39,0.375,-0.015,0.015,0.000225,3.82%
Apr-25,2025-04-27T21:15:00,0.53,0.493,-0.037,0.037,0.001369,6.94%
Apr-25,2025-04-27T21:30:00,2.48,2.398,-0.082,0.082,0.006724,3.30%
Apr-25,2025-04-27T21:45:00,0.29,0.303,0.013,0.013,0.000169,4.60%
Apr-25,2025-04-27T22:00:00,0.43,0.389,-0.041,0.041,0.001681,9.58%
Apr-25,2025-04-27T22:15:00,1.95,1.956,0.006,0.006,0.000036,0.30%
Apr-25,2025-04-27T22:30:00,0.54,0.517,-0.023,0.023,0.000529,4.18%
Apr-25,2025-04-27T22:45:00,0.57,0.561,-0.009,0.009,0.000081,1.49%
Apr-25,2025-04-27T23:00:00,0.52,0.534,0.014,0.014,0.000196,2.78%
Apr-25,2025-04-27T23:15:00,0.51,0.511,0.001,0.001,0.000001,0.21%
Apr-25,2025-04-27T23:30:00,0.49,0.536,0.046,0.046,0.002116,9.43%
Apr-25,2025-04-27T23:45:00,0.47,0.511,0.041,0.041,0.001681,8.72%
Apr-25,2025-04-28T00:00:00,0.47,0.528,0.058,0.058,0.003364,12.42%
Apr-25,2025-04-28T00:15:00,0.51,0.547,0.037,0.037,0.001369,7.29%
Apr-25,2025-04-28T00:30:00,0.49,0.509,0.019,0.019,0.000361,3.90%
Apr-25,2025-04-28T00:45:00,0.51,0.536,0.026,0.026,0.000676,5.15%
Apr-25,2025-04-28T01:00:00,0.51,0.532,0.022,0.022,0.000484,4.35%
Apr-25,2025-04-28T01:15:00,0.51,0.531,0.021,0.021,0.000441,4.15%
Apr-25,2025-04-28T01:30:00,0.5,0.529,0.029,0.029,0.000841,5.76%
Apr-25,2025-04-28T01:45:00,0.5,0.53,0.03,0.03,0.0009,5.93%
Apr-25,2025-04-28T02:00:00,0.48,0.52,0.04,0.04,0.0016,8.40%
Apr-25,2025-04-28T02:15:00,0.47,0.523,0.053,0.053,0.002809,11.26%
Apr-25,2025-04-28T02:30:00,0.37,0.374,0.004,0.004,0.000016,1.14%
Apr-25,2025-04-28T02:45:00,0.33,0.336,0.006,0.006,0.000036,1.81%
Apr-25,2025-04-28T03:00:00,0.34,0.327,-0.013,0.013,0.000169,3.90%
Apr-25,2025-04-28T03:15:00,0.33,0.333,0.003,0.003,0.000009,0.96%
Apr-25,2025-04-28T03:30:00,0.33,0.335,0.005,0.005,0.000025,1.62%
Apr-25,2025-04-28T03:45:00,0.32,0.328,0.008,0.008,0.000064,2.59%
Apr-25,2025-04-28T04:00:00,0.33,0.321,-0.009,0.009,0.000081,2.61%
Apr-25,2025-04-28T04:15:00,0.3,0.324,0.024,0.024,0.000576,8.10%
Apr-25,2025-04-28T04:30:00,1.06,1.158,0.098,0.098,0.009604,9.28%
Apr-25,2025-04-28T04:45:00,1.13,1.14,0.01,0.01,0.0001,0.93%
Apr-25,2025-04-28T05:00:00,1.89,1.926,0.036,0.036,0.001296,1.88%
Apr-25,2025-04-28T05:15:00,3.36,3.162,-0.198,0.198,0.039204,5.90%
Apr-25,2025-04-28T05:30:00,0.49,0.442,-0.048,0.048,0.002304,9.70%
Apr-25,2025-04-28T05:45:00,1.91,1.981,0.071,0.071,0.005041,3.73%
Apr-25,2025-04-28T06:00:00,0.44,0.425,-0.015,0.015,0.000225,3.51%
Apr-25,2025-04-28T06:15:00,1.08,1.079,-0.001,0.001,0.000001,0.11%
Apr-25,2025-04-28T06:30:00,0.38,0.348,-0.032,0.032,0.001024,8.43%
Apr-25,2025-04-28T06:45:00,0.35,0.344,-0.006,0.006,0.000036,1.74%
Apr-25,2025-04-28T07:00:00,0.45,0.341,-0.109,0.109,0.011881,24.13%
Apr-25,2025-04-28T07:15:00,0.55,0.422,-0.128,0.128,0.016384,23.20%
Apr-25,2025-04-28T07:30:00,0.59,0.466,-0.124,0.124,0.015376,21.07%
Apr-25,2025-04-28T07:45:00,1.25,1.229,-0.021,0.021,0.000441,1.65%
Apr-25,2025-04-28T08:00:00,2.1,1.946,-0.154,0.154,0.023716,7.34%
Apr-25,2025-04-28T08:15:00,0.54,0.404,-0.136,0.136,0.018496,25.24%
Apr-25,2025-04-28T08:30:00,0.53,0.516,-0.014,0.014,0.000196,2.60%
Apr-25,2025-04-28T08:45:00,0.45,0.54,0.09,0.09,0.0081,19.94%
Apr-25,2025-04-28T09:00:00,1.22,0.989,-0.231,0.231,0.053361,18.93%
Apr-25,2025-04-28T09:15:00,0.39,0.458,0.068,0.068,0.004624,17.38%
Apr-25,2025-04-28T09:30:00,0.5,0.458,-0.042,0.042,0.001764,8.34%
Apr-25,2025-04-28T09:45:00,0.63,0.49,-0.14,0.14,0.0196,22.18%
Apr-25,2025-04-28T10:00:00,1.62,1.26,-0.36,0.36,0.1296,22.23%
Apr-25,2025-04-28T10:15:00,2.31,1.845,-0.465,0.465,0.216225,20.14%
Apr-25,2025-04-28T10:30:00,0.97,1.022,0.052,0.052,0.002704,5.40%
Apr-25,2025-04-28T10:45:00,1.47,1.262,-0.208,0.208,0.043264,14.15%
Apr-25,2025-04-28T11:00:00,1.56,1.825,0.265,0.265,0.070225,16.98%
Apr-25,2025-04-28T11:15:00,2.37,2.214,-0.156,0.156,0.024336,6.57%
Apr-25,2025-04-28T11:30:00,1.77,1.952,0.182,0.182,0.033124,10.31%
Apr-25,2025-04-28T11:45:00,2.64,2.217,-0.423,0.423,0.178929,16.01%
Apr-25,2025-04-28T12:00:00,1.97,2.143,0.173,0.173,0.029929,8.81%
Apr-25,2025-04-28T12:15:00,1.91,1.833,-0.077,0.077,0.005929,4.05%
Apr-25,2025-04-28T12:30:00,2.07,2.012,-0.058,0.058,0.003364,2.79%
Apr-25,2025-04-28T12:45:00,2.21,2.47,0.26,0.26,0.0676,11.74%
Apr-25,2025-04-28T13:00:00,3.85,3.19,-0.66,0.66,0.4356,17.14%
Apr-25,2025-04-28T13:15:00,2.84,2.966,0.126,0.126,0.015876,4.43%
Apr-25,2025-04-28T13:30:00,2.9,3.004,0.104,0.104,0.010816,3.59%
Apr-25,2025-04-28T13:45:00,2.99,2.831,-0.159,0.159,0.025281,5.32%
Apr-25,2025-04-28T14:00:00,2.76,2.532,-0.228,0.228,0.051984,8.28%
Apr-25,2025-04-28T14:15:00,0.2,0.265,0.065,0.065,0.004225,32.40%
Apr-25,2025-04-28T14:30:00,0.21,0.195,-0.015,0.015,0.000225,7.02%
Apr-25,2025-04-28T14:45:00,0.25,0.377,0.127,0.127,0.016129,50.62%
Apr-25,2025-04-28T15:00:00,0.24,0.338,0.098,0.098,0.009604,40.81%
Apr-25,2025-04-28T15:15:00,0.24,0.268,0.028,0.028,0.000784,11.70%
Apr-25,2025-04-28T15:30:00,0.24,0.284,0.044,0.044,0.001936,18.17%
Apr-25,2025-04-28T15:45:00,0.24,0.181,-0.059,0.059,0.003481,24.41%
Apr-25,2025-04-28T16:00:00,0.23,0.228,-0.002,0.002,0.000004,1.06%
Apr-25,2025-04-28T16:15:00,0.2,0.22,0.02,0.02,0.0004,10.13%
Apr-25,2025-04-28T16:30:00,0.21,0.191,-0.019,0.019,0.000361,8.92%
Apr-25,2025-04-28T16:45:00,0.23,0.197,-0.033,0.033,0.001089,14.38%
Apr-25,2025-04-28T17:00:00,0.24,0.22,-0.02,0.02,0.0004,8.32%
Apr-25,2025-04-28T17:15:00,0.25,0.222,-0.028,0.028,0.000784,11.20%
Apr-25,2025-04-28T17:30:00,0.24,0.232,-0.008,0.008,0.000064,3.13%
Apr-25,2025-04-28T17:45:00,0.23,0.223,-0.007,0.007,0.000049,3.22%
Apr-25,2025-04-28T18:00:00,0.2,0.229,0.029,0.029,0.000841,14.68%
Apr-25,2025-04-28T18:15:00,0.94,0.945,0.005,0.005,0.000025,0.52%
Apr-25,2025-04-28T18:30:00,1.06,0.588,-0.472,0.472,0.222784,44.57%
Apr-25,2025-04-28T18:45:00,0.74,0.446,-0.294,0.294,0.086436,39.78%
Apr-25,2025-04-28T19:00:00,0.25,0.292,0.042,0.042,0.001764,16.60%
Apr-25,2025-04-28T19:15:00,0.29,0.353,0.063,0.063,0.003969,21.60%
Apr-25,2025-04-28T19:30:00,0.53,0.338,-0.192,0.192,0.036864,36.15%
Apr-25,2025-04-28T19:45:00,1.1,0.878,-0.222,0.222,0.049284,20.20%
Apr-25,2025-04-28T20:00:00,0.67,0.565,-0.105,0.105,0.011025,15.72%
Apr-25,2025-04-28T20:15:00,0.52,0.528,0.008,0.008,0.000064,1.49%
Apr-25,2025-04-28T20:30:00,0.26,0.321,0.061,0.061,0.003721,23.38%
Apr-25,2025-04-28T20:45:00,0.26,0.257,-0.003,0.003,0.000009,1.05%
Apr-25,2025-04-28T21:00:00,0.68,0.616,-0.064,0.064,0.004096,9.37%
Apr-25,2025-04-28T21:15:00,0.76,0.733,-0.027,0.027,0.000729,3.62%
Apr-25,2025-04-28T21:30:00,0.42,0.455,0.035,0.035,0.001225,8.41%
Apr-25,2025-04-28T21:45:00,0.43,0.411,-0.019,0.019,0.000361,4.39%
Apr-25,2025-04-28T22:00:00,0.44,0.417,-0.023,0.023,0.000529,5.17%
Apr-25,2025-04-28T22:15:00,0.48,0.468,-0.012,0.012,0.000144,2.53%
Apr-25,2025-04-28T22:30:00,0.39,0.423,0.033,0.033,0.001089,8.56%
Apr-25,2025-04-28T22:45:00,0.31,0.331,0.021,0.021,0.000441,6.80%
Apr-25,2025-04-28T23:00:00,0.3,0.313,0.013,0.013,0.000169,4.24%
Apr-25,2025-04-28T23:15:00,0.26,0.276,0.016,0.016,0.000256,6.05%
Apr-25,2025-04-28T23:30:00,0.28,0.277,-0.003,0.003,0.000009,1.04%
Apr-25,2025-04-28T23:45:00,0.29,0.287,-0.003,0.003,0.000009,1.02%
Apr-25,2025-04-29T00:00:00,0.29,0.284,-0.006,0.006,0.000036,2.07%
Apr-25,2025-04-29T00:15:00,0.28,0.279,-0.001,0.001,0.000001,0.41%
Apr-25,2025-04-29T00:30:00,0.28,0.281,0.001,0.001,0.000001,0.48%
Apr-25,2025-04-29T00:45:00,0.24,0.252,0.012,0.012,0.000144,5.06%
Apr-25,2025-04-29T01:00:00,0.25,0.243,-0.007,0.007,0.000049,2.87%
Apr-25,2025-04-29T01:15:00,0.27,0.265,-0.005,0.005,0.000025,1.92%
Apr-25,2025-04-29T01:30:00,0.28,0.275,-0.005,0.005,0.000025,1.63%
Apr-25,2025-04-29T01:45:00,0.27,0.272,0.002,0.002,0.000004,0.80%
Apr-25,2025-04-29T02:00:00,0.33,0.304,-0.026,0.026,0.000676,7.93%
Apr-25,2025-04-29T02:15:00,0.71,0.715,0.005,0.005,0.000025,0.66%
Apr-25,2025-04-29T02:30:00,2.55,2.698,0.148,0.148,0.021904,5.81%
Apr-25,2025-04-29T02:45:00,1.43,1.47,0.04,0.04,0.0016,2.80%
Apr-25,2025-04-29T03:00:00,0.36,0.348,-0.012,0.012,0.000144,3.39%
Apr-25,2025-04-29T03:15:00,2.34,2.282,-0.058,0.058,0.003364,2.47%
Apr-25,2025-04-29T03:30:00,0.32,0.318,-0.002,0.002,0.000004,0.78%
Apr-25,2025-04-29T03:45:00,0.32,0.322,0.002,0.002,0.000004,0.66%
Apr-25,2025-04-29T04:00:00,0.33,0.331,0.001,0.001,0.000001,0.16%
Apr-25,2025-04-29T04:15:00,1.01,0.931,-0.079,0.079,0.006241,7.81%
Apr-25,2025-04-29T04:30:00,0.31,0.31,0,0,0,0.14%
Apr-25,2025-04-29T04:45:00,0.29,0.305,0.015,0.015,0.000225,5.28%
Apr-25,2025-04-29T05:00:00,0.31,0.32,0.01,0.01,0.0001,3.27%
Apr-25,2025-04-29T05:15:00,0.28,0.299,0.019,0.019,0.000361,6.87%
Apr-25,2025-04-29T05:30:00,0.26,0.267,0.007,0.007,0.000049,2.82%
Apr-25,2025-04-29T05:45:00,0.26,0.262,0.002,0.002,0.000004,0.86%
Apr-25,2025-04-29T06:00:00,0.3,0.292,-0.008,0.008,0.000064,2.67%
Apr-25,2025-04-29T06:15:00,0.3,0.299,-0.001,0.001,0.000001,0.39%
Apr-25,2025-04-29T06:30:00,0.24,0.274,0.034,0.034,0.001156,14.09%
Apr-25,2025-04-29T06:45:00,0.23,0.241,0.011,0.011,0.000121,4.70%
Apr-25,2025-04-29T07:00:00,0.24,0.266,0.026,0.026,0.000676,10.97%
Apr-25,2025-04-29T07:15:00,0.24,0.261,0.021,0.021,0.000441,8.65%
Apr-25,2025-04-29T07:30:00,0.28,0.255,-0.025,0.025,0.000625,8.83%
Apr-25,2025-04-29T07:45:00,0.33,0.266,-0.064,0.064,0.004096,19.47%
Apr-25,2025-04-29T08:00:00,0.29,0.263,-0.027,0.027,0.000729,9.45%
Apr-25,2025-04-29T08:15:00,0.31,0.297,-0.013,0.013,0.000169,4.16%
Apr-25,2025-04-29T08:30:00,0.33,0.306,-0.024,0.024,0.000576,7.20%
Apr-25,2025-04-29T08:45:00,0.34,0.315,-0.025,0.025,0.000625,7.46%
Apr-25,2025-04-29T09:00:00,0.34,0.313,-0.027,0.027,0.000729,7.80%
Apr-25,2025-04-29T09:15:00,0.95,0.703,-0.247,0.247,0.061009,26%
Apr-25,2025-04-29T09:30:00,0.64,0.93,0.29,0.29,0.0841,45.32%
Apr-25,2025-04-29T09:45:00,1.44,0.936,-0.504,0.504,0.254016,35.01%
Apr-25,2025-04-29T10:00:00,1.37,1.196,-0.174,0.174,0.030276,12.74%
Apr-25,2025-04-29T10:15:00,1.48,1.378,-0.102,0.102,0.010404,6.92%
Apr-25,2025-04-29T10:30:00,1.56,1.363,-0.197,0.197,0.038809,12.60%
Apr-25,2025-04-29T10:45:00,1.62,1.475,-0.145,0.145,0.021025,8.94%
Apr-25,2025-04-29T11:00:00,1.68,1.838,0.158,0.158,0.024964,9.40%
Apr-25,2025-04-29T11:15:00,1.92,2.001,0.081,0.081,0.006561,4.21%
Apr-25,2025-04-29T11:30:00,1.8,1.888,0.088,0.088,0.007744,4.87%
Apr-25,2025-04-29T11:45:00,1.84,1.986,0.146,0.146,0.021316,7.94%
Apr-25,2025-04-29T12:00:00,1.9,2.023,0.123,0.123,0.015129,6.48%
Apr-25,2025-04-29T12:15:00,1.89,2.061,0.171,0.171,0.029241,9.07%
Apr-25,2025-04-29T12:30:00,2.01,2.066,0.056,0.056,0.003136,2.81%
Apr-25,2025-04-29T12:45:00,2.47,2.422,-0.048,0.048,0.002304,1.96%
Apr-25,2025-04-29T13:00:00,2.45,2.374,-0.076,0.076,0.005776,3.09%
Apr-25,2025-04-29T13:15:00,2.58,2.536,-0.044,0.044,0.001936,1.72%
Apr-25,2025-04-29T13:30:00,2.74,2.717,-0.023,0.023,0.000529,0.83%
Apr-25,2025-04-29T13:45:00,1.93,2.584,0.654,0.654,0.427716,33.90%
Apr-25,2025-04-29T14:00:00,0.2,0.423,0.223,0.223,0.049729,111.34%
Apr-25,2025-04-29T14:15:00,0.24,0.182,-0.058,0.058,0.003364,24.31%
Apr-25,2025-04-29T14:30:00,0.24,0.181,-0.059,0.059,0.003481,24.69%
Apr-25,2025-04-29T14:45:00,0.22,0.504,0.284,0.284,0.080656,129.18%
Apr-25,2025-04-29T15:00:00,0.23,0.164,-0.066,0.066,0.004356,28.74%
Apr-25,2025-04-29T15:15:00,0.35,0.266,-0.084,0.084,0.007056,23.98%
Apr-25,2025-04-29T15:30:00,0.19,0.271,0.081,0.081,0.006561,42.76%
Apr-25,2025-04-29T15:45:00,0.19,0.244,0.054,0.054,0.002916,28.60%
Apr-25,2025-04-29T16:00:00,0.21,0.194,-0.016,0.016,0.000256,7.75%
Apr-25,2025-04-29T16:15:00,0.23,0.196,-0.034,0.034,0.001156,14.77%
Apr-25,2025-04-29T16:30:00,0.23,0.232,0.002,0.002,0.000004,0.98%
Apr-25,2025-04-29T16:45:00,0.24,0.349,0.109,0.109,0.011881,45.46%
Apr-25,2025-04-29T17:00:00,0.23,0.266,0.036,0.036,0.001296,15.53%
Apr-25,2025-04-29T17:15:00,0.22,0.241,0.021,0.021,0.000441,9.71%
Apr-25,2025-04-29T17:30:00,0.19,0.223,0.033,0.033,0.001089,17.11%
Apr-25,2025-04-29T17:45:00,0.19,0.193,0.003,0.003,0.000009,1.45%
Apr-25,2025-04-29T18:00:00,0.21,0.211,0.001,0.001,0.000001,0.57%
Apr-25,2025-04-29T18:15:00,0.22,0.22,0,0,0,0.03%
Apr-25,2025-04-29T18:30:00,0.21,0.213,0.003,0.003,0.000009,1.53%
Apr-25,2025-04-29T18:45:00,1.42,1.441,0.021,0.021,0.000441,1.49%
Apr-25,2025-04-29T19:00:00,0.35,0.393,0.043,0.043,0.001849,12.24%
Apr-25,2025-04-29T19:15:00,0.69,0.782,0.092,0.092,0.008464,13.30%
Apr-25,2025-04-29T19:30:00,0.59,0.66,0.07,0.07,0.0049,11.89%
Apr-25,2025-04-29T19:45:00,0.59,0.61,0.02,0.02,0.0004,3.39%
Apr-25,2025-04-29T20:00:00,0.56,0.534,-0.026,0.026,0.000676,4.71%
Apr-25,2025-04-29T20:15:00,0.57,0.548,-0.022,0.022,0.000484,3.86%
Apr-25,2025-04-29T20:30:00,0.35,0.364,0.014,0.014,0.000196,3.97%
Apr-25,2025-04-29T20:45:00,0.6,0.56,-0.04,0.04,0.0016,6.69%
Apr-25,2025-04-29T21:00:00,0.51,0.521,0.011,0.011,0.000121,2.11%
Apr-25,2025-04-29T21:15:00,0.59,0.592,0.002,0.002,0.000004,0.33%
Apr-25,2025-04-29T21:30:00,0.54,0.55,0.01,0.01,0.0001,1.87%
Apr-25,2025-04-29T21:45:00,0.51,0.518,0.008,0.008,0.000064,1.50%
Apr-25,2025-04-29T22:00:00,0.49,0.523,0.033,0.033,0.001089,6.70%
Apr-25,2025-04-29T22:15:00,0.43,0.449,0.019,0.019,0.000361,4.31%
Apr-25,2025-04-29T22:30:00,0.34,0.342,0.002,0.002,0.000004,0.45%
Apr-25,2025-04-29T22:45:00,0.27,0.285,0.015,0.015,0.000225,5.63%
Apr-25,2025-04-29T23:00:00,0.26,0.267,0.007,0.007,0.000049,2.74%
Apr-25,2025-04-29T23:15:00,0.28,0.276,-0.004,0.004,0.000016,1.32%
Apr-25,2025-04-29T23:30:00,0.28,0.279,-0.001,0.001,0.000001,0.53%
Apr-25,2025-04-29T23:45:00,0.27,0.273,0.003,0.003,0.000009,1.27%
Apr-25,2025-04-30T00:00:00,0.26,0.261,0.001,0.001,0.000001,0.57%
Apr-25,2025-04-30T00:15:00,0.23,0.25,0.02,0.02,0.0004,8.81%
Apr-25,2025-04-30T00:30:00,0.24,0.24,0,0,0,0.04%
Apr-25,2025-04-30T00:45:00,0.25,0.248,-0.002,0.002,0.000004,0.81%
Apr-25,2025-04-30T01:00:00,0.27,0.269,-0.001,0.001,0.000001,0.32%
Apr-25,2025-04-30T01:15:00,0.26,0.262,0.002,0.002,0.000004,0.89%
Apr-25,2025-04-30T01:30:00,0.28,0.275,-0.005,0.005,0.000025,1.64%
Apr-25,2025-04-30T01:45:00,0.28,0.274,-0.006,0.006,0.000036,1.99%
Apr-25,2025-04-30T02:00:00,0.3,0.299,-0.001,0.001,0.000001,0.46%
Apr-25,2025-04-30T02:15:00,0.32,0.308,-0.012,0.012,0.000144,3.77%
Apr-25,2025-04-30T02:30:00,1.03,1.059,0.029,0.029,0.000841,2.83%
Apr-25,2025-04-30T02:45:00,0.97,0.954,-0.016,0.016,0.000256,1.64%
Apr-25,2025-04-30T03:00:00,0.31,0.317,0.007,0.007,0.000049,2.33%
Apr-25,2025-04-30T03:15:00,1.67,1.717,0.047,0.047,0.002209,2.81%
Apr-25,2025-04-30T03:30:00,1.01,1.004,-0.006,0.006,0.000036,0.62%
Apr-25,2025-04-30T03:45:00,0.34,0.336,-0.004,0.004,0.000016,1.31%
Apr-25,2025-04-30T04:00:00,0.3,0.313,0.013,0.013,0.000169,4.19%
Apr-25,2025-04-30T04:15:00,0.98,0.912,-0.068,0.068,0.004624,6.99%
Apr-25,2025-04-30T04:30:00,0.28,0.292,0.012,0.012,0.000144,4.14%
Apr-25,2025-04-30T04:45:00,0.24,0.263,0.023,0.023,0.000529,9.66%
Apr-25,2025-04-30T05:00:00,0.23,0.25,0.02,0.02,0.0004,8.55%
Apr-25,2025-04-30T05:15:00,0.25,0.24,-0.01,0.01,0.0001,4.06%
Apr-25,2025-04-30T05:30:00,0.27,0.27,0,0,0,0.03%
Apr-25,2025-04-30T05:45:00,0.27,0.271,0.001,0.001,0.000001,0.28%
Apr-25,2025-04-30T06:00:00,0.27,0.27,0,0,0,0.18%
Apr-25,2025-04-30T06:15:00,0.26,0.262,0.002,0.002,0.000004,0.74%
Apr-25,2025-04-30T06:30:00,0.21,0.247,0.037,0.037,0.001369,17.65%
Apr-25,2025-04-30T06:45:00,0.19,0.225,0.035,0.035,0.001225,18.31%
Apr-25,2025-04-30T07:00:00,0.22,0.24,0.02,0.02,0.0004,9.29%
Apr-25,2025-04-30T07:15:00,0.31,0.278,-0.032,0.032,0.001024,10.37%
Apr-25,2025-04-30T07:30:00,0.63,0.412,-0.218,0.218,0.047524,34.64%
Apr-25,2025-04-30T07:45:00,1.19,1.06,-0.13,0.13,0.0169,10.95%
Apr-25,2025-04-30T08:00:00,0.53,0.487,-0.043,0.043,0.001849,8.05%
Apr-25,2025-04-30T08:15:00,0.45,0.379,-0.071,0.071,0.005041,15.84%
Apr-25,2025-04-30T08:30:00,0.45,0.444,-0.006,0.006,0.000036,1.25%
Apr-25,2025-04-30T08:45:00,0.35,0.398,0.048,0.048,0.002304,13.85%
Apr-25,2025-04-30T09:00:00,0.19,0.313,0.123,0.123,0.015129,64.66%
Apr-25,2025-04-30T09:15:00,0.24,0.296,0.056,0.056,0.003136,23.48%
Apr-25,2025-04-30T09:30:00,0.23,0.321,0.091,0.091,0.008281,39.75%
Apr-25,2025-04-30T09:45:00,0.23,0.319,0.089,0.089,0.007921,38.88%
Apr-25,2025-04-30T10:00:00,0.22,0.293,0.073,0.073,0.005329,33.05%
Apr-25,2025-04-30T10:15:00,0.21,0.303,0.093,0.093,0.008649,44.32%
Apr-25,2025-04-30T10:30:00,0.21,0.347,0.137,0.137,0.018769,65.35%
Apr-25,2025-04-30T10:45:00,1.42,0.953,-0.467,0.467,0.218089,32.87%
Apr-25,2025-04-30T11:00:00,1.49,1.572,0.082,0.082,0.006724,5.50%
Apr-25,2025-04-30T11:15:00,1.77,1.822,0.052,0.052,0.002704,2.93%
Apr-25,2025-04-30T11:30:00,1.65,1.73,0.08,0.08,0.0064,4.87%
Apr-25,2025-04-30T11:45:00,1.77,1.915,0.145,0.145,0.021025,8.17%
Apr-25,2025-04-30T12:00:00,1.81,1.832,0.022,0.022,0.000484,1.19%
Apr-25,2025-04-30T12:15:00,2.04,1.943,-0.097,0.097,0.009409,4.73%
Apr-25,2025-04-30T12:30:00,1.9,2.179,0.279,0.279,0.077841,14.67%
Apr-25,2025-04-30T12:45:00,1.97,2.062,0.092,0.092,0.008464,4.66%
Apr-25,2025-04-30T13:00:00,2.78,2.479,-0.301,0.301,0.090601,10.82%
Apr-25,2025-04-30T13:15:00,2.57,2.722,0.152,0.152,0.023104,5.92%
Apr-25,2025-04-30T13:30:00,2.71,2.49,-0.22,0.22,0.0484,8.12%
Apr-25,2025-04-30T13:45:00,2.89,2.962,0.072,0.072,0.005184,2.48%
Apr-25,2025-04-30T14:00:00,1.96,1.627,-0.333,0.333,0.110889,16.98%
Apr-25,2025-04-30T14:15:00,0.29,0.339,0.049,0.049,0.002401,16.76%
Apr-25,2025-04-30T14:30:00,0.3,0.271,-0.029,0.029,0.000841,9.81%
Apr-25,2025-04-30T14:45:00,0.3,0.345,0.045,0.045,0.002025,14.92%
Apr-25,2025-04-30T15:00:00,4.53,3.682,-0.848,0.848,0.719104,18.71%
Apr-25,2025-04-30T15:15:00,1.72,1.513,-0.207,0.207,0.042849,12.04%
Apr-25,2025-04-30T15:30:00,1.08,0.924,-0.156,0.156,0.024336,14.46%
Apr-25,2025-04-30T15:45:00,0.23,0.584,0.354,0.354,0.125316,153.83%
Apr-25,2025-04-30T16:00:00,0.44,0.465,0.025,0.025,0.000625,5.67%
Apr-25,2025-04-30T16:15:00,0.26,0.238,-0.022,0.022,0.000484,8.42%
Apr-25,2025-04-30T16:30:00,0.24,0.341,0.101,0.101,0.010201,42.08%
Apr-25,2025-04-30T16:45:00,0.26,0.293,0.033,0.033,0.001089,12.76%
Apr-25,2025-04-30T17:00:00,0.25,0.286,0.036,0.036,0.001296,14.31%
Apr-25,2025-04-30T17:15:00,0.3,0.257,-0.043,0.043,0.001849,14.19%
Apr-25,2025-04-30T17:30:00,0.19,0.245,0.055,0.055,0.003025,28.92%
Apr-25,2025-04-30T17:45:00,0.19,0.226,0.036,0.036,0.001296,19.03%
Apr-25,2025-04-30T18:00:00,0.21,0.232,0.022,0.022,0.000484,10.48%
Apr-25,2025-04-30T18:15:00,0.2,0.223,0.023,0.023,0.000529,11.61%
Apr-25,2025-04-30T18:30:00,0.29,0.222,-0.068,0.068,0.004624,23.35%
Apr-25,2025-04-30T18:45:00,0.52,0.415,-0.105,0.105,0.011025,20.24%
Apr-25,2025-04-30T19:00:00,0.62,0.464,-0.156,0.156,0.024336,25.15%
Apr-25,2025-04-30T19:15:00,1.08,1.019,-0.061,0.061,0.003721,5.62%
Apr-25,2025-04-30T19:30:00,1.01,1.025,0.015,0.015,0.000225,1.52%
Apr-25,2025-04-30T19:45:00,0.67,0.667,-0.003,0.003,0.000009,0.47%
Apr-25,2025-04-30T20:00:00,0.72,0.72,0,0,0,0.07%
Apr-25,2025-04-30T20:15:00,1.44,1.424,-0.016,0.016,0.000256,1.13%
Apr-25,2025-04-30T20:30:00,0.73,0.721,-0.009,0.009,0.000081,1.28%
Apr-25,2025-04-30T20:45:00,0.52,0.537,0.017,0.017,0.000289,3.31%
Apr-25,2025-04-30T21:00:00,0.33,0.348,0.018,0.018,0.000324,5.50%
Apr-25,2025-04-30T21:15:00,0.31,0.321,0.011,0.011,0.000121,3.56%
Apr-25,2025-04-30T21:30:00,0.51,0.48,-0.03,0.03,0.0009,5.93%
Apr-25,2025-04-30T21:45:00,0.51,0.503,-0.007,0.007,0.000049,1.43%
Apr-25,2025-04-30T22:00:00,0.52,0.514,-0.006,0.006,0.000036,1.06%
Apr-25,2025-04-30T22:15:00,0.44,0.423,-0.017,0.017,0.000289,3.93%
Apr-25,2025-04-30T22:30:00,0.29,0.315,0.025,0.025,0.000625,8.58%
Apr-25,2025-04-30T22:45:00,0.25,0.266,0.016,0.016,0.000256,6.41%
Apr-25,2025-04-30T23:00:00,0.25,0.259,0.009,0.009,0.000081,3.78%
Apr-25,2025-04-30T23:15:00,0.28,0.274,-0.006,0.006,0.000036,2.21%
Apr-25,2025-04-30T23:30:00,0.28,0.279,-0.001,0.001,0.000001,0.18%
Apr-25,2025-04-30T23:45:00,0.28,0.281,0.001,0.001,0.000001,0.32%
Sep-25,2025-09-01T00:00:00,0.16,0.16,0,0,0,0.29%
Sep-25,2025-09-01T00:15:00,0.16,0.159,-0.001,0.001,0.000001,0.35%
Sep-25,2025-09-01T00:30:00,0.15,0.154,0.004,0.004,0.000016,2.70%
Sep-25,2025-09-01T00:45:00,0.13,0.148,0.018,0.018,0.000324,13.72%
Sep-25,2025-09-01T01:00:00,0.17,0.142,-0.028,0.028,0.000784,16.23%
Sep-25,2025-09-01T01:15:00,0.17,0.153,-0.017,0.017,0.000289,9.93%
Sep-25,2025-09-01T01:30:00,0.16,0.16,0,0,0,0.19%
Sep-25,2025-09-01T01:45:00,0.16,0.16,0,0,0,0.13%
Sep-25,2025-09-01T02:00:00,0.16,0.159,-0.001,0.001,0.000001,0.66%
Sep-25,2025-09-01T02:15:00,0.13,0.154,0.024,0.024,0.000576,18.67%
Sep-25,2025-09-01T02:30:00,0.17,0.142,-0.028,0.028,0.000784,16.73%
Sep-25,2025-09-01T02:45:00,0.17,0.153,-0.017,0.017,0.000289,10.23%
Sep-25,2025-09-01T03:00:00,0.16,0.16,0,0,0,0.05%
Sep-25,2025-09-01T03:15:00,0.16,0.155,-0.005,0.005,0.000025,3.05%
Sep-25,2025-09-01T03:30:00,0.15,0.155,0.005,0.005,0.000025,3.43%
Sep-25,2025-09-01T03:45:00,0.13,0.15,0.02,0.02,0.0004,15.02%
Sep-25,2025-09-01T04:00:00,0.16,0.156,-0.004,0.004,0.000016,2.73%
Sep-25,2025-09-01T04:15:00,0.17,0.162,-0.008,0.008,0.000064,4.95%
Sep-25,2025-09-01T04:30:00,0.17,0.155,-0.015,0.015,0.000225,8.93%
Sep-25,2025-09-01T04:45:00,0.16,0.164,0.004,0.004,0.000016,2.22%
Sep-25,2025-09-01T05:00:00,0.16,0.157,-0.003,0.003,0.000009,1.61%
Sep-25,2025-09-01T05:15:00,0.23,0.166,-0.064,0.064,0.004096,27.90%
Sep-25,2025-09-01T05:30:00,0.27,0.191,-0.079,0.079,0.006241,29.44%
Sep-25,2025-09-01T05:45:00,0.17,0.199,0.029,0.029,0.000841,16.79%
Sep-25,2025-09-01T06:00:00,0.19,0.182,-0.008,0.008,0.000064,4.40%
Sep-25,2025-09-01T06:15:00,0.22,0.175,-0.045,0.045,0.002025,20.48%
Sep-25,2025-09-01T06:30:00,0.21,0.183,-0.027,0.027,0.000729,12.70%
Sep-25,2025-09-01T06:45:00,0.19,0.18,-0.01,0.01,0.0001,5.10%
Sep-25,2025-09-01T07:00:00,0.16,0.167,0.007,0.007,0.000049,4.33%
Sep-25,2025-09-01T07:15:00,0.72,0.471,-0.249,0.249,0.062001,34.56%
Sep-25,2025-09-01T07:30:00,0.83,0.586,-0.244,0.244,0.059536,29.44%
Sep-25,2025-09-01T07:45:00,0.19,0.304,0.114,0.114,0.012996,59.80%
Sep-25,2025-09-01T08:00:00,0.19,0.687,0.497,0.497,0.247009,261.62%
Sep-25,2025-09-01T08:15:00,0.86,1.315,0.455,0.455,0.207025,52.90%
Sep-25,2025-09-01T08:30:00,0.14,0.534,0.394,0.394,0.155236,281.77%
Sep-25,2025-09-01T08:45:00,0.12,0.546,0.426,0.426,0.181476,354.62%
Sep-25,2025-09-01T09:00:00,0.11,0.499,0.389,0.389,0.151321,353.24%
Sep-25,2025-09-01T09:15:00,0.14,0.408,0.268,0.268,0.071824,191.50%
Sep-25,2025-09-01T09:30:00,0.13,0.273,0.143,0.143,0.020449,109.80%
Sep-25,2025-09-01T09:45:00,0.12,0.279,0.159,0.159,0.025281,132.29%
Sep-25,2025-09-01T10:00:00,0.11,0.244,0.134,0.134,0.017956,121.78%
Sep-25,2025-09-01T10:15:00,0.09,0.198,0.108,0.108,0.011664,120.10%
Sep-25,2025-09-01T10:30:00,0.08,0.181,0.101,0.101,0.010201,126.64%
Sep-25,2025-09-01T10:45:00,0.1,0.19,0.09,0.09,0.0081,90.25%
Sep-25,2025-09-01T11:00:00,0.13,0.211,0.081,0.081,0.006561,62.63%
Sep-25,2025-09-01T11:15:00,0.12,0.24,0.12,0.12,0.0144,99.79%
Sep-25,2025-09-01T11:30:00,0.12,0.225,0.105,0.105,0.011025,87.54%
Sep-25,2025-09-01T11:45:00,0.1,0.227,0.127,0.127,0.016129,126.52%
Sep-25,2025-09-01T12:00:00,0.08,0.233,0.153,0.153,0.023409,191.67%
Sep-25,2025-09-01T12:15:00,0.09,0.265,0.175,0.175,0.030625,194.53%
Sep-25,2025-09-01T12:30:00,0.13,0.262,0.132,0.132,0.017424,101.59%
Sep-25,2025-09-01T12:45:00,0.12,0.242,0.122,0.122,0.014884,101.55%
Sep-25,2025-09-01T13:00:00,0.11,0.243,0.133,0.133,0.017689,120.84%
Sep-25,2025-09-01T13:15:00,0.1,0.233,0.133,0.133,0.017689,133.36%
Sep-25,2025-09-01T13:30:00,0.08,0.26,0.18,0.18,0.0324,224.47%
Sep-25,2025-09-01T13:45:00,0.07,0.229,0.159,0.159,0.025281,227.32%
Sep-25,2025-09-01T14:00:00,0.12,0.17,0.05,0.05,0.0025,42.08%
Sep-25,2025-09-01T14:15:00,0.26,0.181,-0.079,0.079,0.006241,30.53%
Sep-25,2025-09-01T14:30:00,0.98,0.69,-0.29,0.29,0.0841,29.62%
Sep-25,2025-09-01T14:45:00,0.54,0.674,0.134,0.134,0.017956,24.78%
Sep-25,2025-09-01T15:00:00,0.33,0.532,0.202,0.202,0.040804,61.31%
Sep-25,2025-09-01T15:15:00,0.26,0.476,0.216,0.216,0.046656,83.15%
Sep-25,2025-09-01T15:30:00,0.26,0.492,0.232,0.232,0.053824,89.38%
Sep-25,2025-09-01T15:45:00,0.23,0.502,0.272,0.272,0.073984,118.10%
Sep-25,2025-09-01T16:00:00,0.45,0.293,-0.157,0.157,0.024649,34.90%
Sep-25,2025-09-01T16:15:00,0.41,0.411,0.001,0.001,0.000001,0.29%
Sep-25,2025-09-01T16:30:00,0.3,0.427,0.127,0.127,0.016129,42.46%
Sep-25,2025-09-01T16:45:00,0.15,0.348,0.198,0.198,0.039204,132.28%
Sep-25,2025-09-01T17:00:00,0.12,0.353,0.233,0.233,0.054289,194.19%
Sep-25,2025-09-01T17:15:00,0.12,0.233,0.113,0.113,0.012769,94%
Sep-25,2025-09-01T17:30:00,0.15,0.216,0.066,0.066,0.004356,43.76%
Sep-25,2025-09-01T17:45:00,0.11,0.16,0.05,0.05,0.0025,45.33%
Sep-25,2025-09-01T18:00:00,0.11,0.159,0.049,0.049,0.002401,44.80%
Sep-25,2025-09-01T18:15:00,0.13,0.122,-0.008,0.008,0.000064,5.95%
Sep-25,2025-09-01T18:30:00,0.15,0.133,-0.017,0.017,0.000289,11.16%
Sep-25,2025-09-01T18:45:00,0.18,0.164,-0.016,0.016,0.000256,9.07%
Sep-25,2025-09-01T19:00:00,0.17,0.167,-0.003,0.003,0.000009,1.52%
Sep-25,2025-09-01T19:15:00,0.17,0.16,-0.01,0.01,0.0001,5.67%
Sep-25,2025-09-01T19:30:00,0.16,0.166,0.006,0.006,0.000036,3.58%
Sep-25,2025-09-01T19:45:00,0.15,0.151,0.001,0.001,0.000001,0.94%
Sep-25,2025-09-01T20:00:00,0.15,0.152,0.002,0.002,0.000004,1.51%
Sep-25,2025-09-01T20:15:00,0.18,0.171,-0.009,0.009,0.000081,4.99%
Sep-25,2025-09-01T20:30:00,0.18,0.178,-0.002,0.002,0.000004,1.17%
Sep-25,2025-09-01T20:45:00,0.17,0.176,0.006,0.006,0.000036,3.24%
Sep-25,2025-09-01T21:00:00,0.17,0.172,0.002,0.002,0.000004,1.13%
Sep-25,2025-09-01T21:15:00,0.15,0.161,0.011,0.011,0.000121,7.59%
Sep-25,2025-09-01T21:30:00,0.12,0.151,0.031,0.031,0.000961,25.67%
Sep-25,2025-09-01T21:45:00,0.16,0.149,-0.011,0.011,0.000121,6.77%
Sep-25,2025-09-01T22:00:00,0.16,0.165,0.005,0.005,0.000025,2.94%
Sep-25,2025-09-01T22:15:00,0.15,0.156,0.006,0.006,0.000036,3.82%
Sep-25,2025-09-01T22:30:00,0.15,0.154,0.004,0.004,0.000016,2.90%
Sep-25,2025-09-01T22:45:00,0.15,0.154,0.004,0.004,0.000016,2.81%
Sep-25,2025-09-01T23:00:00,0.12,0.148,0.028,0.028,0.000784,23.20%
Sep-25,2025-09-01T23:15:00,0.45,0.323,-0.127,0.127,0.016129,28.27%
Sep-25,2025-09-01T23:30:00,0.65,0.602,-0.048,0.048,0.002304,7.40%
Sep-25,2025-09-01T23:45:00,0.64,0.608,-0.032,0.032,0.001024,5.01%
Sep-25,2025-09-02T00:00:00,0.63,0.636,0.006,0.006,0.000036,1.03%
Sep-25,2025-09-02T00:15:00,0.26,0.327,0.067,0.067,0.004489,25.83%
Sep-25,2025-09-02T00:30:00,0.23,0.255,0.025,0.025,0.000625,10.71%
Sep-25,2025-09-02T00:45:00,0.25,0.246,-0.004,0.004,0.000016,1.80%
Sep-25,2025-09-02T01:00:00,0.28,0.284,0.004,0.004,0.000016,1.26%
Sep-25,2025-09-02T01:15:00,0.27,0.257,-0.013,0.013,0.000169,4.81%
Sep-25,2025-09-02T01:30:00,0.27,0.248,-0.022,0.022,0.000484,8.17%
Sep-25,2025-09-02T01:45:00,0.26,0.248,-0.012,0.012,0.000144,4.69%
Sep-25,2025-09-02T02:00:00,0.24,0.244,0.004,0.004,0.000016,1.77%
Sep-25,2025-09-02T02:15:00,0.24,0.223,-0.017,0.017,0.000289,7.14%
Sep-25,2025-09-02T02:30:00,0.28,0.256,-0.024,0.024,0.000576,8.44%
Sep-25,2025-09-02T02:45:00,0.27,0.252,-0.018,0.018,0.000324,6.59%
Sep-25,2025-09-02T03:00:00,0.26,0.243,-0.017,0.017,0.000289,6.42%
Sep-25,2025-09-02T03:15:00,0.26,0.243,-0.017,0.017,0.000289,6.42%
Sep-25,2025-09-02T03:30:00,0.25,0.236,-0.014,0.014,0.000196,5.45%
Sep-25,2025-09-02T03:45:00,0.23,0.225,-0.005,0.005,0.000025,2.03%
Sep-25,2025-09-02T04:00:00,0.31,0.274,-0.036,0.036,0.001296,11.71%
Sep-25,2025-09-02T04:15:00,0.37,0.325,-0.045,0.045,0.002025,12.05%
Sep-25,2025-09-02T04:30:00,0.54,0.526,-0.014,0.014,0.000196,2.59%
Sep-25,2025-09-02T04:45:00,0.35,0.372,0.022,0.022,0.000484,6.42%
Sep-25,2025-09-02T05:00:00,0.26,0.315,0.055,0.055,0.003025,21.28%
Sep-25,2025-09-02T05:15:00,0.23,0.265,0.035,0.035,0.001225,15.10%
Sep-25,2025-09-02T05:30:00,0.26,0.263,0.003,0.003,0.000009,1.12%
Sep-25,2025-09-02T05:45:00,0.27,0.276,0.006,0.006,0.000036,2.28%
Sep-25,2025-09-02T06:00:00,0.26,0.255,-0.005,0.005,0.000025,2%
Sep-25,2025-09-02T06:15:00,0.26,0.253,-0.007,0.007,0.000049,2.86%
Sep-25,2025-09-02T06:30:00,0.26,0.252,-0.008,0.008,0.000064,3.21%
Sep-25,2025-09-02T06:45:00,0.23,0.244,0.014,0.014,0.000196,6.21%
Sep-25,2025-09-02T07:00:00,0.24,0.256,0.016,0.016,0.000256,6.55%
Sep-25,2025-09-02T07:15:00,0.25,0.25,0,0,0,0.19%
Sep-25,2025-09-02T07:30:00,0.22,0.265,0.045,0.045,0.002025,20.28%
Sep-25,2025-09-02T07:45:00,0.22,0.26,0.04,0.04,0.0016,18.40%
Sep-25,2025-09-02T08:00:00,0.21,0.246,0.036,0.036,0.001296,17.32%
Sep-25,2025-09-02T08:15:00,0.21,0.247,0.037,0.037,0.001369,17.53%
Sep-25,2025-09-02T08:30:00,0.19,0.191,0.001,0.001,0.000001,0.69%
Sep-25,2025-09-02T08:45:00,0.23,0.214,-0.016,0.016,0.000256,7.06%
Sep-25,2025-09-02T09:00:00,0.27,0.217,-0.053,0.053,0.002809,19.68%
Sep-25,2025-09-02T09:15:00,0.26,0.27,0.01,0.01,0.0001,3.72%
Sep-25,2025-09-02T09:30:00,0.21,0.216,0.006,0.006,0.000036,3%
Sep-25,2025-09-02T09:45:00,0.2,0.21,0.01,0.01,0.0001,4.77%
Sep-25,2025-09-02T10:00:00,0.18,0.223,0.043,0.043,0.001849,24.11%
Sep-25,2025-09-02T10:15:00,0.21,0.211,0.001,0.001,0.000001,0.59%
Sep-25,2025-09-02T10:30:00,0.23,0.193,-0.037,0.037,0.001369,16.11%
Sep-25,2025-09-02T10:45:00,0.22,0.2,-0.02,0.02,0.0004,9.01%
Sep-25,2025-09-02T11:00:00,0.21,0.215,0.005,0.005,0.000025,2.33%
Sep-25,2025-09-02T11:15:00,0.21,0.151,-0.059,0.059,0.003481,27.87%
Sep-25,2025-09-02T11:30:00,0.18,0.17,-0.01,0.01,0.0001,5.43%
Sep-25,2025-09-02T11:45:00,0.21,0.217,0.007,0.007,0.000049,3.44%
Sep-25,2025-09-02T12:00:00,0.23,0.163,-0.067,0.067,0.004489,29.10%
Sep-25,2025-09-02T12:15:00,0.22,0.154,-0.066,0.066,0.004356,30.07%
Sep-25,2025-09-02T12:30:00,0.22,0.162,-0.058,0.058,0.003364,26.38%
Sep-25,2025-09-02T12:45:00,0.22,0.149,-0.071,0.071,0.005041,32.09%
Sep-25,2025-09-02T13:00:00,0.19,0.13,-0.06,0.06,0.0036,31.52%
Sep-25,2025-09-02T13:15:00,0.4,0.149,-0.251,0.251,0.063001,62.63%
Sep-25,2025-09-02T13:30:00,1.34,0.661,-0.679,0.679,0.461041,50.70%
Sep-25,2025-09-02T13:45:00,1.63,0.881,-0.749,0.749,0.561001,45.93%
Sep-25,2025-09-02T14:00:00,2.09,0.916,-1.174,1.174,1.378276,56.16%
Sep-25,2025-09-02T14:15:00,2.2,1.079,-1.121,1.121,1.256641,50.96%
Sep-25,2025-09-02T14:30:00,2.54,1.611,-0.929,0.929,0.863041,36.57%
Sep-25,2025-09-02T14:45:00,2.68,1.677,-1.003,1.003,1.006009,37.42%
Sep-25,2025-09-02T15:00:00,2.68,2.007,-0.673,0.673,0.452929,25.10%
Sep-25,2025-09-02T15:15:00,3.39,1.817,-1.573,1.573,2.474329,46.41%
Sep-25,2025-09-02T15:30:00,2.15,2.359,0.209,0.209,0.043681,9.72%
Sep-25,2025-09-02T15:45:00,2.5,1.885,-0.615,0.615,0.378225,24.58%
Sep-25,2025-09-02T16:00:00,3.47,1.748,-1.722,1.722,2.965284,49.62%
Sep-25,2025-09-02T16:15:00,2.88,2.177,-0.703,0.703,0.494209,24.41%
Sep-25,2025-09-02T16:30:00,2.64,1.857,-0.783,0.783,0.613089,29.67%
Sep-25,2025-09-02T16:45:00,2.32,1.847,-0.473,0.473,0.223729,20.40%
Sep-25,2025-09-02T17:00:00,0.31,0.763,0.453,0.453,0.205209,145.98%
Sep-25,2025-09-02T17:15:00,0.31,0.576,0.266,0.266,0.070756,85.70%
Sep-25,2025-09-02T17:30:00,0.39,0.473,0.083,0.083,0.006889,21.16%
Sep-25,2025-09-02T17:45:00,0.34,0.475,0.135,0.135,0.018225,39.61%
Sep-25,2025-09-02T18:00:00,0.37,0.515,0.145,0.145,0.021025,39.21%
Sep-25,2025-09-02T18:15:00,0.27,0.323,0.053,0.053,0.002809,19.80%
Sep-25,2025-09-02T18:30:00,0.23,0.274,0.044,0.044,0.001936,19.08%
Sep-25,2025-09-02T18:45:00,0.2,0.255,0.055,0.055,0.003025,27.29%
Sep-25,2025-09-02T19:00:00,0.22,0.319,0.099,0.099,0.009801,44.96%
Sep-25,2025-09-02T19:15:00,0.19,0.242,0.052,0.052,0.002704,27.16%
Sep-25,2025-09-02T19:30:00,0.24,0.238,-0.002,0.002,0.000004,0.92%
Sep-25,2025-09-02T19:45:00,1.34,1.326,-0.014,0.014,0.000196,1.04%
Sep-25,2025-09-02T20:00:00,1.38,1.432,0.052,0.052,0.002704,3.80%
Sep-25,2025-09-02T20:15:00,0.66,0.644,-0.016,0.016,0.000256,2.41%
Sep-25,2025-09-02T20:30:00,1.18,1.181,0.001,0.001,0.000001,0.09%
Sep-25,2025-09-02T20:45:00,0.48,0.46,-0.02,0.02,0.0004,4.21%
Sep-25,2025-09-02T21:00:00,1.24,1.184,-0.056,0.056,0.003136,4.53%
Sep-25,2025-09-02T21:15:00,1.3,1.315,0.015,0.015,0.000225,1.13%
Sep-25,2025-09-02T21:30:00,2.12,2.037,-0.083,0.083,0.006889,3.90%
Sep-25,2025-09-02T21:45:00,2.74,2.717,-0.023,0.023,0.000529,0.83%
Sep-25,2025-09-02T22:00:00,0.7,0.69,-0.01,0.01,0.0001,1.36%
Sep-25,2025-09-02T22:15:00,0.63,0.605,-0.025,0.025,0.000625,4.04%
Sep-25,2025-09-02T22:30:00,0.68,0.621,-0.059,0.059,0.003481,8.69%
Sep-25,2025-09-02T22:45:00,0.7,0.688,-0.012,0.012,0.000144,1.64%
Sep-25,2025-09-02T23:00:00,0.51,0.509,-0.001,0.001,0.000001,0.27%
Sep-25,2025-09-02T23:15:00,0.59,0.574,-0.016,0.016,0.000256,2.66%
Sep-25,2025-09-02T23:30:00,2.19,2.195,0.005,0.005,0.000025,0.24%
Sep-25,2025-09-02T23:45:00,0.65,0.642,-0.008,0.008,0.000064,1.20%
Sep-25,2025-09-03T00:00:00,0.6,0.628,0.028,0.028,0.000784,4.71%
Sep-25,2025-09-03T00:15:00,0.37,0.391,0.021,0.021,0.000441,5.71%
Sep-25,2025-09-03T00:30:00,0.29,0.309,0.019,0.019,0.000361,6.51%
Sep-25,2025-09-03T00:45:00,0.33,0.324,-0.006,0.006,0.000036,1.80%
Sep-25,2025-09-03T01:00:00,0.37,0.343,-0.027,0.027,0.000729,7.31%
Sep-25,2025-09-03T01:15:00,0.36,0.357,-0.003,0.003,0.000009,0.80%
Sep-25,2025-09-03T01:30:00,0.36,0.362,0.002,0.002,0.000004,0.49%
Sep-25,2025-09-03T01:45:00,0.32,0.338,0.018,0.018,0.000324,5.57%
Sep-25,2025-09-03T02:00:00,0.28,0.301,0.021,0.021,0.000441,7.34%
Sep-25,2025-09-03T02:15:00,0.28,0.286,0.006,0.006,0.000036,2.18%
Sep-25,2025-09-03T02:30:00,0.31,0.307,-0.003,0.003,0.000009,1.06%
Sep-25,2025-09-03T02:45:00,0.29,0.299,0.009,0.009,0.000081,3.02%
Sep-25,2025-09-03T03:00:00,0.33,0.315,-0.015,0.015,0.000225,4.41%
Sep-25,2025-09-03T03:15:00,0.32,0.335,0.015,0.015,0.000225,4.54%
Sep-25,2025-09-03T03:30:00,0.33,0.322,-0.008,0.008,0.000064,2.32%
Sep-25,2025-09-03T03:45:00,0.32,0.334,0.014,0.014,0.000196,4.44%
Sep-25,2025-09-03T04:00:00,0.31,0.314,0.004,0.004,0.000016,1.42%
Sep-25,2025-09-03T04:15:00,0.29,0.299,0.009,0.009,0.000081,3.05%
Sep-25,2025-09-03T04:30:00,0.28,0.287,0.007,0.007,0.000049,2.66%
Sep-25,2025-09-03T04:45:00,0.32,0.316,-0.004,0.004,0.000016,1.35%
Sep-25,2025-09-03T05:00:00,0.37,0.336,-0.034,0.034,0.001156,9.22%
Sep-25,2025-09-03T05:15:00,1.79,1.817,0.027,0.027,0.000729,1.49%
Sep-25,2025-09-03T05:30:00,0.37,0.337,-0.033,0.033,0.001089,8.85%
Sep-25,2025-09-03T05:45:00,1.73,1.692,-0.038,0.038,0.001444,2.20%
Sep-25,2025-09-03T06:00:00,0.38,0.335,-0.045,0.045,0.002025,11.73%
Sep-25,2025-09-03T06:15:00,0.3,0.312,0.012,0.012,0.000144,3.98%
Sep-25,2025-09-03T06:30:00,1,0.929,-0.071,0.071,0.005041,7.11%
Sep-25,2025-09-03T06:45:00,0.32,0.324,0.004,0.004,0.000016,1.11%
Sep-25,2025-09-03T07:00:00,0.33,0.323,-0.007,0.007,0.000049,1.98%
Sep-25,2025-09-03T07:15:00,0.46,0.335,-0.125,0.125,0.015625,27.26%
Sep-25,2025-09-03T07:30:00,0.36,0.323,-0.037,0.037,0.001369,10.35%
Sep-25,2025-09-03T07:45:00,1.26,0.933,-0.327,0.327,0.106929,25.91%
Sep-25,2025-09-03T08:00:00,0.59,0.389,-0.201,0.201,0.040401,34.02%
Sep-25,2025-09-03T08:15:00,0.48,0.49,0.01,0.01,0.0001,2.05%
Sep-25,2025-09-03T08:30:00,1.09,0.821,-0.269,0.269,0.072361,24.66%
Sep-25,2025-09-03T08:45:00,1.06,0.776,-0.284,0.284,0.080656,26.77%
Sep-25,2025-09-03T09:00:00,0.29,0.428,0.138,0.138,0.019044,47.54%
Sep-25,2025-09-03T09:15:00,0.25,0.527,0.277,0.277,0.076729,110.98%
Sep-25,2025-09-03T09:30:00,0.23,0.281,0.051,0.051,0.002601,22.36%
Sep-25,2025-09-03T09:45:00,0.21,0.215,0.005,0.005,0.000025,2.56%
Sep-25,2025-09-03T10:00:00,0.22,0.349,0.129,0.129,0.016641,58.61%
Sep-25,2025-09-03T10:15:00,0.19,0.224,0.034,0.034,0.001156,17.88%
Sep-25,2025-09-03T10:30:00,0.21,0.25,0.04,0.04,0.0016,18.91%
Sep-25,2025-09-03T10:45:00,1.12,0.351,-0.769,0.769,0.591361,68.63%
Sep-25,2025-09-03T11:00:00,3.39,2.13,-1.26,1.26,1.5876,37.17%
Sep-25,2025-09-03T11:15:00,4.3,2.795,-1.505,1.505,2.265025,35.01%
Sep-25,2025-09-03T11:30:00,3.77,3.689,-0.081,0.081,0.006561,2.16%
Sep-25,2025-09-03T11:45:00,4.29,3.671,-0.619,0.619,0.383161,14.43%
Sep-25,2025-09-03T12:00:00,5.32,4.18,-1.14,1.14,1.2996,21.44%
Sep-25,2025-09-03T12:15:00,5.05,4.095,-0.955,0.955,0.912025,18.90%
Sep-25,2025-09-03T12:30:00,5.25,4.565,-0.685,0.685,0.469225,13.05%
Sep-25,2025-09-03T12:45:00,5.24,4.696,-0.544,0.544,0.295936,10.37%
Sep-25,2025-09-03T13:00:00,4.95,4.2,-0.75,0.75,0.5625,15.15%
Sep-25,2025-09-03T13:15:00,4.9,5.03,0.13,0.13,0.0169,2.65%
Sep-25,2025-09-03T13:30:00,4.54,4.999,0.459,0.459,0.210681,10.11%
Sep-25,2025-09-03T13:45:00,4.16,4.697,0.537,0.537,0.288369,12.90%
Sep-25,2025-09-03T14:00:00,3.69,4.096,0.406,0.406,0.164836,11%
Sep-25,2025-09-03T14:15:00,2.62,4.033,1.413,1.413,1.996569,53.93%
Sep-25,2025-09-03T14:30:00,3.69,3.16,-0.53,0.53,0.2809,14.36%
Sep-25,2025-09-03T14:45:00,2.85,3.338,0.488,0.488,0.238144,17.14%
Sep-25,2025-09-03T15:00:00,2.44,3.104,0.664,0.664,0.440896,27.21%
Sep-25,2025-09-03T15:15:00,4.66,2.747,-1.913,1.913,3.659569,41.04%
Sep-25,2025-09-03T15:30:00,2.65,4.176,1.526,1.526,2.328676,57.60%
Sep-25,2025-09-03T15:45:00,2.36,2.631,0.271,0.271,0.073441,11.49%
Sep-25,2025-09-03T16:00:00,2.38,2.25,-0.13,0.13,0.0169,5.44%
Sep-25,2025-09-03T16:15:00,2.45,2.074,-0.376,0.376,0.141376,15.34%
Sep-25,2025-09-03T16:30:00,2.14,2.088,-0.052,0.052,0.002704,2.42%
Sep-25,2025-09-03T16:45:00,1.74,1.913,0.173,0.173,0.029929,9.93%
Sep-25,2025-09-03T17:00:00,0.96,1.655,0.695,0.695,0.483025,72.42%
Sep-25,2025-09-03T17:15:00,0.34,1.088,0.748,0.748,0.559504,219.92%
Sep-25,2025-09-03T17:30:00,0.23,0.615,0.385,0.385,0.148225,167.49%
Sep-25,2025-09-03T17:45:00,0.24,0.527,0.287,0.287,0.082369,119.62%
Sep-25,2025-09-03T18:00:00,0.22,0.398,0.178,0.178,0.031684,80.91%
Sep-25,2025-09-03T18:15:00,1.07,1.247,0.177,0.177,0.031329,16.52%
Sep-25,2025-09-03T18:30:00,0.8,0.805,0.005,0.005,0.000025,0.57%
Sep-25,2025-09-03T18:45:00,0.25,0.405,0.155,0.155,0.024025,62.02%
Sep-25,2025-09-03T19:00:00,1.18,1.178,-0.002,0.002,0.000004,0.17%
Sep-25,2025-09-03T19:15:00,1.36,1.337,-0.023,0.023,0.000529,1.73%
Sep-25,2025-09-03T19:30:00,0.93,0.975,0.045,0.045,0.002025,4.79%
Sep-25,2025-09-03T19:45:00,1.08,1.017,-0.063,0.063,0.003969,5.87%
Sep-25,2025-09-03T20:00:00,0.69,0.662,-0.028,0.028,0.000784,4%
Sep-25,2025-09-03T20:15:00,0.62,0.63,0.01,0.01,0.0001,1.58%
Sep-25,2025-09-03T20:30:00,0.54,0.555,0.015,0.015,0.000225,2.78%
Sep-25,2025-09-03T20:45:00,0.53,0.534,0.004,0.004,0.000016,0.68%
Sep-25,2025-09-03T21:00:00,0.76,0.707,-0.053,0.053,0.002809,7.02%
Sep-25,2025-09-03T21:15:00,0.65,0.658,0.008,0.008,0.000064,1.24%
Sep-25,2025-09-03T21:30:00,0.67,0.683,0.013,0.013,0.000169,1.91%
Sep-25,2025-09-03T21:45:00,1.36,1.361,0.001,0.001,0.000001,0.05%
Sep-25,2025-09-03T22:00:00,0.66,0.658,-0.002,0.002,0.000004,0.34%
Sep-25,2025-09-03T22:15:00,0.67,0.649,-0.021,0.021,0.000441,3.17%
Sep-25,2025-09-03T22:30:00,0.62,0.619,-0.001,0.001,0.000001,0.14%
Sep-25,2025-09-03T22:45:00,0.63,0.642,0.012,0.012,0.000144,1.84%
Sep-25,2025-09-03T23:00:00,1.48,1.406,-0.074,0.074,0.005476,5.01%
Sep-25,2025-09-03T23:15:00,0.84,0.8,-0.04,0.04,0.0016,4.78%
Sep-25,2025-09-03T23:30:00,0.62,0.607,-0.013,0.013,0.000169,2.18%
Sep-25,2025-09-03T23:45:00,0.85,0.788,-0.062,0.062,0.003844,7.30%
Sep-25,2025-09-04T00:00:00,0.97,0.957,-0.013,0.013,0.000169,1.36%
Sep-25,2025-09-04T00:15:00,0.26,0.286,0.026,0.026,0.000676,9.81%
Sep-25,2025-09-04T00:30:00,0.29,0.288,-0.002,0.002,0.000004,0.74%
Sep-25,2025-09-04T00:45:00,0.31,0.298,-0.012,0.012,0.000144,3.95%
Sep-25,2025-09-04T01:00:00,0.3,0.31,0.01,0.01,0.0001,3.37%
Sep-25,2025-09-04T01:15:00,0.29,0.294,0.004,0.004,0.000016,1.40%
Sep-25,2025-09-04T01:30:00,0.27,0.275,0.005,0.005,0.000025,1.94%
Sep-25,2025-09-04T01:45:00,0.25,0.252,0.002,0.002,0.000004,0.72%
Sep-25,2025-09-04T02:00:00,0.28,0.274,-0.006,0.006,0.000036,2.07%
Sep-25,2025-09-04T02:15:00,0.3,0.293,-0.007,0.007,0.000049,2.35%
Sep-25,2025-09-04T02:30:00,0.29,0.29,0,0,0,0.11%
Sep-25,2025-09-04T02:45:00,0.28,0.279,-0.001,0.001,0.000001,0.33%
Sep-25,2025-09-04T03:00:00,0.29,0.282,-0.008,0.008,0.000064,2.79%
Sep-25,2025-09-04T03:15:00,0.26,0.267,0.007,0.007,0.000049,2.83%
Sep-25,2025-09-04T03:30:00,0.29,0.285,-0.005,0.005,0.000025,1.87%
Sep-25,2025-09-04T03:45:00,0.35,0.326,-0.024,0.024,0.000576,6.74%
Sep-25,2025-09-04T04:00:00,1.1,1.212,0.112,0.112,0.012544,10.19%
Sep-25,2025-09-04T04:15:00,1.16,1.214,0.054,0.054,0.002916,4.68%
Sep-25,2025-09-04T04:30:00,1.05,1.067,0.017,0.017,0.000289,1.61%
Sep-25,2025-09-04T04:45:00,1.84,1.826,-0.014,0.014,0.000196,0.78%
Sep-25,2025-09-04T05:00:00,2.64,2.71,0.07,0.07,0.0049,2.67%
Sep-25,2025-09-04T05:15:00,2.45,2.632,0.182,0.182,0.033124,7.41%
Sep-25,2025-09-04T05:30:00,1.9,1.861,-0.039,0.039,0.001521,2.06%
Sep-25,2025-09-04T05:45:00,0.47,0.513,0.043,0.043,0.001849,9.10%
Sep-25,2025-09-04T06:00:00,0.48,0.454,-0.026,0.026,0.000676,5.48%
Sep-25,2025-09-04T06:15:00,1.78,1.755,-0.025,0.025,0.000625,1.43%
Sep-25,2025-09-04T06:30:00,0.54,0.48,-0.06,0.06,0.0036,11.19%
Sep-25,2025-09-04T06:45:00,0.48,0.471,-0.009,0.009,0.000081,1.89%
Sep-25,2025-09-04T07:00:00,0.41,0.42,0.01,0.01,0.0001,2.46%
Sep-25,2025-09-04T07:15:00,0.53,0.472,-0.058,0.058,0.003364,10.88%
Sep-25,2025-09-04T07:30:00,1.02,1.018,-0.002,0.002,0.000004,0.20%
Sep-25,2025-09-04T07:45:00,1.87,1.612,-0.258,0.258,0.066564,13.78%
Sep-25,2025-09-04T08:00:00,1.18,0.722,-0.458,0.458,0.209764,38.78%
Sep-25,2025-09-04T08:15:00,5.64,5.311,-0.329,0.329,0.108241,5.84%
Sep-25,2025-09-04T08:30:00,2.41,1.475,-0.935,0.935,0.874225,38.79%
Sep-25,2025-09-04T08:45:00,0.67,1.275,0.605,0.605,0.366025,90.27%
Sep-25,2025-09-04T09:00:00,1.74,1.461,-0.279,0.279,0.077841,16.05%
Sep-25,2025-09-04T09:15:00,1.82,1.409,-0.411,0.411,0.168921,22.61%
Sep-25,2025-09-04T09:30:00,0.42,1.043,0.623,0.623,0.388129,148.32%
Sep-25,2025-09-04T09:45:00,0.33,0.642,0.312,0.312,0.097344,94.41%
Sep-25,2025-09-04T10:00:00,1.73,1.07,-0.66,0.66,0.4356,38.16%
Sep-25,2025-09-04T10:15:00,0.36,0.828,0.468,0.468,0.219024,129.99%
Sep-25,2025-09-04T10:30:00,0.3,0.696,0.396,0.396,0.156816,132.16%
Sep-25,2025-09-04T10:45:00,0.43,0.753,0.323,0.323,0.104329,75.01%
Sep-25,2025-09-04T11:00:00,0.34,0.919,0.579,0.579,0.335241,170.32%
Sep-25,2025-09-04T11:15:00,0.27,0.684,0.414,0.414,0.171396,153.24%
Sep-25,2025-09-04T11:30:00,1.15,0.974,-0.176,0.176,0.030976,15.31%
Sep-25,2025-09-04T11:45:00,1.43,1.082,-0.348,0.348,0.121104,24.33%
Sep-25,2025-09-04T12:00:00,2.91,1.741,-1.169,1.169,1.366561,40.18%
Sep-25,2025-09-04T12:15:00,4.13,2.152,-1.978,1.978,3.912484,47.90%
Sep-25,2025-09-04T12:30:00,3.95,3.656,-0.294,0.294,0.086436,7.44%
Sep-25,2025-09-04T12:45:00,4.06,3.777,-0.283,0.283,0.080089,6.96%
Sep-25,2025-09-04T13:00:00,4.82,4.034,-0.786,0.786,0.617796,16.31%
Sep-25,2025-09-04T13:15:00,5.11,4.326,-0.784,0.784,0.614656,15.34%
Sep-25,2025-09-04T13:30:00,5.2,4.728,-0.472,0.472,0.222784,9.08%
Sep-25,2025-09-04T13:45:00,4.95,4.929,-0.021,0.021,0.000441,0.42%
Sep-25,2025-09-04T14:00:00,5,4.248,-0.752,0.752,0.565504,15.03%
Sep-25,2025-09-04T14:15:00,4.47,4.386,-0.084,0.084,0.007056,1.88%
Sep-25,2025-09-04T14:30:00,4.31,4.026,-0.284,0.284,0.080656,6.58%
Sep-25,2025-09-04T14:45:00,4.24,4.099,-0.141,0.141,0.019881,3.33%
Sep-25,2025-09-04T15:00:00,3.89,3.857,-0.033,0.033,0.001089,0.84%
Sep-25,2025-09-04T15:15:00,3.75,3.523,-0.227,0.227,0.051529,6.06%
Sep-25,2025-09-04T15:30:00,3.44,3.197,-0.243,0.243,0.059049,7.07%
Sep-25,2025-09-04T15:45:00,2.98,3.18,0.2,0.2,0.04,6.72%
Sep-25,2025-09-04T16:00:00,2.69,2.604,-0.086,0.086,0.007396,3.18%
Sep-25,2025-09-04T16:15:00,2.5,2.333,-0.167,0.167,0.027889,6.67%
Sep-25,2025-09-04T16:30:00,2.13,2.064,-0.066,0.066,0.004356,3.12%
Sep-25,2025-09-04T16:45:00,1.66,1.911,0.251,0.251,0.063001,15.11%
Sep-25,2025-09-04T17:00:00,0.99,1.372,0.382,0.382,0.145924,38.60%
Sep-25,2025-09-04T17:15:00,0.47,0.95,0.48,0.48,0.2304,102.20%
Sep-25,2025-09-04T17:30:00,0.33,0.649,0.319,0.319,0.101761,96.74%
Sep-25,2025-09-04T17:45:00,0.33,0.522,0.192,0.192,0.036864,58.27%
Sep-25,2025-09-04T18:00:00,1.45,1.408,-0.042,0.042,0.001764,2.90%
Sep-25,2025-09-04T18:15:00,3.31,3.115,-0.195,0.195,0.038025,5.89%
Sep-25,2025-09-04T18:30:00,1.27,1.411,0.141,0.141,0.019881,11.12%
Sep-25,2025-09-04T18:45:00,2.74,2.804,0.064,0.064,0.004096,2.32%
Sep-25,2025-09-04T19:00:00,1.34,1.399,0.059,0.059,0.003481,4.44%
Sep-25,2025-09-04T19:15:00,1.28,1.329,0.049,0.049,0.002401,3.84%
Sep-25,2025-09-04T19:30:00,1.86,1.823,-0.037,0.037,0.001369,1.97%
Sep-25,2025-09-04T19:45:00,0.38,0.527,0.147,0.147,0.021609,38.60%
Sep-25,2025-09-04T20:00:00,0.3,0.497,0.197,0.197,0.038809,65.71%
Sep-25,2025-09-04T20:15:00,0.34,0.509,0.169,0.169,0.028561,49.65%
Sep-25,2025-09-04T20:30:00,0.33,0.344,0.014,0.014,0.000196,4.18%
Sep-25,2025-09-04T20:45:00,0.32,0.338,0.018,0.018,0.000324,5.68%
Sep-25,2025-09-04T21:00:00,0.3,0.315,0.015,0.015,0.000225,5.09%
Sep-25,2025-09-04T21:15:00,0.27,0.278,0.008,0.008,0.000064,2.78%
Sep-25,2025-09-04T21:30:00,0.29,0.284,-0.006,0.006,0.000036,2.05%
Sep-25,2025-09-04T21:45:00,0.26,0.264,0.004,0.004,0.000016,1.65%
Sep-25,2025-09-04T22:00:00,0.38,0.354,-0.026,0.026,0.000676,6.86%
Sep-25,2025-09-04T22:15:00,0.4,0.373,-0.027,0.027,0.000729,6.67%
Sep-25,2025-09-04T22:30:00,0.4,0.385,-0.015,0.015,0.000225,3.79%
Sep-25,2025-09-04T22:45:00,0.39,0.377,-0.013,0.013,0.000169,3.37%
Sep-25,2025-09-04T23:00:00,0.39,0.409,0.019,0.019,0.000361,4.91%
Sep-25,2025-09-04T23:15:00,0.33,0.331,0.001,0.001,0.000001,0.27%
Sep-25,2025-09-04T23:30:00,0.27,0.29,0.02,0.02,0.0004,7.23%
Sep-25,2025-09-04T23:45:00,0.26,0.263,0.003,0.003,0.000009,1.22%
Sep-25,2025-09-05T00:00:00,0.26,0.252,-0.008,0.008,0.000064,3.13%
Sep-25,2025-09-05T00:15:00,0.26,0.255,-0.005,0.005,0.000025,2.06%
Sep-25,2025-09-05T00:30:00,0.24,0.251,0.011,0.011,0.000121,4.62%
Sep-25,2025-09-05T00:45:00,0.26,0.247,-0.013,0.013,0.000169,4.87%
Sep-25,2025-09-05T01:00:00,0.27,0.265,-0.005,0.005,0.000025,1.74%
Sep-25,2025-09-05T01:15:00,0.27,0.267,-0.003,0.003,0.000009,1.20%
Sep-25,2025-09-05T01:30:00,0.26,0.259,-0.001,0.001,0.000001,0.32%
Sep-25,2025-09-05T01:45:00,0.25,0.252,0.002,0.002,0.000004,0.65%
Sep-25,2025-09-05T02:00:00,0.23,0.25,0.02,0.02,0.0004,8.76%
Sep-25,2025-09-05T02:15:00,0.22,0.246,0.026,0.026,0.000676,11.63%
Sep-25,2025-09-05T02:30:00,0.28,0.263,-0.017,0.017,0.000289,5.93%
Sep-25,2025-09-05T02:45:00,0.27,0.266,-0.004,0.004,0.000016,1.39%
Sep-25,2025-09-05T03:00:00,0.26,0.258,-0.002,0.002,0.000004,0.76%
Sep-25,2025-09-05T03:15:00,0.26,0.256,-0.004,0.004,0.000016,1.41%
Sep-25,2025-09-05T03:30:00,0.22,0.247,0.027,0.027,0.000729,12.07%
Sep-25,2025-09-05T03:45:00,0.22,0.236,0.016,0.016,0.000256,7.40%
Sep-25,2025-09-05T04:00:00,0.26,0.252,-0.008,0.008,0.000064,3.10%
Sep-25,2025-09-05T04:15:00,0.27,0.261,-0.009,0.009,0.000081,3.19%
Sep-25,2025-09-05T04:30:00,2.48,2.163,-0.317,0.317,0.100489,12.78%
Sep-25,2025-09-05T04:45:00,0.35,0.34,-0.01,0.01,0.0001,2.94%
Sep-25,2025-09-05T05:00:00,0.31,0.31,0,0,0,0.16%
Sep-25,2025-09-05T05:15:00,0.28,0.295,0.015,0.015,0.000225,5.31%
Sep-25,2025-09-05T05:30:00,0.28,0.29,0.01,0.01,0.0001,3.65%
Sep-25,2025-09-05T05:45:00,0.47,0.399,-0.071,0.071,0.005041,15.05%
Sep-25,2025-09-05T06:00:00,0.3,0.335,0.035,0.035,0.001225,11.51%
Sep-25,2025-09-05T06:15:00,0.27,0.305,0.035,0.035,0.001225,12.97%
Sep-25,2025-09-05T06:30:00,0.3,0.302,0.002,0.002,0.000004,0.61%
Sep-25,2025-09-05T06:45:00,0.28,0.303,0.023,0.023,0.000529,8.23%
Sep-25,2025-09-05T07:00:00,0.26,0.261,0.001,0.001,0.000001,0.45%
Sep-25,2025-09-05T07:15:00,0.49,0.422,-0.068,0.068,0.004624,13.87%
Sep-25,2025-09-05T07:30:00,1.86,1.67,-0.19,0.19,0.0361,10.23%
Sep-25,2025-09-05T07:45:00,1.96,1.709,-0.251,0.251,0.063001,12.80%
Sep-25,2025-09-05T08:00:00,1.91,2.052,0.142,0.142,0.020164,7.44%
Sep-25,2025-09-05T08:15:00,1.27,0.933,-0.337,0.337,0.113569,26.54%
Sep-25,2025-09-05T08:30:00,1.15,1.063,-0.087,0.087,0.007569,7.61%
Sep-25,2025-09-05T08:45:00,0.69,0.862,0.172,0.172,0.029584,24.99%
Sep-25,2025-09-05T09:00:00,1.47,0.923,-0.547,0.547,0.299209,37.23%
Sep-25,2025-09-05T09:15:00,3.69,3.099,-0.591,0.591,0.349281,16.02%
Sep-25,2025-09-05T09:30:00,3.07,2.591,-0.479,0.479,0.229441,15.61%
Sep-25,2025-09-05T09:45:00,1.45,2.193,0.743,0.743,0.552049,51.25%
Sep-25,2025-09-05T10:00:00,1.53,2.808,1.278,1.278,1.633284,83.52%
Sep-25,2025-09-05T10:15:00,0.53,0.96,0.43,0.43,0.1849,81.16%
Sep-25,2025-09-05T10:30:00,2.24,2.065,-0.175,0.175,0.030625,7.81%
Sep-25,2025-09-05T10:45:00,2.28,0.976,-1.304,1.304,1.700416,57.20%
Sep-25,2025-09-05T11:00:00,1.55,1.671,0.121,0.121,0.014641,7.78%
Sep-25,2025-09-05T11:15:00,0.3,2.513,2.213,2.213,4.897369,737.52%
Sep-25,2025-09-05T11:30:00,0.79,1.104,0.314,0.314,0.098596,39.69%
Sep-25,2025-09-05T11:45:00,1.11,1.446,0.336,0.336,0.112896,30.29%
Sep-25,2025-09-05T12:00:00,0.22,1.566,1.346,1.346,1.811716,611.74%
Sep-25,2025-09-05T12:15:00,0.24,1.107,0.867,0.867,0.751689,361.32%
Sep-25,2025-09-05T12:30:00,0.23,0.949,0.719,0.719,0.516961,312.57%
Sep-25,2025-09-05T12:45:00,0.22,0.953,0.733,0.733,0.537289,333.03%
Sep-25,2025-09-05T13:00:00,0.2,0.352,0.152,0.152,0.023104,76.16%
Sep-25,2025-09-05T13:15:00,1.15,0.853,-0.297,0.297,0.088209,25.81%
Sep-25,2025-09-05T13:30:00,1.22,1.47,0.25,0.25,0.0625,20.52%
Sep-25,2025-09-05T13:45:00,1.84,0.839,-1.001,1.001,1.002001,54.43%
Sep-25,2025-09-05T14:00:00,2.44,2.145,-0.295,0.295,0.087025,12.08%
Sep-25,2025-09-05T14:15:00,2.96,3.249,0.289,0.289,0.083521,9.75%
Sep-25,2025-09-05T14:30:00,1.9,1.157,-0.743,0.743,0.552049,39.09%
Sep-25,2025-09-05T14:45:00,0.7,0.608,-0.092,0.092,0.008464,13.15%
Sep-25,2025-09-05T15:00:00,1.8,0.882,-0.918,0.918,0.842724,50.99%
Sep-25,2025-09-05T15:15:00,2.99,1.506,-1.484,1.484,2.202256,49.62%
Sep-25,2025-09-05T15:30:00,1.7,0.864,-0.836,0.836,0.698896,49.16%
Sep-25,2025-09-05T15:45:00,1.84,0.919,-0.921,0.921,0.848241,50.07%
Sep-25,2025-09-05T16:00:00,1.15,0.892,-0.258,0.258,0.066564,22.41%
Sep-25,2025-09-05T16:15:00,1.69,0.645,-1.045,1.045,1.092025,61.83%
Sep-25,2025-09-05T16:30:00,2.26,1.193,-1.067,1.067,1.138489,47.22%
Sep-25,2025-09-05T16:45:00,1.6,1.569,-0.031,0.031,0.000961,1.92%
Sep-25,2025-09-05T17:00:00,0.77,1.062,0.292,0.292,0.085264,37.92%
Sep-25,2025-09-05T17:15:00,0.47,0.869,0.399,0.399,0.159201,84.84%
Sep-25,2025-09-05T17:30:00,0.32,0.523,0.203,0.203,0.041209,63.51%
Sep-25,2025-09-05T17:45:00,0.44,0.382,-0.058,0.058,0.003364,13.29%
Sep-25,2025-09-05T18:00:00,0.23,0.325,0.095,0.095,0.009025,41.33%
Sep-25,2025-09-05T18:15:00,0.25,0.349,0.099,0.099,0.009801,39.61%
Sep-25,2025-09-05T18:30:00,0.23,0.282,0.052,0.052,0.002704,22.73%
Sep-25,2025-09-05T18:45:00,0.22,0.301,0.081,0.081,0.006561,36.74%
Sep-25,2025-09-05T19:00:00,1.58,1.484,-0.096,0.096,0.009216,6.09%
Sep-25,2025-09-05T19:15:00,1.87,1.917,0.047,0.047,0.002209,2.49%
Sep-25,2025-09-05T19:30:00,1.15,1.143,-0.007,0.007,0.000049,0.60%
Sep-25,2025-09-05T19:45:00,0.94,0.921,-0.019,0.019,0.000361,1.98%
Sep-25,2025-09-05T20:00:00,0.78,0.772,-0.008,0.008,0.000064,0.99%
Sep-25,2025-09-05T20:15:00,0.81,0.838,0.028,0.028,0.000784,3.49%
Sep-25,2025-09-05T20:30:00,0.65,0.669,0.019,0.019,0.000361,2.88%
Sep-25,2025-09-05T20:45:00,0.41,0.438,0.028,0.028,0.000784,6.90%
Sep-25,2025-09-05T21:00:00,0.33,0.336,0.006,0.006,0.000036,1.96%
Sep-25,2025-09-05T21:15:00,0.35,0.343,-0.007,0.007,0.000049,2.09%
Sep-25,2025-09-05T21:30:00,1.24,1.15,-0.09,0.09,0.0081,7.25%
Sep-25,2025-09-05T21:45:00,2.94,2.751,-0.189,0.189,0.035721,6.44%
Sep-25,2025-09-05T22:00:00,2.14,2.184,0.044,0.044,0.001936,2.07%
Sep-25,2025-09-05T22:15:00,1.41,1.402,-0.008,0.008,0.000064,0.53%
Sep-25,2025-09-05T22:30:00,1.35,1.206,-0.144,0.144,0.020736,10.68%
Sep-25,2025-09-05T22:45:00,0.61,0.636,0.026,0.026,0.000676,4.25%
Sep-25,2025-09-05T23:00:00,0.63,0.631,0.001,0.001,0.000001,0.19%
Sep-25,2025-09-05T23:15:00,0.54,0.533,-0.007,0.007,0.000049,1.23%
Sep-25,2025-09-05T23:30:00,0.59,0.548,-0.042,0.042,0.001764,7.16%
Sep-25,2025-09-05T23:45:00,0.63,0.609,-0.021,0.021,0.000441,3.39%
Sep-25,2025-09-06T00:00:00,0.43,0.456,0.026,0.026,0.000676,6%
Sep-25,2025-09-06T00:15:00,0.42,0.422,0.002,0.002,0.000004,0.43%
Sep-25,2025-09-06T00:30:00,0.34,0.342,0.002,0.002,0.000004,0.51%
Sep-25,2025-09-06T00:45:00,0.37,0.338,-0.032,0.032,0.001024,8.72%
Sep-25,2025-09-06T01:00:00,0.32,0.33,0.01,0.01,0.0001,3.26%
Sep-25,2025-09-06T01:15:00,0.3,0.301,0.001,0.001,0.000001,0.39%
Sep-25,2025-09-06T01:30:00,0.29,0.296,0.006,0.006,0.000036,1.98%
Sep-25,2025-09-06T01:45:00,0.29,0.285,-0.005,0.005,0.000025,1.58%
Sep-25,2025-09-06T02:00:00,0.26,0.263,0.003,0.003,0.000009,1.22%
Sep-25,2025-09-06T02:15:00,0.3,0.283,-0.017,0.017,0.000289,5.71%
Sep-25,2025-09-06T02:30:00,0.3,0.299,-0.001,0.001,0.000001,0.25%
Sep-25,2025-09-06T02:45:00,0.29,0.293,0.003,0.003,0.000009,0.90%
Sep-25,2025-09-06T03:00:00,0.29,0.29,0,0,0,0.15%
Sep-25,2025-09-06T03:15:00,0.28,0.282,0.002,0.002,0.000004,0.81%
Sep-25,2025-09-06T03:30:00,0.26,0.259,-0.001,0.001,0.000001,0.37%
Sep-25,2025-09-06T03:45:00,0.3,0.284,-0.016,0.016,0.000256,5.48%
Sep-25,2025-09-06T04:00:00,0.32,0.31,-0.01,0.01,0.0001,3.09%
Sep-25,2025-09-06T04:15:00,0.34,0.322,-0.018,0.018,0.000324,5.19%
Sep-25,2025-09-06T04:30:00,1.04,1.151,0.111,0.111,0.012321,10.67%
Sep-25,2025-09-06T04:45:00,1.04,1.055,0.015,0.015,0.000225,1.44%
Sep-25,2025-09-06T05:00:00,0.33,0.33,0,0,0,0.10%
Sep-25,2025-09-06T05:15:00,1.74,1.671,-0.069,0.069,0.004761,3.94%
Sep-25,2025-09-06T05:30:00,0.37,0.367,-0.003,0.003,0.000009,0.69%
Sep-25,2025-09-06T05:45:00,0.34,0.331,-0.009,0.009,0.000081,2.66%
Sep-25,2025-09-06T06:00:00,0.31,0.319,0.009,0.009,0.000081,3.04%
Sep-25,2025-09-06T06:15:00,1.02,0.995,-0.025,0.025,0.000625,2.47%
Sep-25,2025-09-06T06:30:00,0.28,0.3,0.02,0.02,0.0004,7.11%
Sep-25,2025-09-06T06:45:00,0.3,0.298,-0.002,0.002,0.000004,0.60%
Sep-25,2025-09-06T07:00:00,0.26,0.297,0.037,0.037,0.001369,14.23%
Sep-25,2025-09-06T07:15:00,0.22,0.279,0.059,0.059,0.003481,26.60%
Sep-25,2025-09-06T07:30:00,0.22,0.26,0.04,0.04,0.0016,18.02%
Sep-25,2025-09-06T07:45:00,0.41,0.282,-0.128,0.128,0.016384,31.15%
Sep-25,2025-09-06T08:00:00,0.3,0.316,0.016,0.016,0.000256,5.40%
Sep-25,2025-09-06T08:15:00,1.86,1.763,-0.097,0.097,0.009409,5.19%
Sep-25,2025-09-06T08:30:00,0.46,0.579,0.119,0.119,0.014161,25.88%
Sep-25,2025-09-06T08:45:00,0.46,0.575,0.115,0.115,0.013225,25.05%
Sep-25,2025-09-06T09:00:00,0.45,0.644,0.194,0.194,0.037636,43.03%
Sep-25,2025-09-06T09:15:00,1.36,1.284,-0.076,0.076,0.005776,5.60%
Sep-25,2025-09-06T09:30:00,3.67,2.812,-0.858,0.858,0.736164,23.37%
Sep-25,2025-09-06T09:45:00,2.37,2.227,-0.143,0.143,0.020449,6.05%
Sep-25,2025-09-06T10:00:00,2.45,2.275,-0.175,0.175,0.030625,7.13%
Sep-25,2025-09-06T10:15:00,1.02,1.483,0.463,0.463,0.214369,45.39%
Sep-25,2025-09-06T10:30:00,0.24,0.832,0.592,0.592,0.350464,246.86%
Sep-25,2025-09-06T10:45:00,0.25,0.576,0.326,0.326,0.106276,130.31%
Sep-25,2025-09-06T11:00:00,0.24,0.955,0.715,0.715,0.511225,298.12%
Sep-25,2025-09-06T11:15:00,0.27,0.564,0.294,0.294,0.086436,108.83%
Sep-25,2025-09-06T11:30:00,0.26,0.46,0.2,0.2,0.04,77.05%
Sep-25,2025-09-06T11:45:00,0.24,0.439,0.199,0.199,0.039601,82.87%
Sep-25,2025-09-06T12:00:00,0.23,0.288,0.058,0.058,0.003364,25.31%
Sep-25,2025-09-06T12:15:00,0.25,0.417,0.167,0.167,0.027889,66.60%
Sep-25,2025-09-06T12:30:00,0.23,0.257,0.027,0.027,0.000729,11.71%
Sep-25,2025-09-06T12:45:00,0.23,0.267,0.037,0.037,0.001369,16.19%
Sep-25,2025-09-06T13:00:00,0.23,0.331,0.101,0.101,0.010201,43.79%
Sep-25,2025-09-06T13:15:00,0.22,0.291,0.071,0.071,0.005041,32.37%
Sep-25,2025-09-06T13:30:00,0.85,0.405,-0.445,0.445,0.198025,52.40%
Sep-25,2025-09-06T13:45:00,1.69,1.262,-0.428,0.428,0.183184,25.34%
Sep-25,2025-09-06T14:00:00,1.74,1.314,-0.426,0.426,0.181476,24.48%
Sep-25,2025-09-06T14:15:00,1.83,1.024,-0.806,0.806,0.649636,44.06%
Sep-25,2025-09-06T14:30:00,1.9,1.758,-0.142,0.142,0.020164,7.49%
Sep-25,2025-09-06T14:45:00,1.92,1.765,-0.155,0.155,0.024025,8.08%
Sep-25,2025-09-06T15:00:00,1.94,1.919,-0.021,0.021,0.000441,1.08%
Sep-25,2025-09-06T15:15:00,2.09,1.255,-0.835,0.835,0.697225,39.97%
Sep-25,2025-09-06T15:30:00,2.34,1.952,-0.388,0.388,0.150544,16.60%
Sep-25,2025-09-06T15:45:00,2.65,1.93,-0.72,0.72,0.5184,27.18%
Sep-25,2025-09-06T16:00:00,2.97,2.995,0.025,0.025,0.000625,0.85%
Sep-25,2025-09-06T16:15:00,1.22,1.638,0.418,0.418,0.174724,34.24%
Sep-25,2025-09-06T16:30:00,0.26,0.741,0.481,0.481,0.231361,185.18%
Sep-25,2025-09-06T16:45:00,0.27,0.369,0.099,0.099,0.009801,36.64%
Sep-25,2025-09-06T17:00:00,0.24,0.558,0.318,0.318,0.101124,132.43%
Sep-25,2025-09-06T17:15:00,2.64,2.729,0.089,0.089,0.007921,3.38%
Sep-25,2025-09-06T17:30:00,1.28,1.662,0.382,0.382,0.145924,29.82%
Sep-25,2025-09-06T17:45:00,1.27,1.62,0.35,0.35,0.1225,27.55%
Sep-25,2025-09-06T18:00:00,0.57,0.856,0.286,0.286,0.081796,50.16%
Sep-25,2025-09-06T18:15:00,0.58,0.599,0.019,0.019,0.000361,3.36%
Sep-25,2025-09-06T18:30:00,0.55,0.593,0.043,0.043,0.001849,7.85%
Sep-25,2025-09-06T18:45:00,0.74,0.709,-0.031,0.031,0.000961,4.20%
Sep-25,2025-09-06T19:00:00,0.63,0.643,0.013,0.013,0.000169,2.02%
Sep-25,2025-09-06T19:15:00,0.47,0.521,0.051,0.051,0.002601,10.95%
Sep-25,2025-09-06T19:30:00,0.61,0.614,0.004,0.004,0.000016,0.63%
Sep-25,2025-09-06T19:45:00,0.54,0.567,0.027,0.027,0.000729,5.08%
Sep-25,2025-09-06T20:00:00,0.51,0.52,0.01,0.01,0.0001,1.92%
Sep-25,2025-09-06T20:15:00,0.55,0.53,-0.02,0.02,0.0004,3.63%
Sep-25,2025-09-06T20:30:00,0.74,0.733,-0.007,0.007,0.000049,0.89%
Sep-25,2025-09-06T20:45:00,2.5,2.599,0.099,0.099,0.009801,3.97%
Sep-25,2025-09-06T21:00:00,0.7,0.672,-0.028,0.028,0.000784,3.95%
Sep-25,2025-09-06T21:15:00,0.56,0.558,-0.002,0.002,0.000004,0.43%
Sep-25,2025-09-06T21:30:00,0.46,0.476,0.016,0.016,0.000256,3.55%
Sep-25,2025-09-06T21:45:00,0.44,0.407,-0.033,0.033,0.001089,7.39%
Sep-25,2025-09-06T22:00:00,0.44,0.417,-0.023,0.023,0.000529,5.23%
Sep-25,2025-09-06T22:15:00,0.44,0.444,0.004,0.004,0.000016,0.84%
Sep-25,2025-09-06T22:30:00,0.37,0.373,0.003,0.003,0.000009,0.69%
Sep-25,2025-09-06T22:45:00,0.3,0.321,0.021,0.021,0.000441,6.94%
Sep-25,2025-09-06T23:00:00,0.34,0.327,-0.013,0.013,0.000169,3.69%
Sep-25,2025-09-06T23:15:00,0.34,0.329,-0.011,0.011,0.000121,3.12%
Sep-25,2025-09-06T23:30:00,0.31,0.33,0.02,0.02,0.0004,6.39%
Sep-25,2025-09-06T23:45:00,0.28,0.284,0.004,0.004,0.000016,1.35%
Sep-25,2025-09-07T00:00:00,0.27,0.268,-0.002,0.002,0.000004,0.77%
Sep-25,2025-09-07T00:15:00,0.27,0.267,-0.003,0.003,0.000009,1.15%
Sep-25,2025-09-07T00:30:00,0.25,0.251,0.001,0.001,0.000001,0.46%
Sep-25,2025-09-07T00:45:00,0.27,0.264,-0.006,0.006,0.000036,2.29%
Sep-25,2025-09-07T01:00:00,0.29,0.272,-0.018,0.018,0.000324,6.25%
Sep-25,2025-09-07T01:15:00,0.28,0.275,-0.005,0.005,0.000025,1.95%
Sep-25,2025-09-07T01:30:00,0.27,0.271,0.001,0.001,0.000001,0.53%
Sep-25,2025-09-07T01:45:00,0.27,0.266,-0.004,0.004,0.000016,1.33%
Sep-25,2025-09-07T02:00:00,0.25,0.254,0.004,0.004,0.000016,1.45%
Sep-25,2025-09-07T02:15:00,0.26,0.245,-0.015,0.015,0.000225,5.66%
Sep-25,2025-09-07T02:30:00,0.29,0.283,-0.007,0.007,0.000049,2.30%
Sep-25,2025-09-07T02:45:00,0.28,0.28,0,0,0,0.04%
Sep-25,2025-09-07T03:00:00,0.27,0.273,0.003,0.003,0.000009,1.11%
Sep-25,2025-09-07T03:15:00,0.27,0.268,-0.002,0.002,0.000004,0.66%
Sep-25,2025-09-07T03:30:00,0.26,0.26,0,0,0,0.05%
Sep-25,2025-09-07T03:45:00,0.24,0.248,0.008,0.008,0.000064,3.48%
Sep-25,2025-09-07T04:00:00,0.29,0.264,-0.026,0.026,0.000676,8.83%
Sep-25,2025-09-07T04:15:00,0.28,0.276,-0.004,0.004,0.000016,1.36%
Sep-25,2025-09-07T04:30:00,0.27,0.261,-0.009,0.009,0.000081,3.17%
Sep-25,2025-09-07T04:45:00,0.27,0.259,-0.011,0.011,0.000121,4.12%
Sep-25,2025-09-07T05:00:00,0.26,0.257,-0.003,0.003,0.000009,1.25%
Sep-25,2025-09-07T05:15:00,0.24,0.241,0.001,0.001,0.000001,0.33%
Sep-25,2025-09-07T05:30:00,0.28,0.268,-0.012,0.012,0.000144,4.35%
Sep-25,2025-09-07T05:45:00,0.28,0.276,-0.004,0.004,0.000016,1.60%
Sep-25,2025-09-07T06:00:00,0.27,0.269,-0.001,0.001,0.000001,0.27%
Sep-25,2025-09-07T06:15:00,0.27,0.26,-0.01,0.01,0.0001,3.78%
Sep-25,2025-09-07T06:30:00,0.27,0.266,-0.004,0.004,0.000016,1.35%
Sep-25,2025-09-07T06:45:00,0.24,0.248,0.008,0.008,0.000064,3.42%
Sep-25,2025-09-07T07:00:00,0.24,0.251,0.011,0.011,0.000121,4.62%
Sep-25,2025-09-07T07:15:00,0.25,0.225,-0.025,0.025,0.000625,10.05%
Sep-25,2025-09-07T07:30:00,0.35,0.229,-0.121,0.121,0.014641,34.51%
Sep-25,2025-09-07T07:45:00,0.23,0.26,0.03,0.03,0.0009,13.17%
Sep-25,2025-09-07T08:00:00,0.39,0.293,-0.097,0.097,0.009409,24.76%
Sep-25,2025-09-07T08:15:00,0.53,0.347,-0.183,0.183,0.033489,34.48%
Sep-25,2025-09-07T08:30:00,0.6,0.516,-0.084,0.084,0.007056,14.07%
Sep-25,2025-09-07T08:45:00,0.54,0.432,-0.108,0.108,0.011664,20.04%
Sep-25,2025-09-07T09:00:00,0.22,0.437,0.217,0.217,0.047089,98.62%
Sep-25,2025-09-07T09:15:00,0.22,0.519,0.299,0.299,0.089401,135.69%
Sep-25,2025-09-07T09:30:00,0.2,0.845,0.645,0.645,0.416025,322.65%
Sep-25,2025-09-07T09:45:00,0.19,0.502,0.312,0.312,0.097344,163.99%
Sep-25,2025-09-07T10:00:00,0.23,0.461,0.231,0.231,0.053361,100.40%
Sep-25,2025-09-07T10:15:00,0.23,0.253,0.023,0.023,0.000529,9.83%
Sep-25,2025-09-07T10:30:00,0.22,0.349,0.129,0.129,0.016641,58.81%
Sep-25,2025-09-07T10:45:00,1.35,0.407,-0.943,0.943,0.889249,69.86%
Sep-25,2025-09-07T11:00:00,1.8,1.513,-0.287,0.287,0.082369,15.93%
Sep-25,2025-09-07T11:15:00,1.84,1.143,-0.697,0.697,0.485809,37.87%
Sep-25,2025-09-07T11:30:00,1.98,1.596,-0.384,0.384,0.147456,19.42%
Sep-25,2025-09-07T11:45:00,2.27,1.677,-0.593,0.593,0.351649,26.11%
Sep-25,2025-09-07T12:00:00,2.64,2.019,-0.621,0.621,0.385641,23.52%
Sep-25,2025-09-07T12:15:00,2.83,2.215,-0.615,0.615,0.378225,21.74%
Sep-25,2025-09-07T12:30:00,1.14,1.951,0.811,0.811,0.657721,71.13%
Sep-25,2025-09-07T12:45:00,0.19,1.225,1.035,1.035,1.071225,544.81%
Sep-25,2025-09-07T13:00:00,0.2,0.29,0.09,0.09,0.0081,45.12%
Sep-25,2025-09-07T13:15:00,0.24,0.412,0.172,0.172,0.029584,71.55%
Sep-25,2025-09-07T13:30:00,3.17,0.968,-2.202,2.202,4.848804,69.47%
Sep-25,2025-09-07T13:45:00,0.37,1.076,0.706,0.706,0.498436,190.86%
Sep-25,2025-09-07T14:00:00,0.35,0.931,0.581,0.581,0.337561,166%
Sep-25,2025-09-07T14:15:00,0.24,0.688,0.448,0.448,0.200704,186.58%
Sep-25,2025-09-07T14:30:00,0.95,0.437,-0.513,0.513,0.263169,54%
Sep-25,2025-09-07T14:45:00,0.32,0.623,0.303,0.303,0.091809,94.76%
Sep-25,2025-09-07T15:00:00,0.26,0.491,0.231,0.231,0.053361,88.73%
Sep-25,2025-09-07T15:15:00,0.28,0.581,0.301,0.301,0.090601,107.57%
Sep-25,2025-09-07T15:30:00,0.24,0.612,0.372,0.372,0.138384,155.18%
Sep-25,2025-09-07T15:45:00,0.22,0.231,0.011,0.011,0.000121,5.07%
Sep-25,2025-09-07T16:00:00,0.2,0.27,0.07,0.07,0.0049,35.08%
Sep-25,2025-09-07T16:15:00,0.23,0.281,0.051,0.051,0.002601,22.01%
Sep-25,2025-09-07T16:30:00,0.24,0.25,0.01,0.01,0.0001,4.34%
Sep-25,2025-09-07T16:45:00,0.22,0.207,-0.013,0.013,0.000169,5.71%
Sep-25,2025-09-07T17:00:00,0.23,0.252,0.022,0.022,0.000484,9.66%
Sep-25,2025-09-07T17:15:00,0.21,0.243,0.033,0.033,0.001089,15.60%
Sep-25,2025-09-07T17:30:00,0.2,0.242,0.042,0.042,0.001764,20.98%
Sep-25,2025-09-07T17:45:00,0.22,0.23,0.01,0.01,0.0001,4.66%
Sep-25,2025-09-07T18:00:00,0.24,0.23,-0.01,0.01,0.0001,4.18%
Sep-25,2025-09-07T18:15:00,0.23,0.244,0.014,0.014,0.000196,6.03%
Sep-25,2025-09-07T18:30:00,0.22,0.235,0.015,0.015,0.000225,6.74%
Sep-25,2025-09-07T18:45:00,0.22,0.231,0.011,0.011,0.000121,4.79%
Sep-25,2025-09-07T19:00:00,0.2,0.228,0.028,0.028,0.000784,14.13%
Sep-25,2025-09-07T19:15:00,0.21,0.214,0.004,0.004,0.000016,1.95%
Sep-25,2025-09-07T19:30:00,0.27,0.275,0.005,0.005,0.000025,1.68%
Sep-25,2025-09-07T19:45:00,0.3,0.297,-0.003,0.003,0.000009,0.87%
Sep-25,2025-09-07T20:00:00,0.29,0.294,0.004,0.004,0.000016,1.32%
Sep-25,2025-09-07T20:15:00,1.37,1.279,-0.091,0.091,0.008281,6.68%
Sep-25,2025-09-07T20:30:00,1.54,1.545,0.005,0.005,0.000025,0.34%
Sep-25,2025-09-07T20:45:00,1.74,1.66,-0.08,0.08,0.0064,4.58%
Sep-25,2025-09-07T21:00:00,3.47,3.396,-0.074,0.074,0.005476,2.14%
Sep-25,2025-09-07T21:15:00,2.8,2.773,-0.027,0.027,0.000729,0.96%
Sep-25,2025-09-07T21:30:00,1.89,1.919,0.029,0.029,0.000841,1.56%
Sep-25,2025-09-07T21:45:00,1.41,1.402,-0.008,0.008,0.000064,0.56%
Sep-25,2025-09-07T22:00:00,1.56,1.595,0.035,0.035,0.001225,2.27%
Sep-25,2025-09-07T22:15:00,0.77,0.79,0.02,0.02,0.0004,2.55%
Sep-25,2025-09-07T22:30:00,0.75,0.819,0.069,0.069,0.004761,9.27%
Sep-25,2025-09-07T22:45:00,0.33,0.474,0.144,0.144,0.020736,43.56%
Sep-25,2025-09-07T23:00:00,0.36,0.355,-0.005,0.005,0.000025,1.50%
Sep-25,2025-09-07T23:15:00,0.36,0.348,-0.012,0.012,0.000144,3.25%
Sep-25,2025-09-07T23:30:00,0.34,0.337,-0.003,0.003,0.000009,0.97%
Sep-25,2025-09-07T23:45:00,0.33,0.34,0.01,0.01,0.0001,3.15%
Sep-25,2025-09-08T00:00:00,0.3,0.316,0.016,0.016,0.000256,5.41%
Sep-25,2025-09-08T00:15:00,0.25,0.266,0.016,0.016,0.000256,6.28%
Sep-25,2025-09-08T00:30:00,0.3,0.288,-0.012,0.012,0.000144,3.90%
Sep-25,2025-09-08T00:45:00,0.3,0.297,-0.003,0.003,0.000009,0.90%
Sep-25,2025-09-08T01:00:00,0.29,0.293,0.003,0.003,0.000009,1.11%
Sep-25,2025-09-08T01:15:00,0.29,0.279,-0.011,0.011,0.000121,3.80%
Sep-25,2025-09-08T01:30:00,0.26,0.266,0.006,0.006,0.000036,2.49%
Sep-25,2025-09-08T01:45:00,0.25,0.253,0.003,0.003,0.000009,1.05%
Sep-25,2025-09-08T02:00:00,0.28,0.277,-0.003,0.003,0.000009,1.12%
Sep-25,2025-09-08T02:15:00,0.3,0.296,-0.004,0.004,0.000016,1.22%
Sep-25,2025-09-08T02:30:00,0.29,0.293,0.003,0.003,0.000009,1.09%
Sep-25,2025-09-08T02:45:00,0.28,0.28,0,0,0,0.16%
Sep-25,2025-09-08T03:00:00,0.26,0.267,0.007,0.007,0.000049,2.67%
Sep-25,2025-09-08T03:15:00,0.25,0.254,0.004,0.004,0.000016,1.56%
Sep-25,2025-09-08T03:30:00,0.28,0.277,-0.003,0.003,0.000009,0.96%
Sep-25,2025-09-08T03:45:00,0.3,0.296,-0.004,0.004,0.000016,1.47%
Sep-25,2025-09-08T04:00:00,0.34,0.32,-0.02,0.02,0.0004,5.95%
Sep-25,2025-09-08T04:15:00,0.4,0.42,0.02,0.02,0.0004,5.02%
Sep-25,2025-09-08T04:30:00,2.47,2.445,-0.025,0.025,0.000625,1%
Sep-25,2025-09-08T04:45:00,0.5,0.504,0.004,0.004,0.000016,0.74%
Sep-25,2025-09-08T05:00:00,1.08,1.043,-0.037,0.037,0.001369,3.47%
Sep-25,2025-09-08T05:15:00,2.35,2.298,-0.052,0.052,0.002704,2.21%
Sep-25,2025-09-08T05:30:00,0.44,0.425,-0.015,0.015,0.000225,3.33%
Sep-25,2025-09-08T05:45:00,0.44,0.454,0.014,0.014,0.000196,3.23%
Sep-25,2025-09-08T06:00:00,1.03,1.062,0.032,0.032,0.001024,3.14%
Sep-25,2025-09-08T06:15:00,0.36,0.35,-0.01,0.01,0.0001,2.76%
Sep-25,2025-09-08T06:30:00,0.35,0.342,-0.008,0.008,0.000064,2.24%
Sep-25,2025-09-08T06:45:00,0.36,0.338,-0.022,0.022,0.000484,6%
Sep-25,2025-09-08T07:00:00,0.36,0.371,0.011,0.011,0.000121,3.15%
Sep-25,2025-09-08T07:15:00,1.7,1.993,0.293,0.293,0.085849,17.21%
Sep-25,2025-09-08T07:30:00,3.01,3.078,0.068,0.068,0.004624,2.26%
Sep-25,2025-09-08T07:45:00,0.28,0.505,0.225,0.225,0.050625,80.42%
Sep-25,2025-09-08T08:00:00,1.24,1.173,-0.067,0.067,0.004489,5.41%
Sep-25,2025-09-08T08:15:00,0.71,0.518,-0.192,0.192,0.036864,27.03%
Sep-25,2025-09-08T08:30:00,0.74,0.574,-0.166,0.166,0.027556,22.47%
Sep-25,2025-09-08T08:45:00,0.61,0.607,-0.003,0.003,0.000009,0.47%
Sep-25,2025-09-08T09:00:00,0.65,1.069,0.419,0.419,0.175561,64.53%
Sep-25,2025-09-08T09:15:00,1.18,1.229,0.049,0.049,0.002401,4.13%
Sep-25,2025-09-08T09:30:00,0.49,0.739,0.249,0.249,0.062001,50.73%
Sep-25,2025-09-08T09:45:00,0.94,0.841,-0.099,0.099,0.009801,10.53%
Sep-25,2025-09-08T10:00:00,0.28,0.632,0.352,0.352,0.123904,125.55%
Sep-25,2025-09-08T10:15:00,0.26,0.445,0.185,0.185,0.034225,71.01%
Sep-25,2025-09-08T10:30:00,0.23,0.893,0.663,0.663,0.439569,288.12%
Sep-25,2025-09-08T10:45:00,1.12,0.774,-0.346,0.346,0.119716,30.87%
Sep-25,2025-09-08T11:00:00,1.55,1.635,0.085,0.085,0.007225,5.47%
Sep-25,2025-09-08T11:15:00,1.65,1.357,-0.293,0.293,0.085849,17.74%
Sep-25,2025-09-08T11:30:00,1.73,1.967,0.237,0.237,0.056169,13.67%
Sep-25,2025-09-08T11:45:00,1.84,1.947,0.107,0.107,0.011449,5.81%
Sep-25,2025-09-08T12:00:00,1.9,1.722,-0.178,0.178,0.031684,9.36%
Sep-25,2025-09-08T12:15:00,1.96,2.825,0.865,0.865,0.748225,44.11%
Sep-25,2025-09-08T12:30:00,2.19,1.669,-0.521,0.521,0.271441,23.78%
Sep-25,2025-09-08T12:45:00,2.47,3.253,0.783,0.783,0.613089,31.70%
Sep-25,2025-09-08T13:00:00,2.72,3.23,0.51,0.51,0.2601,18.76%
Sep-25,2025-09-08T13:15:00,2.92,3.309,0.389,0.389,0.151321,13.33%
Sep-25,2025-09-08T13:30:00,0.22,1.588,1.368,1.368,1.871424,621.83%
Sep-25,2025-09-08T13:45:00,0.21,0.643,0.433,0.433,0.187489,206.13%
Sep-25,2025-09-08T14:00:00,0.21,0.344,0.134,0.134,0.017956,63.68%
Sep-25,2025-09-08T14:15:00,0.19,0.419,0.229,0.229,0.052441,120.61%
Sep-25,2025-09-08T14:30:00,0.18,0.447,0.267,0.267,0.071289,148.54%
Sep-25,2025-09-08T14:45:00,0.22,0.299,0.079,0.079,0.006241,36.10%
Sep-25,2025-09-08T15:00:00,0.22,0.265,0.045,0.045,0.002025,20.66%
Sep-25,2025-09-08T15:15:00,0.22,0.23,0.01,0.01,0.0001,4.39%
Sep-25,2025-09-08T15:30:00,0.21,0.232,0.022,0.022,0.000484,10.31%
Sep-25,2025-09-08T15:45:00,0.21,0.254,0.044,0.044,0.001936,20.79%
Sep-25,2025-09-08T16:00:00,0.18,0.205,0.025,0.025,0.000625,13.78%
Sep-25,2025-09-08T16:15:00,0.23,0.185,-0.045,0.045,0.002025,19.75%
Sep-25,2025-09-08T16:30:00,0.23,0.235,0.005,0.005,0.000025,2.18%
Sep-25,2025-09-08T16:45:00,0.22,0.219,-0.001,0.001,0.000001,0.35%
Sep-25,2025-09-08T17:00:00,0.21,0.227,0.017,0.017,0.000289,8.16%
Sep-25,2025-09-08T17:15:00,0.2,0.218,0.018,0.018,0.000324,9.21%
Sep-25,2025-09-08T17:30:00,0.19,0.219,0.029,0.029,0.000841,15.02%
Sep-25,2025-09-08T17:45:00,0.21,0.201,-0.009,0.009,0.000081,4.12%
Sep-25,2025-09-08T18:00:00,0.23,0.219,-0.011,0.011,0.000121,4.93%
Sep-25,2025-09-08T18:15:00,0.22,0.217,-0.003,0.003,0.000009,1.22%
Sep-25,2025-09-08T18:30:00,0.22,0.22,0,0,0,0.11%
Sep-25,2025-09-08T18:45:00,0.21,0.235,0.025,0.025,0.000625,11.94%
Sep-25,2025-09-08T19:00:00,0.19,0.232,0.042,0.042,0.001764,21.89%
Sep-25,2025-09-08T19:15:00,0.63,0.573,-0.057,0.057,0.003249,8.98%
Sep-25,2025-09-08T19:30:00,0.66,0.683,0.023,0.023,0.000529,3.55%
Sep-25,2025-09-08T19:45:00,0.73,0.749,0.019,0.019,0.000361,2.62%
Sep-25,2025-09-08T20:00:00,0.79,0.799,0.009,0.009,0.000081,1.15%
Sep-25,2025-09-08T20:15:00,0.77,0.708,-0.062,0.062,0.003844,8.10%
Sep-25,2025-09-08T20:30:00,0.61,0.578,-0.032,0.032,0.001024,5.30%
Sep-25,2025-09-08T20:45:00,0.41,0.431,0.021,0.021,0.000441,5.24%
Sep-25,2025-09-08T21:00:00,0.36,0.372,0.012,0.012,0.000144,3.41%
Sep-25,2025-09-08T21:15:00,0.37,0.365,-0.005,0.005,0.000025,1.31%
Sep-25,2025-09-08T21:30:00,0.34,0.337,-0.003,0.003,0.000009,0.80%
Sep-25,2025-09-08T21:45:00,0.33,0.337,0.007,0.007,0.000049,2.03%
Sep-25,2025-09-08T22:00:00,0.32,0.326,0.006,0.006,0.000036,1.89%
Sep-25,2025-09-08T22:15:00,0.8,0.817,0.017,0.017,0.000289,2.18%
Sep-25,2025-09-08T22:30:00,0.52,0.549,0.029,0.029,0.000841,5.54%
Sep-25,2025-09-08T22:45:00,0.53,0.527,-0.003,0.003,0.000009,0.59%
Sep-25,2025-09-08T23:00:00,0.39,0.412,0.022,0.022,0.000484,5.59%
Sep-25,2025-09-08T23:15:00,0.33,0.331,0.001,0.001,0.000001,0.40%
Sep-25,2025-09-08T23:30:00,0.31,0.317,0.007,0.007,0.000049,2.26%
Sep-25,2025-09-08T23:45:00,0.3,0.311,0.011,0.011,0.000121,3.78%
Sep-25,2025-09-09T00:00:00,0.32,0.312,-0.008,0.008,0.000064,2.35%
Sep-25,2025-09-09T00:15:00,0.35,0.342,-0.008,0.008,0.000064,2.38%
Sep-25,2025-09-09T00:30:00,0.34,0.339,-0.001,0.001,0.000001,0.34%
Sep-25,2025-09-09T00:45:00,0.33,0.338,0.008,0.008,0.000064,2.51%
Sep-25,2025-09-09T01:00:00,0.32,0.327,0.007,0.007,0.000049,2.04%
Sep-25,2025-09-09T01:15:00,0.3,0.305,0.005,0.005,0.000025,1.50%
Sep-25,2025-09-09T01:30:00,0.31,0.305,-0.005,0.005,0.000025,1.55%
Sep-25,2025-09-09T01:45:00,0.35,0.34,-0.01,0.01,0.0001,2.85%
Sep-25,2025-09-09T02:00:00,0.34,0.342,0.002,0.002,0.000004,0.47%
Sep-25,2025-09-09T02:15:00,0.33,0.339,0.009,0.009,0.000081,2.63%
Sep-25,2025-09-09T02:30:00,0.32,0.327,0.007,0.007,0.000049,2.27%
Sep-25,2025-09-09T02:45:00,0.3,0.306,0.006,0.006,0.000036,1.87%
Sep-25,2025-09-09T03:00:00,0.3,0.301,0.001,0.001,0.000001,0.28%
Sep-25,2025-09-09T03:15:00,0.34,0.322,-0.018,0.018,0.000324,5.31%
Sep-25,2025-09-09T03:30:00,0.34,0.341,0.001,0.001,0.000001,0.17%
Sep-25,2025-09-09T03:45:00,0.33,0.339,0.009,0.009,0.000081,2.58%
Sep-25,2025-09-09T04:00:00,0.33,0.337,0.007,0.007,0.000049,2.14%
Sep-25,2025-09-09T04:15:00,0.33,0.335,0.005,0.005,0.000025,1.59%
Sep-25,2025-09-09T04:30:00,0.31,0.323,0.013,0.013,0.000169,4.26%
Sep-25,2025-09-09T04:45:00,0.32,0.314,-0.006,0.006,0.000036,1.99%
Sep-25,2025-09-09T05:00:00,0.34,0.318,-0.022,0.022,0.000484,6.35%
Sep-25,2025-09-09T05:15:00,0.33,0.349,0.019,0.019,0.000361,5.74%
Sep-25,2025-09-09T05:30:00,0.33,0.332,0.002,0.002,0.000004,0.64%
Sep-25,2025-09-09T05:45:00,0.32,0.324,0.004,0.004,0.000016,1.35%
Sep-25,2025-09-09T06:00:00,0.3,0.302,0.002,0.002,0.000004,0.60%
Sep-25,2025-09-09T06:15:00,0.31,0.309,-0.001,0.001,0.000001,0.36%
Sep-25,2025-09-09T06:30:00,0.28,0.286,0.006,0.006,0.000036,2.25%
Sep-25,2025-09-09T06:45:00,0.28,0.281,0.001,0.001,0.000001,0.50%
Sep-25,2025-09-09T07:00:00,0.27,0.287,0.017,0.017,0.000289,6.45%
Sep-25,2025-09-09T07:15:00,0.26,0.281,0.021,0.021,0.000441,8.23%
Sep-25,2025-09-09T07:30:00,0.2,0.272,0.072,0.072,0.005184,35.82%
Sep-25,2025-09-09T07:45:00,0.82,0.768,-0.052,0.052,0.002704,6.29%
Sep-25,2025-09-09T08:00:00,0.63,0.635,0.005,0.005,0.000025,0.79%
Sep-25,2025-09-09T08:15:00,0.5,0.83,0.33,0.33,0.1089,66.02%
Sep-25,2025-09-09T08:30:00,0.43,0.583,0.153,0.153,0.023409,35.63%
Sep-25,2025-09-09T08:45:00,0.43,0.637,0.207,0.207,0.042849,48.18%
Sep-25,2025-09-09T09:00:00,0.38,0.61,0.23,0.23,0.0529,60.55%
Sep-25,2025-09-09T09:15:00,0.21,0.364,0.154,0.154,0.023716,73.34%
Sep-25,2025-09-09T09:30:00,0.22,0.347,0.127,0.127,0.016129,57.54%
Sep-25,2025-09-09T09:45:00,0.22,0.379,0.159,0.159,0.025281,72.37%
Sep-25,2025-09-09T10:00:00,0.22,0.379,0.159,0.159,0.025281,72.07%
Sep-25,2025-09-09T10:15:00,0.21,0.227,0.017,0.017,0.000289,8.14%
Sep-25,2025-09-09T10:30:00,0.19,0.197,0.007,0.007,0.000049,3.76%
Sep-25,2025-09-09T10:45:00,1.49,0.452,-1.038,1.038,1.077444,69.70%
Sep-25,2025-09-09T11:00:00,2.12,1.204,-0.916,0.916,0.839056,43.20%
Sep-25,2025-09-09T11:15:00,2.22,2.198,-0.022,0.022,0.000484,0.98%
Sep-25,2025-09-09T11:30:00,1.84,1.538,-0.302,0.302,0.091204,16.42%
Sep-25,2025-09-09T11:45:00,1.9,1.789,-0.111,0.111,0.012321,5.86%
Sep-25,2025-09-09T12:00:00,1.98,2.027,0.047,0.047,0.002209,2.36%
Sep-25,2025-09-09T12:15:00,2.27,2.488,0.218,0.218,0.047524,9.62%
Sep-25,2025-09-09T12:30:00,2.65,3.588,0.938,0.938,0.879844,35.40%
Sep-25,2025-09-09T12:45:00,2.85,3.362,0.512,0.512,0.262144,17.95%
Sep-25,2025-09-09T13:00:00,2.05,2.188,0.138,0.138,0.019044,6.71%
Sep-25,2025-09-09T13:15:00,0.42,1.047,0.627,0.627,0.393129,149.18%
Sep-25,2025-09-09T13:30:00,0.22,0.573,0.353,0.353,0.124609,160.54%
Sep-25,2025-09-09T13:45:00,0.2,0.459,0.259,0.259,0.067081,129.66%
Sep-25,2025-09-09T14:00:00,0.21,0.344,0.134,0.134,0.017956,63.62%
Sep-25,2025-09-09T14:15:00,0.23,0.335,0.105,0.105,0.011025,45.60%
Sep-25,2025-09-09T14:30:00,0.22,0.251,0.031,0.031,0.000961,13.87%
Sep-25,2025-09-09T14:45:00,0.22,0.234,0.014,0.014,0.000196,6.14%
Sep-25,2025-09-09T15:00:00,0.21,0.248,0.038,0.038,0.001444,18.09%
Sep-25,2025-09-09T15:15:00,0.21,0.217,0.007,0.007,0.000049,3.48%
Sep-25,2025-09-09T15:30:00,0.2,0.191,-0.009,0.009,0.000081,4.63%
Sep-25,2025-09-09T15:45:00,0.18,0.175,-0.005,0.005,0.000025,2.68%
Sep-25,2025-09-09T16:00:00,0.21,0.182,-0.028,0.028,0.000784,13.11%
Sep-25,2025-09-09T16:15:00,0.23,0.199,-0.031,0.031,0.000961,13.59%
Sep-25,2025-09-09T16:30:00,0.22,0.186,-0.034,0.034,0.001156,15.56%
Sep-25,2025-09-09T16:45:00,0.22,0.205,-0.015,0.015,0.000225,7.01%
Sep-25,2025-09-09T17:00:00,0.19,0.241,0.051,0.051,0.002601,26.71%
Sep-25,2025-09-09T17:15:00,0.19,0.215,0.025,0.025,0.000625,12.98%
Sep-25,2025-09-09T17:30:00,0.19,0.227,0.037,0.037,0.001369,19.60%
Sep-25,2025-09-09T17:45:00,0.23,0.216,-0.014,0.014,0.000196,6.24%
Sep-25,2025-09-09T18:00:00,0.24,0.224,-0.016,0.016,0.000256,6.83%
Sep-25,2025-09-09T18:15:00,0.22,0.226,0.006,0.006,0.000036,2.91%
Sep-25,2025-09-09T18:30:00,0.22,0.209,-0.011,0.011,0.000121,5.23%
Sep-25,2025-09-09T18:45:00,0.2,0.246,0.046,0.046,0.002116,22.91%
Sep-25,2025-09-09T19:00:00,0.19,0.22,0.03,0.03,0.0009,15.70%
Sep-25,2025-09-09T19:15:00,0.2,0.241,0.041,0.041,0.001681,20.60%
Sep-25,2025-09-09T19:30:00,0.28,0.264,-0.016,0.016,0.000256,5.85%
Sep-25,2025-09-09T19:45:00,0.39,0.377,-0.013,0.013,0.000169,3.30%
Sep-25,2025-09-09T20:00:00,0.57,0.542,-0.028,0.028,0.000784,4.96%
Sep-25,2025-09-09T20:15:00,1.62,1.727,0.107,0.107,0.011449,6.60%
Sep-25,2025-09-09T20:30:00,0.63,0.625,-0.005,0.005,0.000025,0.75%
Sep-25,2025-09-09T20:45:00,0.64,0.637,-0.003,0.003,0.000009,0.54%
Sep-25,2025-09-09T21:00:00,0.3,0.361,0.061,0.061,0.003721,20.37%
Sep-25,2025-09-09T21:15:00,0.3,0.314,0.014,0.014,0.000196,4.61%
Sep-25,2025-09-09T21:30:00,0.3,0.316,0.016,0.016,0.000256,5.17%
Sep-25,2025-09-09T21:45:00,0.33,0.333,0.003,0.003,0.000009,0.96%
Sep-25,2025-09-09T22:00:00,0.34,0.335,-0.005,0.005,0.000025,1.47%
Sep-25,2025-09-09T22:15:00,0.36,0.357,-0.003,0.003,0.000009,0.76%
Sep-25,2025-09-09T22:30:00,0.4,0.425,0.025,0.025,0.000625,6.28%
Sep-25,2025-09-09T22:45:00,0.42,0.418,-0.002,0.002,0.000004,0.54%
Sep-25,2025-09-09T23:00:00,0.45,0.444,-0.006,0.006,0.000036,1.32%
Sep-25,2025-09-09T23:15:00,0.41,0.418,0.008,0.008,0.000064,1.89%
Sep-25,2025-09-09T23:30:00,0.28,0.309,0.029,0.029,0.000841,10.41%
Sep-25,2025-09-09T23:45:00,0.27,0.278,0.008,0.008,0.000064,3.14%
Sep-25,2025-09-10T00:00:00,0.26,0.268,0.008,0.008,0.000064,3.07%
Sep-25,2025-09-10T00:15:00,0.24,0.26,0.02,0.02,0.0004,8.45%
Sep-25,2025-09-10T00:30:00,0.24,0.248,0.008,0.008,0.000064,3.18%
Sep-25,2025-09-10T00:45:00,0.29,0.283,-0.007,0.007,0.000049,2.34%
Sep-25,2025-09-10T01:00:00,0.29,0.288,-0.002,0.002,0.000004,0.71%
Sep-25,2025-09-10T01:15:00,0.27,0.273,0.003,0.003,0.000009,1.27%
Sep-25,2025-09-10T01:30:00,0.27,0.267,-0.003,0.003,0.000009,1.02%
Sep-25,2025-09-10T01:45:00,0.24,0.248,0.008,0.008,0.000064,3.44%
Sep-25,2025-09-10T02:00:00,0.24,0.246,0.006,0.006,0.000036,2.30%
Sep-25,2025-09-10T02:15:00,0.26,0.25,-0.01,0.01,0.0001,3.78%
Sep-25,2025-09-10T02:30:00,0.29,0.277,-0.013,0.013,0.000169,4.55%
Sep-25,2025-09-10T02:45:00,0.29,0.281,-0.009,0.009,0.000081,3.21%
Sep-25,2025-09-10T03:00:00,0.28,0.273,-0.007,0.007,0.000049,2.48%
Sep-25,2025-09-10T03:15:00,0.26,0.263,0.003,0.003,0.000009,1.33%
Sep-25,2025-09-10T03:30:00,0.24,0.245,0.005,0.005,0.000025,2.27%
Sep-25,2025-09-10T03:45:00,0.24,0.243,0.003,0.003,0.000009,1.44%
Sep-25,2025-09-10T04:00:00,0.27,0.264,-0.006,0.006,0.000036,2.22%
Sep-25,2025-09-10T04:15:00,0.29,0.275,-0.015,0.015,0.000225,5.13%
Sep-25,2025-09-10T04:30:00,0.28,0.272,-0.008,0.008,0.000064,2.74%
Sep-25,2025-09-10T04:45:00,0.27,0.266,-0.004,0.004,0.000016,1.61%
Sep-25,2025-09-10T05:00:00,0.25,0.245,-0.005,0.005,0.000025,2.04%
Sep-25,2025-09-10T05:15:00,0.24,0.243,0.003,0.003,0.000009,1.10%
Sep-25,2025-09-10T05:30:00,1.76,1.662,-0.098,0.098,0.009604,5.56%
Sep-25,2025-09-10T05:45:00,1.76,1.778,0.018,0.018,0.000324,1.05%
Sep-25,2025-09-10T06:00:00,0.34,0.335,-0.005,0.005,0.000025,1.37%
Sep-25,2025-09-10T06:15:00,0.32,0.328,0.008,0.008,0.000064,2.38%
Sep-25,2025-09-10T06:30:00,0.34,0.333,-0.007,0.007,0.000049,2.06%
Sep-25,2025-09-10T06:45:00,0.32,0.32,0,0,0,0.04%
Sep-25,2025-09-10T07:00:00,0.33,0.325,-0.005,0.005,0.000025,1.61%
Sep-25,2025-09-10T07:15:00,0.33,0.351,0.021,0.021,0.000441,6.31%
Sep-25,2025-09-10T07:30:00,1.1,1.223,0.123,0.123,0.015129,11.14%
Sep-25,2025-09-10T07:45:00,1.15,1.363,0.213,0.213,0.045369,18.55%
Sep-25,2025-09-10T08:00:00,0.52,0.884,0.364,0.364,0.132496,70.09%
Sep-25,2025-09-10T08:15:00,1.11,1.425,0.315,0.315,0.099225,28.38%
Sep-25,2025-09-10T08:30:00,1.61,1.935,0.325,0.325,0.105625,20.16%
Sep-25,2025-09-10T08:45:00,1.64,1.955,0.315,0.315,0.099225,19.23%
Sep-25,2025-09-10T09:00:00,0.4,0.758,0.358,0.358,0.128164,89.43%
Sep-25,2025-09-10T09:15:00,0.27,0.632,0.362,0.362,0.131044,134.13%
Sep-25,2025-09-10T09:30:00,0.32,0.506,0.186,0.186,0.034596,58.15%
Sep-25,2025-09-10T09:45:00,3.11,2.425,-0.685,0.685,0.469225,22.03%
Sep-25,2025-09-10T10:00:00,1.31,1.412,0.102,0.102,0.010404,7.80%
Sep-25,2025-09-10T10:15:00,0.29,0.653,0.363,0.363,0.131769,125.21%
Sep-25,2025-09-10T10:30:00,1.64,1.588,-0.052,0.052,0.002704,3.19%
Sep-25,2025-09-10T10:45:00,1.69,1.555,-0.135,0.135,0.018225,7.97%
Sep-25,2025-09-10T11:00:00,2.45,2.352,-0.098,0.098,0.009604,3.99%
Sep-25,2025-09-10T11:15:00,2.66,2.77,0.11,0.11,0.0121,4.12%
Sep-25,2025-09-10T11:30:00,2.96,2.936,-0.024,0.024,0.000576,0.81%
Sep-25,2025-09-10T11:45:00,3.06,2.825,-0.235,0.235,0.055225,7.70%
Sep-25,2025-09-10T12:00:00,5.11,4.534,-0.576,0.576,0.331776,11.28%
Sep-25,2025-09-10T12:15:00,3,4.426,1.426,1.426,2.033476,47.53%
Sep-25,2025-09-10T12:30:00,0.56,1.589,1.029,1.029,1.058841,183.76%
Sep-25,2025-09-10T12:45:00,0.6,0.453,-0.147,0.147,0.021609,24.46%
Sep-25,2025-09-10T13:00:00,0.55,0.393,-0.157,0.157,0.024649,28.46%
Sep-25,2025-09-10T13:15:00,1.04,0.648,-0.392,0.392,0.153664,37.68%
Sep-25,2025-09-10T13:30:00,1.08,0.636,-0.444,0.444,0.197136,41.11%
Sep-25,2025-09-10T13:45:00,0.47,0.479,0.009,0.009,0.000081,1.97%
Sep-25,2025-09-10T14:00:00,0.49,0.402,-0.088,0.088,0.007744,17.95%
Sep-25,2025-09-10T14:15:00,0.5,0.281,-0.219,0.219,0.047961,43.80%
Sep-25,2025-09-10T14:30:00,0.37,0.394,0.024,0.024,0.000576,6.49%
Sep-25,2025-09-10T14:45:00,0.19,0.234,0.044,0.044,0.001936,23.09%
Sep-25,2025-09-10T15:00:00,0.22,0.221,0.001,0.001,0.000001,0.63%
Sep-25,2025-09-10T15:15:00,0.26,0.284,0.024,0.024,0.000576,9.30%
Sep-25,2025-09-10T15:30:00,0.28,0.454,0.174,0.174,0.030276,61.97%
Sep-25,2025-09-10T15:45:00,0.28,0.228,-0.052,0.052,0.002704,18.66%
Sep-25,2025-09-10T16:00:00,0.25,0.232,-0.018,0.018,0.000324,7.28%
Sep-25,2025-09-10T16:15:00,0.21,0.165,-0.045,0.045,0.002025,21.23%
Sep-25,2025-09-10T16:30:00,0.2,0.237,0.037,0.037,0.001369,18.27%
Sep-25,2025-09-10T16:45:00,0.2,0.244,0.044,0.044,0.001936,21.88%
Sep-25,2025-09-10T17:00:00,0.23,0.276,0.046,0.046,0.002116,19.86%
Sep-25,2025-09-10T17:15:00,0.23,0.252,0.022,0.022,0.000484,9.66%
Sep-25,2025-09-10T17:30:00,0.22,0.248,0.028,0.028,0.000784,12.73%
Sep-25,2025-09-10T17:45:00,0.22,0.238,0.018,0.018,0.000324,8%
Sep-25,2025-09-10T18:00:00,0.21,0.254,0.044,0.044,0.001936,21.10%
Sep-25,2025-09-10T18:15:00,0.19,0.221,0.031,0.031,0.000961,16.06%
Sep-25,2025-09-10T18:30:00,0.23,0.212,-0.018,0.018,0.000324,7.78%
Sep-25,2025-09-10T18:45:00,3.1,2.511,-0.589,0.589,0.346921,18.99%
Sep-25,2025-09-10T19:00:00,2.98,2.993,0.013,0.013,0.000169,0.42%
Sep-25,2025-09-10T19:15:00,1.46,1.452,-0.008,0.008,0.000064,0.53%
Sep-25,2025-09-10T19:30:00,1.05,1.056,0.006,0.006,0.000036,0.59%
Sep-25,2025-09-10T19:45:00,0.68,0.658,-0.022,0.022,0.000484,3.27%
Sep-25,2025-09-10T20:00:00,0.72,0.708,-0.012,0.012,0.000144,1.73%
Sep-25,2025-09-10T20:15:00,1.73,1.69,-0.04,0.04,0.0016,2.30%
Sep-25,2025-09-10T20:30:00,0.87,0.892,0.022,0.022,0.000484,2.52%
Sep-25,2025-09-10T20:45:00,0.42,0.418,-0.002,0.002,0.000004,0.42%
Sep-25,2025-09-10T21:00:00,0.39,0.373,-0.017,0.017,0.000289,4.45%
Sep-25,2025-09-10T21:15:00,0.37,0.362,-0.008,0.008,0.000064,2.07%
Sep-25,2025-09-10T21:30:00,0.4,0.39,-0.01,0.01,0.0001,2.42%
Sep-25,2025-09-10T21:45:00,0.43,0.451,0.021,0.021,0.000441,4.94%
Sep-25,2025-09-10T22:00:00,0.43,0.448,0.018,0.018,0.000324,4.14%
Sep-25,2025-09-10T22:15:00,0.43,0.44,0.01,0.01,0.0001,2.30%
Sep-25,2025-09-10T22:30:00,0.49,0.531,0.041,0.041,0.001681,8.34%
Sep-25,2025-09-10T22:45:00,0.52,0.536,0.016,0.016,0.000256,3.08%
Sep-25,2025-09-10T23:00:00,1.12,1.141,0.021,0.021,0.000441,1.89%
Sep-25,2025-09-10T23:15:00,1.46,1.427,-0.033,0.033,0.001089,2.25%
Sep-25,2025-09-10T23:30:00,0.57,0.548,-0.022,0.022,0.000484,3.94%
Sep-25,2025-09-10T23:45:00,0.44,0.441,0.001,0.001,0.000001,0.24%
Sep-25,2025-09-11T00:00:00,0.31,0.336,0.026,0.026,0.000676,8.29%
Sep-25,2025-09-11T00:15:00,0.26,0.282,0.022,0.022,0.000484,8.51%
Sep-25,2025-09-11T00:30:00,0.26,0.271,0.011,0.011,0.000121,4.30%
Sep-25,2025-09-11T00:45:00,0.23,0.26,0.03,0.03,0.0009,13.21%
Sep-25,2025-09-11T01:00:00,0.23,0.247,0.017,0.017,0.000289,7.44%
Sep-25,2025-09-11T01:15:00,0.28,0.272,-0.008,0.008,0.000064,2.93%
Sep-25,2025-09-11T01:30:00,0.3,0.294,-0.006,0.006,0.000036,1.84%
Sep-25,2025-09-11T01:45:00,0.29,0.29,0,0,0,0.07%
Sep-25,2025-09-11T02:00:00,0.33,0.318,-0.012,0.012,0.000144,3.69%
Sep-25,2025-09-11T02:15:00,0.36,0.358,-0.002,0.002,0.000004,0.62%
Sep-25,2025-09-11T02:30:00,0.27,0.31,0.04,0.04,0.0016,14.69%
Sep-25,2025-09-11T02:45:00,0.29,0.285,-0.005,0.005,0.000025,1.81%
Sep-25,2025-09-11T03:00:00,0.31,0.302,-0.008,0.008,0.000064,2.50%
Sep-25,2025-09-11T03:15:00,0.31,0.309,-0.001,0.001,0.000001,0.39%
Sep-25,2025-09-11T03:30:00,0.29,0.295,0.005,0.005,0.000025,1.74%
Sep-25,2025-09-11T03:45:00,0.23,0.261,0.031,0.031,0.000961,13.63%
Sep-25,2025-09-11T04:00:00,0.26,0.258,-0.002,0.002,0.000004,0.72%
Sep-25,2025-09-11T04:15:00,0.32,0.306,-0.014,0.014,0.000196,4.34%
Sep-25,2025-09-11T04:30:00,1.66,1.618,-0.042,0.042,0.001764,2.54%
Sep-25,2025-09-11T04:45:00,0.36,0.344,-0.016,0.016,0.000256,4.54%
Sep-25,2025-09-11T05:00:00,0.32,0.319,-0.001,0.001,0.000001,0.30%
Sep-25,2025-09-11T05:15:00,2.22,2.279,0.059,0.059,0.003481,2.67%
Sep-25,2025-09-11T05:30:00,0.31,0.3,-0.01,0.01,0.0001,3.23%
Sep-25,2025-09-11T05:45:00,0.3,0.311,0.011,0.011,0.000121,3.77%
Sep-25,2025-09-11T06:00:00,0.93,0.854,-0.076,0.076,0.005776,8.15%
Sep-25,2025-09-11T06:15:00,0.31,0.316,0.006,0.006,0.000036,1.83%
Sep-25,2025-09-11T06:30:00,0.28,0.297,0.017,0.017,0.000289,6.08%
Sep-25,2025-09-11T06:45:00,0.24,0.262,0.022,0.022,0.000484,9.21%
Sep-25,2025-09-11T07:00:00,0.2,0.277,0.077,0.077,0.005929,38.29%
Sep-25,2025-09-11T07:15:00,0.94,0.921,-0.019,0.019,0.000361,1.99%
Sep-25,2025-09-11T07:30:00,2.83,2.715,-0.115,0.115,0.013225,4.05%
Sep-25,2025-09-11T07:45:00,1.27,0.995,-0.275,0.275,0.075625,21.65%
Sep-25,2025-09-11T08:00:00,1.28,0.854,-0.426,0.426,0.181476,33.26%
Sep-25,2025-09-11T08:15:00,0.56,0.592,0.032,0.032,0.001024,5.72%
Sep-25,2025-09-11T08:30:00,0.72,0.493,-0.227,0.227,0.051529,31.52%
Sep-25,2025-09-11T08:45:00,0.78,0.678,-0.102,0.102,0.010404,13.09%
Sep-25,2025-09-11T09:00:00,1.99,1.251,-0.739,0.739,0.546121,37.16%
Sep-25,2025-09-11T09:15:00,1.44,0.969,-0.471,0.471,0.221841,32.74%
Sep-25,2025-09-11T09:30:00,3.02,1.833,-1.187,1.187,1.408969,39.29%
Sep-25,2025-09-11T09:45:00,1.95,1.702,-0.248,0.248,0.061504,12.72%
Sep-25,2025-09-11T10:00:00,2.11,2.106,-0.004,0.004,0.000016,0.19%
Sep-25,2025-09-11T10:15:00,1.56,1.562,0.002,0.002,0.000004,0.11%
Sep-25,2025-09-11T10:30:00,0.23,0.886,0.656,0.656,0.430336,285.27%
Sep-25,2025-09-11T10:45:00,1.34,1.382,0.042,0.042,0.001764,3.17%
Sep-25,2025-09-11T11:00:00,1.74,1.755,0.015,0.015,0.000225,0.87%
Sep-25,2025-09-11T11:15:00,1.79,1.853,0.063,0.063,0.003969,3.51%
Sep-25,2025-09-11T11:30:00,1.84,2.164,0.324,0.324,0.104976,17.61%
Sep-25,2025-09-11T11:45:00,1.81,2.9,1.09,1.09,1.1881,60.19%
Sep-25,2025-09-11T12:00:00,2.82,1.738,-1.082,1.082,1.170724,38.36%
Sep-25,2025-09-11T12:15:00,2.52,2.495,-0.025,0.025,0.000625,1%
Sep-25,2025-09-11T12:30:00,2.32,2.266,-0.054,0.054,0.002916,2.35%
Sep-25,2025-09-11T12:45:00,2.41,1.59,-0.82,0.82,0.6724,34.01%
Sep-25,2025-09-11T13:00:00,2.87,2.753,-0.117,0.117,0.013689,4.09%
Sep-25,2025-09-11T13:15:00,2.78,3.145,0.365,0.365,0.133225,13.13%
Sep-25,2025-09-11T13:30:00,2.35,1.271,-1.079,1.079,1.164241,45.92%
Sep-25,2025-09-11T13:45:00,0.47,1.358,0.888,0.888,0.788544,188.89%
Sep-25,2025-09-11T14:00:00,0.37,0.34,-0.03,0.03,0.0009,8.10%
Sep-25,2025-09-11T14:15:00,1.63,0.477,-1.153,1.153,1.329409,70.74%
Sep-25,2025-09-11T14:30:00,0.37,0.836,0.466,0.466,0.217156,125.95%
Sep-25,2025-09-11T14:45:00,0.99,1.18,0.19,0.19,0.0361,19.21%
Sep-25,2025-09-11T15:00:00,0.97,0.613,-0.357,0.357,0.127449,36.80%
Sep-25,2025-09-11T15:15:00,0.35,0.841,0.491,0.491,0.241081,140.24%
Sep-25,2025-09-11T15:30:00,0.32,0.412,0.092,0.092,0.008464,28.63%
Sep-25,2025-09-11T15:45:00,0.93,0.317,-0.613,0.613,0.375769,65.95%
Sep-25,2025-09-11T16:00:00,0.28,0.57,0.29,0.29,0.0841,103.61%
Sep-25,2025-09-11T16:15:00,0.23,0.303,0.073,0.073,0.005329,31.54%
Sep-25,2025-09-11T16:30:00,0.2,0.237,0.037,0.037,0.001369,18.54%
Sep-25,2025-09-11T16:45:00,0.18,0.342,0.162,0.162,0.026244,89.80%
Sep-25,2025-09-11T17:00:00,0.22,0.208,-0.012,0.012,0.000144,5.66%
Sep-25,2025-09-11T17:15:00,0.22,0.234,0.014,0.014,0.000196,6.24%
Sep-25,2025-09-11T17:30:00,0.22,0.225,0.005,0.005,0.000025,2.49%
Sep-25,2025-09-11T17:45:00,0.22,0.221,0.001,0.001,0.000001,0.33%
Sep-25,2025-09-11T18:00:00,0.21,0.236,0.026,0.026,0.000676,12.37%
Sep-25,2025-09-11T18:15:00,0.19,0.237,0.047,0.047,0.002209,24.62%
Sep-25,2025-09-11T18:30:00,1.15,1.205,0.055,0.055,0.003025,4.79%
Sep-25,2025-09-11T18:45:00,0.85,0.796,-0.054,0.054,0.002916,6.33%
Sep-25,2025-09-11T19:00:00,0.45,0.469,0.019,0.019,0.000361,4.19%
Sep-25,2025-09-11T19:15:00,0.53,0.531,0.001,0.001,0.000001,0.28%
Sep-25,2025-09-11T19:30:00,0.52,0.539,0.019,0.019,0.000361,3.61%
Sep-25,2025-09-11T19:45:00,0.49,0.495,0.005,0.005,0.000025,1.05%
Sep-25,2025-09-11T20:00:00,0.47,0.499,0.029,0.029,0.000841,6.24%
Sep-25,2025-09-11T20:15:00,0.6,0.56,-0.04,0.04,0.0016,6.67%
Sep-25,2025-09-11T20:30:00,0.66,0.632,-0.028,0.028,0.000784,4.28%
Sep-25,2025-09-11T20:45:00,0.46,0.475,0.015,0.015,0.000225,3.17%
Sep-25,2025-09-11T21:00:00,0.32,0.337,0.017,0.017,0.000289,5.25%
Sep-25,2025-09-11T21:15:00,0.41,0.389,-0.021,0.021,0.000441,5.11%
Sep-25,2025-09-11T21:30:00,0.44,0.409,-0.031,0.031,0.000961,7.09%
Sep-25,2025-09-11T21:45:00,1.14,1.136,-0.004,0.004,0.000016,0.33%
Sep-25,2025-09-11T22:00:00,0.65,0.606,-0.044,0.044,0.001936,6.74%
Sep-25,2025-09-11T22:15:00,0.63,0.626,-0.004,0.004,0.000016,0.68%
Sep-25,2025-09-11T22:30:00,0.64,0.629,-0.011,0.011,0.000121,1.71%
Sep-25,2025-09-11T22:45:00,0.57,0.574,0.004,0.004,0.000016,0.70%
Sep-25,2025-09-11T23:00:00,0.51,0.548,0.038,0.038,0.001444,7.49%
Sep-25,2025-09-11T23:15:00,0.41,0.415,0.005,0.005,0.000025,1.18%
Sep-25,2025-09-11T23:30:00,0.34,0.329,-0.011,0.011,0.000121,3.36%
Sep-25,2025-09-11T23:45:00,0.33,0.325,-0.005,0.005,0.000025,1.61%
Sep-25,2025-09-12T00:00:00,0.33,0.32,-0.01,0.01,0.0001,2.89%
Sep-25,2025-09-12T00:15:00,0.33,0.338,0.008,0.008,0.000064,2.47%
Sep-25,2025-09-12T00:30:00,0.31,0.323,0.013,0.013,0.000169,4.06%
Sep-25,2025-09-12T00:45:00,0.31,0.303,-0.007,0.007,0.000049,2.12%
Sep-25,2025-09-12T01:00:00,0.34,0.319,-0.021,0.021,0.000441,6.13%
Sep-25,2025-09-12T01:15:00,0.34,0.337,-0.003,0.003,0.000009,0.76%
Sep-25,2025-09-12T01:30:00,0.33,0.337,0.007,0.007,0.000049,1.99%
Sep-25,2025-09-12T01:45:00,0.33,0.331,0.001,0.001,0.000001,0.42%
Sep-25,2025-09-12T02:00:00,0.29,0.312,0.022,0.022,0.000484,7.72%
Sep-25,2025-09-12T02:15:00,0.25,0.258,0.008,0.008,0.000064,3.05%
Sep-25,2025-09-12T02:30:00,0.28,0.277,-0.003,0.003,0.000009,1.24%
Sep-25,2025-09-12T02:45:00,0.29,0.287,-0.003,0.003,0.000009,0.99%
Sep-25,2025-09-12T03:00:00,0.29,0.282,-0.008,0.008,0.000064,2.79%
Sep-25,2025-09-12T03:15:00,0.28,0.282,0.002,0.002,0.000004,0.68%
Sep-25,2025-09-12T03:30:00,0.28,0.281,0.001,0.001,0.000001,0.20%
Sep-25,2025-09-12T03:45:00,0.25,0.257,0.007,0.007,0.000049,2.63%
Sep-25,2025-09-12T04:00:00,0.29,0.285,-0.005,0.005,0.000025,1.89%
Sep-25,2025-09-12T04:15:00,0.34,0.322,-0.018,0.018,0.000324,5.30%
Sep-25,2025-09-12T04:30:00,0.99,1.11,0.12,0.12,0.0144,12.17%
Sep-25,2025-09-12T04:45:00,0.99,1.02,0.03,0.03,0.0009,3.07%
Sep-25,2025-09-12T05:00:00,0.35,0.352,0.002,0.002,0.000004,0.63%
Sep-25,2025-09-12T05:15:00,2.25,2.241,-0.009,0.009,0.000081,0.38%
Sep-25,2025-09-12T05:30:00,0.32,0.326,0.006,0.006,0.000036,1.90%
Sep-25,2025-09-12T05:45:00,1.09,0.998,-0.092,0.092,0.008464,8.46%
Sep-25,2025-09-12T06:00:00,0.35,0.342,-0.008,0.008,0.000064,2.24%
Sep-25,2025-09-12T06:15:00,1.66,1.642,-0.018,0.018,0.000324,1.08%
Sep-25,2025-09-12T06:30:00,1.78,1.837,0.057,0.057,0.003249,3.23%
Sep-25,2025-09-12T06:45:00,1.14,1.131,-0.009,0.009,0.000081,0.80%
Sep-25,2025-09-12T07:00:00,1.01,1.045,0.035,0.035,0.001225,3.46%
Sep-25,2025-09-12T07:15:00,0.38,0.354,-0.026,0.026,0.000676,6.84%
Sep-25,2025-09-12T07:30:00,1.36,1.617,0.257,0.257,0.066049,18.90%
Sep-25,2025-09-12T07:45:00,1.65,1.734,0.084,0.084,0.007056,5.10%
Sep-25,2025-09-12T08:00:00,0.57,0.688,0.118,0.118,0.013924,20.63%
Sep-25,2025-09-12T08:15:00,0.65,0.653,0.003,0.003,0.000009,0.48%
Sep-25,2025-09-12T08:30:00,0.55,0.47,-0.08,0.08,0.0064,14.46%
Sep-25,2025-09-12T08:45:00,1.84,0.8,-1.04,1.04,1.0816,56.50%
Sep-25,2025-09-12T09:00:00,1.15,0.8,-0.35,0.35,0.1225,30.44%
Sep-25,2025-09-12T09:15:00,1.2,0.799,-0.401,0.401,0.160801,33.41%
Sep-25,2025-09-12T09:30:00,2.34,1.519,-0.821,0.821,0.674041,35.10%
Sep-25,2025-09-12T09:45:00,2.35,2.971,0.621,0.621,0.385641,26.42%
Sep-25,2025-09-12T10:00:00,2.07,3.019,0.949,0.949,0.900601,45.83%
Sep-25,2025-09-12T10:15:00,2.33,1.596,-0.734,0.734,0.538756,31.50%
Sep-25,2025-09-12T10:30:00,0.33,0.751,0.421,0.421,0.177241,127.71%
Sep-25,2025-09-12T10:45:00,1.25,1.726,0.476,0.476,0.226576,38.10%
Sep-25,2025-09-12T11:00:00,1.63,1.598,-0.032,0.032,0.001024,1.95%
Sep-25,2025-09-12T11:15:00,1.86,2.443,0.583,0.583,0.339889,31.35%
Sep-25,2025-09-12T11:30:00,1.97,1.474,-0.496,0.496,0.246016,25.19%
Sep-25,2025-09-12T11:45:00,1.89,2.01,0.12,0.12,0.0144,6.37%
Sep-25,2025-09-12T12:00:00,1.88,2.156,0.276,0.276,0.076176,14.70%
Sep-25,2025-09-12T12:15:00,3.09,2.19,-0.9,0.9,0.81,29.13%
Sep-25,2025-09-12T12:30:00,2.34,2.193,-0.147,0.147,0.021609,6.28%
Sep-25,2025-09-12T12:45:00,2.07,2.9,0.83,0.83,0.6889,40.08%
Sep-25,2025-09-12T13:00:00,2.28,2.619,0.339,0.339,0.114921,14.87%
Sep-25,2025-09-12T13:15:00,2.49,2.904,0.414,0.414,0.171396,16.62%
Sep-25,2025-09-12T13:30:00,2.54,3.002,0.462,0.462,0.213444,18.18%
Sep-25,2025-09-12T13:45:00,2.65,2.775,0.125,0.125,0.015625,4.72%
Sep-25,2025-09-12T14:00:00,2.98,2.897,-0.083,0.083,0.006889,2.79%
Sep-25,2025-09-12T14:15:00,0.26,1.097,0.837,0.837,0.700569,322.09%
Sep-25,2025-09-12T14:30:00,0.23,0.372,0.142,0.142,0.020164,61.65%
Sep-25,2025-09-12T14:45:00,0.2,0.279,0.079,0.079,0.006241,39.57%
Sep-25,2025-09-12T15:00:00,0.2,0.206,0.006,0.006,0.000036,3.03%
Sep-25,2025-09-12T15:15:00,0.16,0.255,0.095,0.095,0.009025,59.69%
Sep-25,2025-09-12T15:30:00,0.47,0.146,-0.324,0.324,0.104976,69.01%
Sep-25,2025-09-12T15:45:00,0.97,0.431,-0.539,0.539,0.290521,55.55%
Sep-25,2025-09-12T16:00:00,0.55,0.365,-0.185,0.185,0.034225,33.72%
Sep-25,2025-09-12T16:15:00,0.53,0.328,-0.202,0.202,0.040804,38.19%
Sep-25,2025-09-12T16:30:00,0.56,0.495,-0.065,0.065,0.004225,11.69%
Sep-25,2025-09-12T16:45:00,0.18,0.357,0.177,0.177,0.031329,98.56%
Sep-25,2025-09-12T17:00:00,0.23,0.243,0.013,0.013,0.000169,5.85%
Sep-25,2025-09-12T17:15:00,0.24,0.253,0.013,0.013,0.000169,5.31%
Sep-25,2025-09-12T17:30:00,0.24,0.234,-0.006,0.006,0.000036,2.65%
Sep-25,2025-09-12T17:45:00,0.23,0.24,0.01,0.01,0.0001,4.51%
Sep-25,2025-09-12T18:00:00,0.21,0.224,0.014,0.014,0.000196,6.58%
Sep-25,2025-09-12T18:15:00,0.2,0.233,0.033,0.033,0.001089,16.29%
Sep-25,2025-09-12T18:30:00,0.19,0.245,0.055,0.055,0.003025,28.69%
Sep-25,2025-09-12T18:45:00,0.24,0.25,0.01,0.01,0.0001,4.16%
Sep-25,2025-09-12T19:00:00,0.8,0.753,-0.047,0.047,0.002209,5.83%
Sep-25,2025-09-12T19:15:00,0.6,0.621,0.021,0.021,0.000441,3.48%
Sep-25,2025-09-12T19:30:00,0.65,0.68,0.03,0.03,0.0009,4.65%
Sep-25,2025-09-12T19:45:00,0.62,0.667,0.047,0.047,0.002209,7.62%
Sep-25,2025-09-12T20:00:00,0.68,0.687,0.007,0.007,0.000049,1%
Sep-25,2025-09-12T20:15:00,0.76,0.763,0.003,0.003,0.000009,0.33%
Sep-25,2025-09-12T20:30:00,0.91,0.953,0.043,0.043,0.001849,4.68%
Sep-25,2025-09-12T20:45:00,0.75,0.71,-0.04,0.04,0.0016,5.30%
Sep-25,2025-09-12T21:00:00,1.53,1.485,-0.045,0.045,0.002025,2.92%
Sep-25,2025-09-12T21:15:00,1.66,1.692,0.032,0.032,0.001024,1.95%
Sep-25,2025-09-12T21:30:00,1.75,1.768,0.018,0.018,0.000324,1%
Sep-25,2025-09-12T21:45:00,1.74,1.694,-0.046,0.046,0.002116,2.65%
Sep-25,2025-09-12T22:00:00,1.81,1.771,-0.039,0.039,0.001521,2.16%
Sep-25,2025-09-12T22:15:00,1.38,1.187,-0.193,0.193,0.037249,13.97%
Sep-25,2025-09-12T22:30:00,0.65,0.695,0.045,0.045,0.002025,6.94%
Sep-25,2025-09-12T22:45:00,0.84,0.812,-0.028,0.028,0.000784,3.28%
Sep-25,2025-09-12T23:00:00,0.52,0.519,-0.001,0.001,0.000001,0.14%
Sep-25,2025-09-12T23:15:00,0.51,0.492,-0.018,0.018,0.000324,3.58%
Sep-25,2025-09-12T23:30:00,0.43,0.433,0.003,0.003,0.000009,0.81%
Sep-25,2025-09-12T23:45:00,0.26,0.304,0.044,0.044,0.001936,17.02%
Sep-25,2025-09-13T00:00:00,0.28,0.275,-0.005,0.005,0.000025,1.72%
Sep-25,2025-09-13T00:15:00,0.28,0.279,-0.001,0.001,0.000001,0.24%
Sep-25,2025-09-13T00:30:00,0.26,0.267,0.007,0.007,0.000049,2.87%
Sep-25,2025-09-13T00:45:00,0.25,0.246,-0.004,0.004,0.000016,1.70%
Sep-25,2025-09-13T01:00:00,0.23,0.249,0.019,0.019,0.000361,8.36%
Sep-25,2025-09-13T01:15:00,0.22,0.238,0.018,0.018,0.000324,8.17%
Sep-25,2025-09-13T01:30:00,0.26,0.25,-0.01,0.01,0.0001,4%
Sep-25,2025-09-13T01:45:00,0.99,1.072,0.082,0.082,0.006724,8.27%
Sep-25,2025-09-13T02:00:00,0.27,0.287,0.017,0.017,0.000289,6.13%
Sep-25,2025-09-13T02:15:00,0.98,0.919,-0.061,0.061,0.003721,6.20%
Sep-25,2025-09-13T02:30:00,0.26,0.279,0.019,0.019,0.000361,7.17%
Sep-25,2025-09-13T02:45:00,0.24,0.266,0.026,0.026,0.000676,10.80%
Sep-25,2025-09-13T03:00:00,0.27,0.27,0,0,0,0.03%
Sep-25,2025-09-13T03:15:00,0.33,0.308,-0.022,0.022,0.000484,6.68%
Sep-25,2025-09-13T03:30:00,1,1.145,0.145,0.145,0.021025,14.53%
Sep-25,2025-09-13T03:45:00,1.04,1.053,0.013,0.013,0.000169,1.23%
Sep-25,2025-09-13T04:00:00,0.4,0.389,-0.011,0.011,0.000121,2.87%
Sep-25,2025-09-13T04:15:00,1.11,1.05,-0.06,0.06,0.0036,5.44%
Sep-25,2025-09-13T04:30:00,0.4,0.365,-0.035,0.035,0.001225,8.79%
Sep-25,2025-09-13T04:45:00,1.66,1.727,0.067,0.067,0.004489,4.03%
Sep-25,2025-09-13T05:00:00,0.44,0.437,-0.003,0.003,0.000009,0.63%
Sep-25,2025-09-13T05:15:00,1.02,1.069,0.049,0.049,0.002401,4.85%
Sep-25,2025-09-13T05:30:00,1.68,1.735,0.055,0.055,0.003025,3.25%
Sep-25,2025-09-13T05:45:00,0.3,0.302,0.002,0.002,0.000004,0.67%
Sep-25,2025-09-13T06:00:00,1.77,1.526,-0.244,0.244,0.059536,13.78%
Sep-25,2025-09-13T06:15:00,0.34,0.321,-0.019,0.019,0.000361,5.71%
Sep-25,2025-09-13T06:30:00,0.43,0.42,-0.01,0.01,0.0001,2.24%
Sep-25,2025-09-13T06:45:00,0.41,0.405,-0.005,0.005,0.000025,1.19%
Sep-25,2025-09-13T07:00:00,1.1,1.028,-0.072,0.072,0.005184,6.58%
Sep-25,2025-09-13T07:15:00,1.06,1.201,0.141,0.141,0.019881,13.32%
Sep-25,2025-09-13T07:30:00,0.31,0.341,0.031,0.031,0.000961,10%
Sep-25,2025-09-13T07:45:00,0.33,0.36,0.03,0.03,0.0009,8.95%
Sep-25,2025-09-13T08:00:00,0.38,0.447,0.067,0.067,0.004489,17.51%
Sep-25,2025-09-13T08:15:00,0.41,0.5,0.09,0.09,0.0081,21.92%
Sep-25,2025-09-13T08:30:00,1.62,0.547,-1.073,1.073,1.151329,66.23%
Sep-25,2025-09-13T08:45:00,0.26,0.732,0.472,0.472,0.222784,181.45%
Sep-25,2025-09-13T09:00:00,0.29,0.579,0.289,0.289,0.083521,99.61%
Sep-25,2025-09-13T09:15:00,0.24,1.039,0.799,0.799,0.638401,333.11%
Sep-25,2025-09-13T09:30:00,2.4,2.651,0.251,0.251,0.063001,10.47%
Sep-25,2025-09-13T09:45:00,0.32,0.791,0.471,0.471,0.221841,147.14%
Sep-25,2025-09-13T10:00:00,0.44,1.836,1.396,1.396,1.948816,317.31%
Sep-25,2025-09-13T10:15:00,0.32,1.075,0.755,0.755,0.570025,235.85%
Sep-25,2025-09-13T10:30:00,0.24,0.6,0.36,0.36,0.1296,149.94%
Sep-25,2025-09-13T10:45:00,1.45,1.808,0.358,0.358,0.128164,24.71%
Sep-25,2025-09-13T11:00:00,2.26,2.586,0.326,0.326,0.106276,14.45%
Sep-25,2025-09-13T11:15:00,2.39,2.608,0.218,0.218,0.047524,9.12%
Sep-25,2025-09-13T11:30:00,2.5,2.401,-0.099,0.099,0.009801,3.94%
Sep-25,2025-09-13T11:45:00,2.95,2.523,-0.427,0.427,0.182329,14.49%
Sep-25,2025-09-13T12:00:00,3.39,2.796,-0.594,0.594,0.352836,17.51%
Sep-25,2025-09-13T12:15:00,3.62,3.297,-0.323,0.323,0.104329,8.92%
Sep-25,2025-09-13T12:30:00,2.97,1.599,-1.371,1.371,1.879641,46.16%
Sep-25,2025-09-13T12:45:00,2.41,2.012,-0.398,0.398,0.158404,16.50%
Sep-25,2025-09-13T13:00:00,2.66,2.874,0.214,0.214,0.045796,8.05%
Sep-25,2025-09-13T13:15:00,3.04,2.982,-0.058,0.058,0.003364,1.90%
Sep-25,2025-09-13T13:30:00,2.59,2.723,0.133,0.133,0.017689,5.15%
Sep-25,2025-09-13T13:45:00,3.17,3.504,0.334,0.334,0.111556,10.54%
Sep-25,2025-09-13T14:00:00,2.45,2.429,-0.021,0.021,0.000441,0.86%
Sep-25,2025-09-13T14:15:00,2.77,2.055,-0.715,0.715,0.511225,25.79%
Sep-25,2025-09-13T14:30:00,2.06,2.327,0.267,0.267,0.071289,12.98%
Sep-25,2025-09-13T14:45:00,0.27,0.493,0.223,0.223,0.049729,82.43%
Sep-25,2025-09-13T15:00:00,0.27,0.507,0.237,0.237,0.056169,87.94%
Sep-25,2025-09-13T15:15:00,0.27,0.532,0.262,0.262,0.068644,97%
Sep-25,2025-09-13T15:30:00,0.26,0.341,0.081,0.081,0.006561,31.19%
Sep-25,2025-09-13T15:45:00,1.05,0.468,-0.582,0.582,0.338724,55.43%
Sep-25,2025-09-13T16:00:00,0.24,0.41,0.17,0.17,0.0289,70.86%
Sep-25,2025-09-13T16:15:00,0.24,0.32,0.08,0.08,0.0064,33.27%
Sep-25,2025-09-13T16:30:00,0.21,0.328,0.118,0.118,0.013924,56.22%
Sep-25,2025-09-13T16:45:00,0.21,0.338,0.128,0.128,0.016384,60.96%
Sep-25,2025-09-13T17:00:00,0.21,0.276,0.066,0.066,0.004356,31.24%
Sep-25,2025-09-13T17:15:00,0.24,0.237,-0.003,0.003,0.000009,1.27%
Sep-25,2025-09-13T17:30:00,0.24,0.252,0.012,0.012,0.000144,4.81%
Sep-25,2025-09-13T17:45:00,0.22,0.235,0.015,0.015,0.000225,6.80%
Sep-25,2025-09-13T18:00:00,0.21,0.241,0.031,0.031,0.000961,14.84%
Sep-25,2025-09-13T18:15:00,0.19,0.224,0.034,0.034,0.001156,18%
Sep-25,2025-09-13T18:30:00,0.19,0.218,0.028,0.028,0.000784,14.94%
Sep-25,2025-09-13T18:45:00,1.55,1.489,-0.061,0.061,0.003721,3.94%
Sep-25,2025-09-13T19:00:00,0.67,0.649,-0.021,0.021,0.000441,3.15%
Sep-25,2025-09-13T19:15:00,0.69,0.688,-0.002,0.002,0.000004,0.32%
Sep-25,2025-09-13T19:30:00,0.61,0.621,0.011,0.011,0.000121,1.84%
Sep-25,2025-09-13T19:45:00,0.41,0.422,0.012,0.012,0.000144,2.82%
Sep-25,2025-09-13T20:00:00,0.37,0.362,-0.008,0.008,0.000064,2.17%
Sep-25,2025-09-13T20:15:00,0.36,0.35,-0.01,0.01,0.0001,2.79%
Sep-25,2025-09-13T20:30:00,0.3,0.324,0.024,0.024,0.000576,7.91%
Sep-25,2025-09-13T20:45:00,0.29,0.293,0.003,0.003,0.000009,1.01%
Sep-25,2025-09-13T21:00:00,0.28,0.282,0.002,0.002,0.000004,0.65%
Sep-25,2025-09-13T21:15:00,0.27,0.27,0,0,0,0.12%
Sep-25,2025-09-13T21:30:00,0.29,0.286,-0.004,0.004,0.000016,1.48%
Sep-25,2025-09-13T21:45:00,0.39,0.404,0.014,0.014,0.000196,3.58%
Sep-25,2025-09-13T22:00:00,0.4,0.418,0.018,0.018,0.000324,4.42%
Sep-25,2025-09-13T22:15:00,0.39,0.385,-0.005,0.005,0.000025,1.19%
Sep-25,2025-09-13T22:30:00,0.38,0.372,-0.008,0.008,0.000064,2.10%
Sep-25,2025-09-13T22:45:00,0.36,0.357,-0.003,0.003,0.000009,0.86%
Sep-25,2025-09-13T23:00:00,0.36,0.36,0,0,0,0.03%
Sep-25,2025-09-13T23:15:00,0.37,0.378,0.008,0.008,0.000064,2.14%
Sep-25,2025-09-13T23:30:00,0.4,0.389,-0.011,0.011,0.000121,2.78%
Sep-25,2025-09-13T23:45:00,0.38,0.383,0.003,0.003,0.000009,0.80%
Sep-25,2025-09-14T00:00:00,0.33,0.338,0.008,0.008,0.000064,2.31%
Sep-25,2025-09-14T00:15:00,0.4,0.412,0.012,0.012,0.000144,3.03%
Sep-25,2025-09-14T00:30:00,0.54,0.549,0.009,0.009,0.000081,1.72%
Sep-25,2025-09-14T00:45:00,0.26,0.315,0.055,0.055,0.003025,20.97%
Sep-25,2025-09-14T01:00:00,0.29,0.281,-0.009,0.009,0.000081,3.04%
Sep-25,2025-09-14T01:15:00,0.29,0.288,-0.002,0.002,0.000004,0.54%
Sep-25,2025-09-14T01:30:00,0.28,0.283,0.003,0.003,0.000009,0.99%
Sep-25,2025-09-14T01:45:00,0.28,0.274,-0.006,0.006,0.000036,2.21%
Sep-25,2025-09-14T02:00:00,0.28,0.282,0.002,0.002,0.000004,0.60%
Sep-25,2025-09-14T02:15:00,0.28,0.275,-0.005,0.005,0.000025,1.80%
Sep-25,2025-09-14T02:30:00,0.25,0.26,0.01,0.01,0.0001,4.13%
Sep-25,2025-09-14T02:45:00,0.27,0.271,0.001,0.001,0.000001,0.55%
Sep-25,2025-09-14T03:00:00,0.28,0.278,-0.002,0.002,0.000004,0.83%
Sep-25,2025-09-14T03:15:00,0.29,0.291,0.001,0.001,0.000001,0.29%
Sep-25,2025-09-14T03:30:00,0.32,0.306,-0.014,0.014,0.000196,4.42%
Sep-25,2025-09-14T03:45:00,0.37,0.354,-0.016,0.016,0.000256,4.21%
Sep-25,2025-09-14T04:00:00,0.37,0.374,0.004,0.004,0.000016,1.18%
Sep-25,2025-09-14T04:15:00,0.31,0.332,0.022,0.022,0.000484,6.95%
Sep-25,2025-09-14T04:30:00,0.3,0.305,0.005,0.005,0.000025,1.72%
Sep-25,2025-09-14T04:45:00,0.32,0.306,-0.014,0.014,0.000196,4.38%
Sep-25,2025-09-14T05:00:00,0.32,0.319,-0.001,0.001,0.000001,0.31%
Sep-25,2025-09-14T05:15:00,0.3,0.303,0.003,0.003,0.000009,0.87%
Sep-25,2025-09-14T05:30:00,0.26,0.271,0.011,0.011,0.000121,4.27%
Sep-25,2025-09-14T05:45:00,0.24,0.251,0.011,0.011,0.000121,4.39%
Sep-25,2025-09-14T06:00:00,0.27,0.271,0.001,0.001,0.000001,0.23%
Sep-25,2025-09-14T06:15:00,0.26,0.255,-0.005,0.005,0.000025,1.81%
Sep-25,2025-09-14T06:30:00,0.29,0.287,-0.003,0.003,0.000009,1.06%
Sep-25,2025-09-14T06:45:00,0.28,0.281,0.001,0.001,0.000001,0.45%
Sep-25,2025-09-14T07:00:00,0.27,0.279,0.009,0.009,0.000081,3.34%
Sep-25,2025-09-14T07:15:00,0.32,0.319,-0.001,0.001,0.000001,0.41%
Sep-25,2025-09-14T07:30:00,0.32,0.328,0.008,0.008,0.000064,2.56%
Sep-25,2025-09-14T07:45:00,0.3,0.296,-0.004,0.004,0.000016,1.49%
Sep-25,2025-09-14T08:00:00,0.34,0.295,-0.045,0.045,0.002025,13.11%
Sep-25,2025-09-14T08:15:00,0.35,0.251,-0.099,0.099,0.009801,28.31%
Sep-25,2025-09-14T08:30:00,0.75,0.287,-0.463,0.463,0.214369,61.74%
Sep-25,2025-09-14T08:45:00,0.5,0.585,0.085,0.085,0.007225,16.94%
Sep-25,2025-09-14T09:00:00,3.28,2.69,-0.59,0.59,0.3481,17.97%
Sep-25,2025-09-14T09:15:00,5.01,3.556,-1.454,1.454,2.114116,29.03%
Sep-25,2025-09-14T09:30:00,1.67,1.628,-0.042,0.042,0.001764,2.53%
Sep-25,2025-09-14T09:45:00,0.59,0.945,0.355,0.355,0.126025,60.25%
Sep-25,2025-09-14T10:00:00,0.38,0.783,0.403,0.403,0.162409,106.12%
Sep-25,2025-09-14T10:15:00,2.3,1.55,-0.75,0.75,0.5625,32.61%
Sep-25,2025-09-14T10:30:00,0.33,0.991,0.661,0.661,0.436921,200.19%
Sep-25,2025-09-14T10:45:00,3.05,2.323,-0.727,0.727,0.528529,23.84%
Sep-25,2025-09-14T11:00:00,1.89,2.952,1.062,1.062,1.127844,56.17%
Sep-25,2025-09-14T11:15:00,1.97,2.933,0.963,0.963,0.927369,48.90%
Sep-25,2025-09-14T11:30:00,1.9,2.69,0.79,0.79,0.6241,41.60%
Sep-25,2025-09-14T11:45:00,2.66,2.494,-0.166,0.166,0.027556,6.24%
Sep-25,2025-09-14T12:00:00,2.44,2.325,-0.115,0.115,0.013225,4.71%
Sep-25,2025-09-14T12:15:00,3.2,2.582,-0.618,0.618,0.381924,19.31%
Sep-25,2025-09-14T12:30:00,2.85,2.758,-0.092,0.092,0.008464,3.22%
Sep-25,2025-09-14T12:45:00,1.21,1.943,0.733,0.733,0.537289,60.58%
Sep-25,2025-09-14T13:00:00,0.3,1.008,0.708,0.708,0.501264,235.89%
Sep-25,2025-09-14T13:15:00,0.25,0.482,0.232,0.232,0.053824,92.61%
Sep-25,2025-09-14T13:30:00,0.25,0.509,0.259,0.259,0.067081,103.58%
Sep-25,2025-09-14T13:45:00,0.23,0.639,0.409,0.409,0.167281,177.65%
Sep-25,2025-09-14T14:00:00,1.72,0.469,-1.251,1.251,1.565001,72.76%
Sep-25,2025-09-14T14:15:00,0.25,1.128,0.878,0.878,0.770884,351.28%
Sep-25,2025-09-14T14:30:00,0.24,0.531,0.291,0.291,0.084681,121.24%
Sep-25,2025-09-14T14:45:00,0.22,0.412,0.192,0.192,0.036864,87.22%
Sep-25,2025-09-14T15:00:00,0.21,0.364,0.154,0.154,0.023716,73.19%
Sep-25,2025-09-14T15:15:00,0.2,0.195,-0.005,0.005,0.000025,2.36%
Sep-25,2025-09-14T15:30:00,0.23,0.275,0.045,0.045,0.002025,19.70%
Sep-25,2025-09-14T15:45:00,0.22,0.238,0.018,0.018,0.000324,8.27%
Sep-25,2025-09-14T16:00:00,0.21,0.267,0.057,0.057,0.003249,27.19%
Sep-25,2025-09-14T16:15:00,0.21,0.254,0.044,0.044,0.001936,21.17%
Sep-25,2025-09-14T16:30:00,0.2,0.244,0.044,0.044,0.001936,21.85%
Sep-25,2025-09-14T16:45:00,0.18,0.233,0.053,0.053,0.002809,29.63%
Sep-25,2025-09-14T17:00:00,0.23,0.261,0.031,0.031,0.000961,13.35%
Sep-25,2025-09-14T17:15:00,0.23,0.258,0.028,0.028,0.000784,12.16%
Sep-25,2025-09-14T17:30:00,0.22,0.258,0.038,0.038,0.001444,17.13%
Sep-25,2025-09-14T17:45:00,0.22,0.231,0.011,0.011,0.000121,5.20%
Sep-25,2025-09-14T18:00:00,0.2,0.251,0.051,0.051,0.002601,25.72%
Sep-25,2025-09-14T18:15:00,1.27,1.394,0.124,0.124,0.015376,9.78%
Sep-25,2025-09-14T18:30:00,2.84,2.856,0.016,0.016,0.000256,0.57%
Sep-25,2025-09-14T18:45:00,4.37,4.931,0.561,0.561,0.314721,12.83%
Sep-25,2025-09-14T19:00:00,1.02,1.039,0.019,0.019,0.000361,1.91%
Sep-25,2025-09-14T19:15:00,0.98,1.02,0.04,0.04,0.0016,4.11%
Sep-25,2025-09-14T19:30:00,0.98,0.927,-0.053,0.053,0.002809,5.44%
Sep-25,2025-09-14T19:45:00,2.44,2.437,-0.003,0.003,0.000009,0.11%
Sep-25,2025-09-14T20:00:00,1.39,1.365,-0.025,0.025,0.000625,1.78%
Sep-25,2025-09-14T20:15:00,0.63,0.69,0.06,0.06,0.0036,9.53%
Sep-25,2025-09-14T20:30:00,1.27,1.239,-0.031,0.031,0.000961,2.42%
Sep-25,2025-09-14T20:45:00,1.28,1.287,0.007,0.007,0.000049,0.58%
Sep-25,2025-09-14T21:00:00,0.6,0.639,0.039,0.039,0.001521,6.52%
Sep-25,2025-09-14T21:15:00,0.54,0.519,-0.021,0.021,0.000441,3.91%
Sep-25,2025-09-14T21:30:00,0.43,0.414,-0.016,0.016,0.000256,3.65%
Sep-25,2025-09-14T21:45:00,0.45,0.412,-0.038,0.038,0.001444,8.51%
Sep-25,2025-09-14T22:00:00,0.4,0.406,0.006,0.006,0.000036,1.45%
Sep-25,2025-09-14T22:15:00,0.35,0.344,-0.006,0.006,0.000036,1.74%
Sep-25,2025-09-14T22:30:00,0.27,0.308,0.038,0.038,0.001444,14.02%
Sep-25,2025-09-14T22:45:00,0.36,0.334,-0.026,0.026,0.000676,7.19%
Sep-25,2025-09-14T23:00:00,0.52,0.513,-0.007,0.007,0.000049,1.38%
Sep-25,2025-09-14T23:15:00,0.51,0.501,-0.009,0.009,0.000081,1.67%
Sep-25,2025-09-14T23:30:00,0.53,0.507,-0.023,0.023,0.000529,4.39%
Sep-25,2025-09-14T23:45:00,0.35,0.35,0,0,0,0.06%
Sep-25,2025-09-15T00:00:00,0.28,0.29,0.01,0.01,0.0001,3.66%
Sep-25,2025-09-15T00:15:00,0.28,0.281,0.001,0.001,0.000001,0.37%
Sep-25,2025-09-15T00:30:00,0.28,0.285,0.005,0.005,0.000025,1.77%
Sep-25,2025-09-15T00:45:00,0.27,0.268,-0.002,0.002,0.000004,0.59%
Sep-25,2025-09-15T01:00:00,0.27,0.265,-0.005,0.005,0.000025,1.69%
Sep-25,2025-09-15T01:15:00,0.23,0.247,0.017,0.017,0.000289,7.28%
Sep-25,2025-09-15T01:30:00,0.23,0.236,0.006,0.006,0.000036,2.61%
Sep-25,2025-09-15T01:45:00,0.28,0.262,-0.018,0.018,0.000324,6.25%
Sep-25,2025-09-15T02:00:00,0.31,0.299,-0.011,0.011,0.000121,3.59%
Sep-25,2025-09-15T02:15:00,0.29,0.292,0.002,0.002,0.000004,0.61%
Sep-25,2025-09-15T02:30:00,0.23,0.257,0.027,0.027,0.000729,11.64%
Sep-25,2025-09-15T02:45:00,0.23,0.243,0.013,0.013,0.000169,5.77%
Sep-25,2025-09-15T03:00:00,0.24,0.238,-0.002,0.002,0.000004,0.86%
Sep-25,2025-09-15T03:15:00,0.27,0.263,-0.007,0.007,0.000049,2.74%
Sep-25,2025-09-15T03:30:00,0.28,0.273,-0.007,0.007,0.000049,2.43%
Sep-25,2025-09-15T03:45:00,0.27,0.272,0.002,0.002,0.000004,0.60%
Sep-25,2025-09-15T04:00:00,1.11,1.162,0.052,0.052,0.002704,4.72%
Sep-25,2025-09-15T04:15:00,1.11,1.144,0.034,0.034,0.001156,3.02%
Sep-25,2025-09-15T04:30:00,1.75,1.766,0.016,0.016,0.000256,0.91%
Sep-25,2025-09-15T04:45:00,0.37,0.351,-0.019,0.019,0.000361,5.06%
Sep-25,2025-09-15T05:00:00,0.51,0.475,-0.035,0.035,0.001225,6.84%
Sep-25,2025-09-15T05:15:00,2.31,2.411,0.101,0.101,0.010201,4.39%
Sep-25,2025-09-15T05:30:00,1.09,1.081,-0.009,0.009,0.000081,0.83%
Sep-25,2025-09-15T05:45:00,0.33,0.329,-0.001,0.001,0.000001,0.22%
Sep-25,2025-09-15T06:00:00,0.27,0.286,0.016,0.016,0.000256,6.01%
Sep-25,2025-09-15T06:15:00,0.89,0.827,-0.063,0.063,0.003969,7.08%
Sep-25,2025-09-15T06:30:00,0.29,0.303,0.013,0.013,0.000169,4.54%
Sep-25,2025-09-15T06:45:00,0.29,0.29,0,0,0,0.14%
Sep-25,2025-09-15T07:00:00,0.26,0.284,0.024,0.024,0.000576,9.36%
Sep-25,2025-09-15T07:15:00,0.48,0.434,-0.046,0.046,0.002116,9.51%
Sep-25,2025-09-15T07:30:00,1.14,1.112,-0.028,0.028,0.000784,2.42%
Sep-25,2025-09-15T07:45:00,2.54,2.34,-0.2,0.2,0.04,7.88%
Sep-25,2025-09-15T08:00:00,2.67,2.499,-0.171,0.171,0.029241,6.40%
Sep-25,2025-09-15T08:15:00,1.22,0.855,-0.365,0.365,0.133225,29.90%
Sep-25,2025-09-15T08:30:00,1.91,1.846,-0.064,0.064,0.004096,3.33%
Sep-25,2025-09-15T08:45:00,0.35,0.806,0.456,0.456,0.207936,130.30%
Sep-25,2025-09-15T09:00:00,0.43,0.902,0.472,0.472,0.222784,109.85%
Sep-25,2025-09-15T09:15:00,0.89,0.807,-0.083,0.083,0.006889,9.36%
Sep-25,2025-09-15T09:30:00,1.85,1.212,-0.638,0.638,0.407044,34.48%
Sep-25,2025-09-15T09:45:00,1.09,1.197,0.107,0.107,0.011449,9.79%
Sep-25,2025-09-15T10:00:00,1.61,1.439,-0.171,0.171,0.029241,10.64%
Sep-25,2025-09-15T10:15:00,0.38,1.208,0.828,0.828,0.685584,218.01%
Sep-25,2025-09-15T10:30:00,0.26,0.475,0.215,0.215,0.046225,82.60%
Sep-25,2025-09-15T10:45:00,1.11,1.173,0.063,0.063,0.003969,5.67%
Sep-25,2025-09-15T11:00:00,1.61,1.87,0.26,0.26,0.0676,16.15%
Sep-25,2025-09-15T11:15:00,1.6,1.929,0.329,0.329,0.108241,20.58%
Sep-25,2025-09-15T11:30:00,1.69,1.974,0.284,0.284,0.080656,16.81%
Sep-25,2025-09-15T11:45:00,1.8,1.799,-0.001,0.001,0.000001,0.05%
Sep-25,2025-09-15T12:00:00,1.77,1.938,0.168,0.168,0.028224,9.50%
Sep-25,2025-09-15T12:15:00,1.85,2.08,0.23,0.23,0.0529,12.42%
Sep-25,2025-09-15T12:30:00,1.87,2.242,0.372,0.372,0.138384,19.88%
Sep-25,2025-09-15T12:45:00,1.92,2.311,0.391,0.391,0.152881,20.36%
Sep-25,2025-09-15T13:00:00,1.99,1.901,-0.089,0.089,0.007921,4.49%
Sep-25,2025-09-15T13:15:00,3.43,2.394,-1.036,1.036,1.073296,30.21%
Sep-25,2025-09-15T13:30:00,3.03,2.745,-0.285,0.285,0.081225,9.42%
Sep-25,2025-09-15T13:45:00,3.29,2.913,-0.377,0.377,0.142129,11.46%
Sep-25,2025-09-15T14:00:00,3.6,3.132,-0.468,0.468,0.219024,12.99%
Sep-25,2025-09-15T14:15:00,1.91,1.742,-0.168,0.168,0.028224,8.79%
Sep-25,2025-09-15T14:30:00,0.27,0.664,0.394,0.394,0.155236,145.79%
Sep-25,2025-09-15T14:45:00,0.97,0.634,-0.336,0.336,0.112896,34.61%
Sep-25,2025-09-15T15:00:00,0.31,0.47,0.16,0.16,0.0256,51.51%
Sep-25,2025-09-15T15:15:00,0.33,0.343,0.013,0.013,0.000169,3.87%
Sep-25,2025-09-15T15:30:00,1.45,0.555,-0.895,0.895,0.801025,61.71%
Sep-25,2025-09-15T15:45:00,0.29,0.513,0.223,0.223,0.049729,76.87%
Sep-25,2025-09-15T16:00:00,0.28,0.385,0.105,0.105,0.011025,37.58%
Sep-25,2025-09-15T16:15:00,0.3,0.328,0.028,0.028,0.000784,9.28%
Sep-25,2025-09-15T16:30:00,1.62,0.967,-0.653,0.653,0.426409,40.29%
Sep-25,2025-09-15T16:45:00,0.92,0.947,0.027,0.027,0.000729,2.92%
Sep-25,2025-09-15T17:00:00,0.24,0.411,0.171,0.171,0.029241,71.27%
Sep-25,2025-09-15T17:15:00,0.25,0.282,0.032,0.032,0.001024,12.84%
Sep-25,2025-09-15T17:30:00,0.24,0.27,0.03,0.03,0.0009,12.42%
Sep-25,2025-09-15T17:45:00,0.24,0.269,0.029,0.029,0.000841,12.14%
Sep-25,2025-09-15T18:00:00,0.23,0.235,0.005,0.005,0.000025,2.38%
Sep-25,2025-09-15T18:15:00,2.3,2.257,-0.043,0.043,0.001849,1.87%
Sep-25,2025-09-15T18:30:00,0.64,0.645,0.005,0.005,0.000025,0.70%
Sep-25,2025-09-15T18:45:00,1.09,0.933,-0.157,0.157,0.024649,14.39%
Sep-25,2025-09-15T19:00:00,1.4,1.491,0.091,0.091,0.008281,6.48%
Sep-25,2025-09-15T19:15:00,0.69,0.696,0.006,0.006,0.000036,0.83%
Sep-25,2025-09-15T19:30:00,1.98,2.069,0.089,0.089,0.007921,4.49%
Sep-25,2025-09-15T19:45:00,3.15,3.217,0.067,0.067,0.004489,2.13%
Sep-25,2025-09-15T20:00:00,1.85,1.803,-0.047,0.047,0.002209,2.53%
Sep-25,2025-09-15T20:15:00,1.01,1.02,0.01,0.01,0.0001,1.03%
Sep-25,2025-09-15T20:30:00,1.18,1.182,0.002,0.002,0.000004,0.15%
Sep-25,2025-09-15T20:45:00,0.42,0.494,0.074,0.074,0.005476,17.59%
Sep-25,2025-09-15T21:00:00,0.41,0.391,-0.019,0.019,0.000361,4.63%
Sep-25,2025-09-15T21:15:00,0.52,0.487,-0.033,0.033,0.001089,6.34%
Sep-25,2025-09-15T21:30:00,0.57,0.563,-0.007,0.007,0.000049,1.24%
Sep-25,2025-09-15T21:45:00,1.66,1.48,-0.18,0.18,0.0324,10.83%
Sep-25,2025-09-15T22:00:00,0.35,0.312,-0.038,0.038,0.001444,10.99%
Sep-25,2025-09-15T22:15:00,1.09,0.97,-0.12,0.12,0.0144,10.98%
Sep-25,2025-09-15T22:30:00,1.05,1.017,-0.033,0.033,0.001089,3.14%
Sep-25,2025-09-15T22:45:00,0.34,0.335,-0.005,0.005,0.000025,1.50%
Sep-25,2025-09-15T23:00:00,0.33,0.327,-0.003,0.003,0.000009,1.03%
Sep-25,2025-09-15T23:15:00,0.31,0.321,0.011,0.011,0.000121,3.52%
Sep-25,2025-09-15T23:30:00,0.26,0.281,0.021,0.021,0.000441,7.91%
Sep-25,2025-09-15T23:45:00,0.3,0.293,-0.007,0.007,0.000049,2.21%
Sep-25,2025-09-16T00:00:00,0.31,0.306,-0.004,0.004,0.000016,1.42%
Sep-25,2025-09-16T00:15:00,0.3,0.298,-0.002,0.002,0.000004,0.56%
Sep-25,2025-09-16T00:30:00,0.29,0.292,0.002,0.002,0.000004,0.60%
Sep-25,2025-09-16T00:45:00,0.27,0.274,0.004,0.004,0.000016,1.36%
Sep-25,2025-09-16T01:00:00,0.26,0.261,0.001,0.001,0.000001,0.43%
Sep-25,2025-09-16T01:15:00,0.3,0.285,-0.015,0.015,0.000225,5.15%
Sep-25,2025-09-16T01:30:00,0.31,0.298,-0.012,0.012,0.000144,3.83%
Sep-25,2025-09-16T01:45:00,0.3,0.298,-0.002,0.002,0.000004,0.74%
Sep-25,2025-09-16T02:00:00,0.29,0.292,0.002,0.002,0.000004,0.65%
Sep-25,2025-09-16T02:15:00,0.27,0.274,0.004,0.004,0.000016,1.39%
Sep-25,2025-09-16T02:30:00,0.26,0.26,0,0,0,0.14%
Sep-25,2025-09-16T02:45:00,0.26,0.258,-0.002,0.002,0.000004,0.81%
Sep-25,2025-09-16T03:00:00,0.31,0.298,-0.012,0.012,0.000144,3.98%
Sep-25,2025-09-16T03:15:00,0.3,0.299,-0.001,0.001,0.000001,0.26%
Sep-25,2025-09-16T03:30:00,0.29,0.294,0.004,0.004,0.000016,1.51%
Sep-25,2025-09-16T03:45:00,0.29,0.289,-0.001,0.001,0.000001,0.32%
Sep-25,2025-09-16T04:00:00,0.27,0.268,-0.002,0.002,0.000004,0.63%
Sep-25,2025-09-16T04:15:00,0.29,0.28,-0.01,0.01,0.0001,3.57%
Sep-25,2025-09-16T04:30:00,0.35,0.332,-0.018,0.018,0.000324,5.12%
Sep-25,2025-09-16T04:45:00,0.98,1.114,0.134,0.134,0.017956,13.70%
Sep-25,2025-09-16T05:00:00,0.99,1.008,0.018,0.018,0.000324,1.84%
Sep-25,2025-09-16T05:15:00,0.32,0.329,0.009,0.009,0.000081,2.95%
Sep-25,2025-09-16T05:30:00,0.3,0.317,0.017,0.017,0.000289,5.75%
Sep-25,2025-09-16T05:45:00,0.91,0.846,-0.064,0.064,0.004096,6.98%
Sep-25,2025-09-16T06:00:00,1.55,1.521,-0.029,0.029,0.000841,1.90%
Sep-25,2025-09-16T06:15:00,0.33,0.326,-0.004,0.004,0.000016,1.33%
Sep-25,2025-09-16T06:30:00,0.33,0.323,-0.007,0.007,0.000049,2.03%
Sep-25,2025-09-16T06:45:00,0.3,0.313,0.013,0.013,0.000169,4.34%
Sep-25,2025-09-16T07:00:00,0.28,0.302,0.022,0.022,0.000484,7.81%
Sep-25,2025-09-16T07:15:00,0.21,0.261,0.051,0.051,0.002601,24.20%
Sep-25,2025-09-16T07:30:00,0.72,0.752,0.032,0.032,0.001024,4.45%
Sep-25,2025-09-16T07:45:00,0.25,0.473,0.223,0.223,0.049729,89.31%
Sep-25,2025-09-16T08:00:00,0.78,0.94,0.16,0.16,0.0256,20.48%
Sep-25,2025-09-16T08:15:00,0.43,0.47,0.04,0.04,0.0016,9.36%
Sep-25,2025-09-16T08:30:00,0.41,0.515,0.105,0.105,0.011025,25.69%
Sep-25,2025-09-16T08:45:00,0.41,0.384,-0.026,0.026,0.000676,6.26%
Sep-25,2025-09-16T09:00:00,0.25,0.454,0.204,0.204,0.041616,81.50%
Sep-25,2025-09-16T09:15:00,0.2,0.486,0.286,0.286,0.081796,142.83%
Sep-25,2025-09-16T09:30:00,0.24,0.766,0.526,0.526,0.276676,219.29%
Sep-25,2025-09-16T09:45:00,0.23,0.306,0.076,0.076,0.005776,32.91%
Sep-25,2025-09-16T10:00:00,0.22,0.305,0.085,0.085,0.007225,38.59%
Sep-25,2025-09-16T10:15:00,0.22,0.251,0.031,0.031,0.000961,14.13%
Sep-25,2025-09-16T10:30:00,0.19,0.545,0.355,0.355,0.126025,186.81%
Sep-25,2025-09-16T10:45:00,1.13,0.656,-0.474,0.474,0.224676,41.90%
Sep-25,2025-09-16T11:00:00,1.66,1.405,-0.255,0.255,0.065025,15.35%
Sep-25,2025-09-16T11:15:00,1.82,3.566,1.746,1.746,3.048516,95.91%
Sep-25,2025-09-16T11:30:00,1.93,1.633,-0.297,0.297,0.088209,15.39%
Sep-25,2025-09-16T11:45:00,1.98,2.199,0.219,0.219,0.047961,11.07%
Sep-25,2025-09-16T12:00:00,2.44,2.347,-0.093,0.093,0.008649,3.81%
Sep-25,2025-09-16T12:15:00,2.42,2.365,-0.055,0.055,0.003025,2.29%
Sep-25,2025-09-16T12:30:00,2.83,2.521,-0.309,0.309,0.095481,10.90%
Sep-25,2025-09-16T12:45:00,1.96,2.011,0.051,0.051,0.002601,2.58%
Sep-25,2025-09-16T13:00:00,0.2,0.874,0.674,0.674,0.454276,336.92%
Sep-25,2025-09-16T13:15:00,0.24,0.562,0.322,0.322,0.103684,134.33%
Sep-25,2025-09-16T13:30:00,0.23,0.438,0.208,0.208,0.043264,90.51%
Sep-25,2025-09-16T13:45:00,0.19,0.15,-0.04,0.04,0.0016,20.92%
Sep-25,2025-09-16T14:00:00,0.22,0.307,0.087,0.087,0.007569,39.39%
Sep-25,2025-09-16T14:15:00,0.22,0.235,0.015,0.015,0.000225,6.91%
Sep-25,2025-09-16T14:30:00,0.24,0.252,0.012,0.012,0.000144,5.10%
Sep-25,2025-09-16T14:45:00,0.24,0.183,-0.057,0.057,0.003249,23.90%
Sep-25,2025-09-16T15:00:00,0.21,0.282,0.072,0.072,0.005184,34.21%
Sep-25,2025-09-16T15:15:00,0.18,0.23,0.05,0.05,0.0025,27.63%
Sep-25,2025-09-16T15:30:00,0.18,0.233,0.053,0.053,0.002809,29.25%
Sep-25,2025-09-16T15:45:00,0.23,0.182,-0.048,0.048,0.002304,20.89%
Sep-25,2025-09-16T16:00:00,0.24,0.2,-0.04,0.04,0.0016,16.52%
Sep-25,2025-09-16T16:15:00,0.22,0.207,-0.013,0.013,0.000169,5.77%
Sep-25,2025-09-16T16:30:00,0.22,0.205,-0.015,0.015,0.000225,6.93%
Sep-25,2025-09-16T16:45:00,0.2,0.23,0.03,0.03,0.0009,14.90%
Sep-25,2025-09-16T17:00:00,0.19,0.203,0.013,0.013,0.000169,7.07%
Sep-25,2025-09-16T17:15:00,0.2,0.183,-0.017,0.017,0.000289,8.44%
Sep-25,2025-09-16T17:30:00,0.24,0.232,-0.008,0.008,0.000064,3.25%
Sep-25,2025-09-16T17:45:00,0.32,0.31,-0.01,0.01,0.0001,3.24%
Sep-25,2025-09-16T18:00:00,0.47,0.318,-0.152,0.152,0.023104,32.39%
Sep-25,2025-09-16T18:15:00,0.46,0.41,-0.05,0.05,0.0025,10.87%
Sep-25,2025-09-16T18:30:00,1.54,1.623,0.083,0.083,0.006889,5.36%
Sep-25,2025-09-16T18:45:00,0.71,0.682,-0.028,0.028,0.000784,4%
Sep-25,2025-09-16T19:00:00,0.49,0.453,-0.037,0.037,0.001369,7.63%
Sep-25,2025-09-16T19:15:00,0.53,0.54,0.01,0.01,0.0001,1.96%
Sep-25,2025-09-16T19:30:00,0.58,0.577,-0.003,0.003,0.000009,0.57%
Sep-25,2025-09-16T19:45:00,0.57,0.58,0.01,0.01,0.0001,1.73%
Sep-25,2025-09-16T20:00:00,0.38,0.371,-0.009,0.009,0.000081,2.47%
Sep-25,2025-09-16T20:15:00,0.28,0.305,0.025,0.025,0.000625,9.04%
Sep-25,2025-09-16T20:30:00,0.28,0.291,0.011,0.011,0.000121,3.97%
Sep-25,2025-09-16T20:45:00,0.3,0.309,0.009,0.009,0.000081,3.04%
Sep-25,2025-09-16T21:00:00,0.56,0.5,-0.06,0.06,0.0036,10.77%
Sep-25,2025-09-16T21:15:00,0.41,0.424,0.014,0.014,0.000196,3.50%
Sep-25,2025-09-16T21:30:00,0.34,0.338,-0.002,0.002,0.000004,0.67%
Sep-25,2025-09-16T21:45:00,0.34,0.331,-0.009,0.009,0.000081,2.57%
Sep-25,2025-09-16T22:00:00,0.37,0.362,-0.008,0.008,0.000064,2.20%
Sep-25,2025-09-16T22:15:00,0.33,0.326,-0.004,0.004,0.000016,1.11%
Sep-25,2025-09-16T22:30:00,0.35,0.325,-0.025,0.025,0.000625,7.09%
Sep-25,2025-09-16T22:45:00,0.33,0.336,0.006,0.006,0.000036,1.87%
Sep-25,2025-09-16T23:00:00,0.33,0.331,0.001,0.001,0.000001,0.29%
Sep-25,2025-09-16T23:15:00,0.33,0.331,0.001,0.001,0.000001,0.25%
Sep-25,2025-09-16T23:30:00,0.32,0.323,0.003,0.003,0.000009,0.91%
Sep-25,2025-09-16T23:45:00,0.35,0.336,-0.014,0.014,0.000196,3.97%
Sep-25,2025-09-17T00:00:00,0.33,0.335,0.005,0.005,0.000025,1.67%
Sep-25,2025-09-17T00:15:00,0.3,0.317,0.017,0.017,0.000289,5.62%
Sep-25,2025-09-17T00:30:00,0.6,0.561,-0.039,0.039,0.001521,6.56%
Sep-25,2025-09-17T00:45:00,0.26,0.329,0.069,0.069,0.004761,26.70%
Sep-25,2025-09-17T01:00:00,0.26,0.267,0.007,0.007,0.000049,2.88%
Sep-25,2025-09-17T01:15:00,0.3,0.294,-0.006,0.006,0.000036,2.10%
Sep-25,2025-09-17T01:30:00,0.31,0.311,0.001,0.001,0.000001,0.28%
Sep-25,2025-09-17T01:45:00,0.3,0.303,0.003,0.003,0.000009,1.08%
Sep-25,2025-09-17T02:00:00,0.3,0.3,0,0,0,0.14%
Sep-25,2025-09-17T02:15:00,0.27,0.28,0.01,0.01,0.0001,3.66%
Sep-25,2025-09-17T02:30:00,0.26,0.262,0.002,0.002,0.000004,0.87%
Sep-25,2025-09-17T02:45:00,0.31,0.297,-0.013,0.013,0.000169,4.25%
Sep-25,2025-09-17T03:00:00,0.31,0.3,-0.01,0.01,0.0001,3.21%
Sep-25,2025-09-17T03:15:00,0.3,0.301,0.001,0.001,0.000001,0.46%
Sep-25,2025-09-17T03:30:00,0.29,0.289,-0.001,0.001,0.000001,0.32%
Sep-25,2025-09-17T03:45:00,0.26,0.263,0.003,0.003,0.000009,1.34%
Sep-25,2025-09-17T04:00:00,0.27,0.268,-0.002,0.002,0.000004,0.65%
Sep-25,2025-09-17T04:15:00,0.31,0.298,-0.012,0.012,0.000144,3.84%
Sep-25,2025-09-17T04:30:00,0.39,0.38,-0.01,0.01,0.0001,2.55%
Sep-25,2025-09-17T04:45:00,2.34,2.274,-0.066,0.066,0.004356,2.84%
Sep-25,2025-09-17T05:00:00,0.37,0.367,-0.003,0.003,0.000009,0.72%
Sep-25,2025-09-17T05:15:00,0.37,0.345,-0.025,0.025,0.000625,6.89%
Sep-25,2025-09-17T05:30:00,1.01,0.935,-0.075,0.075,0.005625,7.43%
Sep-25,2025-09-17T05:45:00,0.33,0.323,-0.007,0.007,0.000049,2.17%
Sep-25,2025-09-17T06:00:00,0.36,0.338,-0.022,0.022,0.000484,6.08%
Sep-25,2025-09-17T06:15:00,0.36,0.343,-0.017,0.017,0.000289,4.81%
Sep-25,2025-09-17T06:30:00,0.34,0.334,-0.006,0.006,0.000036,1.90%
Sep-25,2025-09-17T06:45:00,0.34,0.336,-0.004,0.004,0.000016,1.26%
Sep-25,2025-09-17T07:00:00,0.3,0.328,0.028,0.028,0.000784,9.33%
Sep-25,2025-09-17T07:15:00,0.24,0.293,0.053,0.053,0.002809,22.11%
Sep-25,2025-09-17T07:30:00,0.37,0.252,-0.118,0.118,0.013924,31.87%
Sep-25,2025-09-17T07:45:00,0.26,0.258,-0.002,0.002,0.000004,0.66%
Sep-25,2025-09-17T08:00:00,0.24,0.302,0.062,0.062,0.003844,25.89%
Sep-25,2025-09-17T08:15:00,0.22,0.353,0.133,0.133,0.017689,60.25%
Sep-25,2025-09-17T08:30:00,0.33,0.376,0.046,0.046,0.002116,13.86%
Sep-25,2025-09-17T08:45:00,0.41,0.38,-0.03,0.03,0.0009,7.43%
Sep-25,2025-09-17T09:00:00,0.45,0.355,-0.095,0.095,0.009025,21.18%
Sep-25,2025-09-17T09:15:00,0.23,0.419,0.189,0.189,0.035721,82.02%
Sep-25,2025-09-17T09:30:00,0.22,0.374,0.154,0.154,0.023716,70.13%
Sep-25,2025-09-17T09:45:00,0.21,0.396,0.186,0.186,0.034596,88.54%
Sep-25,2025-09-17T10:00:00,0.21,0.416,0.206,0.206,0.042436,98.12%
Sep-25,2025-09-17T10:15:00,0.2,0.25,0.05,0.05,0.0025,25.23%
Sep-25,2025-09-17T10:30:00,0.18,0.243,0.063,0.063,0.003969,35.02%
Sep-25,2025-09-17T10:45:00,1.2,0.318,-0.882,0.882,0.777924,73.53%
Sep-25,2025-09-17T11:00:00,1.69,1.672,-0.018,0.018,0.000324,1.04%
Sep-25,2025-09-17T11:15:00,1.79,1.743,-0.047,0.047,0.002209,2.62%
Sep-25,2025-09-17T11:30:00,1.91,2.081,0.171,0.171,0.029241,8.97%
Sep-25,2025-09-17T11:45:00,1.98,2.028,0.048,0.048,0.002304,2.43%
Sep-25,2025-09-17T12:00:00,2.33,2.094,-0.236,0.236,0.055696,10.11%
Sep-25,2025-09-17T12:15:00,2.56,2.252,-0.308,0.308,0.094864,12.04%
Sep-25,2025-09-17T12:30:00,2.9,2.232,-0.668,0.668,0.446224,23.04%
Sep-25,2025-09-17T12:45:00,1.16,0.938,-0.222,0.222,0.049284,19.10%
Sep-25,2025-09-17T13:00:00,0.22,0.457,0.237,0.237,0.056169,107.70%
Sep-25,2025-09-17T13:15:00,0.22,0.26,0.04,0.04,0.0016,18.14%
Sep-25,2025-09-17T13:30:00,0.21,0.188,-0.022,0.022,0.000484,10.66%
Sep-25,2025-09-17T13:45:00,0.14,0.176,0.036,0.036,0.001296,25.59%
Sep-25,2025-09-17T14:00:00,0.22,0.237,0.017,0.017,0.000289,7.76%
Sep-25,2025-09-17T14:15:00,0.23,0.278,0.048,0.048,0.002304,20.83%
Sep-25,2025-09-17T14:30:00,0.22,0.332,0.112,0.112,0.012544,50.72%
Sep-25,2025-09-17T14:45:00,0.25,0.282,0.032,0.032,0.001024,12.93%
Sep-25,2025-09-17T15:00:00,0.34,0.262,-0.078,0.078,0.006084,22.95%
Sep-25,2025-09-17T15:15:00,0.24,0.348,0.108,0.108,0.011664,45.14%
Sep-25,2025-09-17T15:30:00,1.12,0.35,-0.77,0.77,0.5929,68.78%
Sep-25,2025-09-17T15:45:00,0.56,0.613,0.053,0.053,0.002809,9.49%
Sep-25,2025-09-17T16:00:00,0.23,0.496,0.266,0.266,0.070756,115.59%
Sep-25,2025-09-17T16:15:00,0.23,0.387,0.157,0.157,0.024649,68.28%
Sep-25,2025-09-17T16:30:00,0.23,0.302,0.072,0.072,0.005184,31.39%
Sep-25,2025-09-17T16:45:00,0.23,0.381,0.151,0.151,0.022801,65.86%
Sep-25,2025-09-17T17:00:00,0.25,0.235,-0.015,0.015,0.000225,5.94%
Sep-25,2025-09-17T17:15:00,0.32,0.241,-0.079,0.079,0.006241,24.71%
Sep-25,2025-09-17T17:30:00,0.26,0.287,0.027,0.027,0.000729,10.56%
Sep-25,2025-09-17T17:45:00,0.25,0.258,0.008,0.008,0.000064,3.36%
Sep-25,2025-09-17T18:00:00,0.27,0.282,0.012,0.012,0.000144,4.51%
Sep-25,2025-09-17T18:15:00,0.28,0.286,0.006,0.006,0.000036,2.14%
Sep-25,2025-09-17T18:30:00,2.05,2.272,0.222,0.222,0.049284,10.83%
Sep-25,2025-09-17T18:45:00,0.82,0.852,0.032,0.032,0.001024,3.87%
Sep-25,2025-09-17T19:00:00,0.47,0.485,0.015,0.015,0.000225,3.13%
Sep-25,2025-09-17T19:15:00,0.51,0.521,0.011,0.011,0.000121,2.14%
Sep-25,2025-09-17T19:30:00,2.07,2.086,0.016,0.016,0.000256,0.75%
Sep-25,2025-09-17T19:45:00,1.45,1.462,0.012,0.012,0.000144,0.85%
Sep-25,2025-09-17T20:00:00,1.71,1.754,0.044,0.044,0.001936,2.58%
Sep-25,2025-09-17T20:15:00,0.74,0.718,-0.022,0.022,0.000484,2.95%
Sep-25,2025-09-17T20:30:00,1.32,1.287,-0.033,0.033,0.001089,2.47%
Sep-25,2025-09-17T20:45:00,1.87,1.945,0.075,0.075,0.005625,4.03%
Sep-25,2025-09-17T21:00:00,1.12,0.937,-0.183,0.183,0.033489,16.31%
Sep-25,2025-09-17T21:15:00,0.38,0.378,-0.002,0.002,0.000004,0.62%
Sep-25,2025-09-17T21:30:00,0.84,0.764,-0.076,0.076,0.005776,9.03%
Sep-25,2025-09-17T21:45:00,1.02,1.022,0.002,0.002,0.000004,0.19%
Sep-25,2025-09-17T22:00:00,0.7,0.675,-0.025,0.025,0.000625,3.62%
Sep-25,2025-09-17T22:15:00,0.7,0.695,-0.005,0.005,0.000025,0.78%
Sep-25,2025-09-17T22:30:00,0.63,0.636,0.006,0.006,0.000036,1%
Sep-25,2025-09-17T22:45:00,1.32,1.366,0.046,0.046,0.002116,3.48%
Sep-25,2025-09-17T23:00:00,2.68,2.748,0.068,0.068,0.004624,2.55%
Sep-25,2025-09-17T23:15:00,0.31,0.298,-0.012,0.012,0.000144,3.87%
Sep-25,2025-09-17T23:30:00,0.37,0.324,-0.046,0.046,0.002116,12.42%
Sep-25,2025-09-17T23:45:00,0.36,0.334,-0.026,0.026,0.000676,7.26%
Sep-25,2025-09-18T00:00:00,1.06,0.998,-0.062,0.062,0.003844,5.80%
Sep-25,2025-09-18T00:15:00,0.34,0.338,-0.002,0.002,0.000004,0.59%
Sep-25,2025-09-18T00:30:00,0.4,0.368,-0.032,0.032,0.001024,8.07%
Sep-25,2025-09-18T00:45:00,0.38,0.344,-0.036,0.036,0.001296,9.52%
Sep-25,2025-09-18T01:00:00,0.38,0.365,-0.015,0.015,0.000225,3.92%
Sep-25,2025-09-18T01:15:00,0.33,0.338,0.008,0.008,0.000064,2.32%
Sep-25,2025-09-18T01:30:00,0.32,0.329,0.009,0.009,0.000081,2.92%
Sep-25,2025-09-18T01:45:00,0.31,0.31,0,0,0,0.12%
Sep-25,2025-09-18T02:00:00,0.29,0.294,0.004,0.004,0.000016,1.54%
Sep-25,2025-09-18T02:15:00,0.27,0.274,0.004,0.004,0.000016,1.44%
Sep-25,2025-09-18T02:30:00,0.27,0.27,0,0,0,0.03%
Sep-25,2025-09-18T02:45:00,0.33,0.315,-0.015,0.015,0.000225,4.58%
Sep-25,2025-09-18T03:00:00,0.32,0.325,0.005,0.005,0.000025,1.47%
Sep-25,2025-09-18T03:15:00,0.31,0.311,0.001,0.001,0.000001,0.26%
Sep-25,2025-09-18T03:30:00,0.3,0.301,0.001,0.001,0.000001,0.31%
Sep-25,2025-09-18T03:45:00,0.37,0.347,-0.023,0.023,0.000529,6.14%
Sep-25,2025-09-18T04:00:00,0.32,0.334,0.014,0.014,0.000196,4.24%
Sep-25,2025-09-18T04:15:00,1.08,1.115,0.035,0.035,0.001225,3.26%
Sep-25,2025-09-18T04:30:00,1.1,1.115,0.015,0.015,0.000225,1.38%
Sep-25,2025-09-18T04:45:00,0.43,0.443,0.013,0.013,0.000169,2.95%
Sep-25,2025-09-18T05:00:00,0.45,0.432,-0.018,0.018,0.000324,4.05%
Sep-25,2025-09-18T05:15:00,3.12,3.197,0.077,0.077,0.005929,2.48%
Sep-25,2025-09-18T05:30:00,0.43,0.447,0.017,0.017,0.000289,3.93%
Sep-25,2025-09-18T05:45:00,0.46,0.447,-0.013,0.013,0.000169,2.77%
Sep-25,2025-09-18T06:00:00,2.44,2.497,0.057,0.057,0.003249,2.35%
Sep-25,2025-09-18T06:15:00,1.06,1.067,0.007,0.007,0.000049,0.67%
Sep-25,2025-09-18T06:30:00,0.45,0.439,-0.011,0.011,0.000121,2.38%
Sep-25,2025-09-18T06:45:00,0.45,0.432,-0.018,0.018,0.000324,4.08%
Sep-25,2025-09-18T07:00:00,0.45,0.467,0.017,0.017,0.000289,3.68%
Sep-25,2025-09-18T07:15:00,0.32,0.361,0.041,0.041,0.001681,12.68%
Sep-25,2025-09-18T07:30:00,0.35,0.326,-0.024,0.024,0.000576,6.75%
Sep-25,2025-09-18T07:45:00,1.11,0.959,-0.151,0.151,0.022801,13.65%
Sep-25,2025-09-18T08:00:00,1.05,0.679,-0.371,0.371,0.137641,35.31%
Sep-25,2025-09-18T08:15:00,0.34,0.395,0.055,0.055,0.003025,16.21%
Sep-25,2025-09-18T08:30:00,1.68,1.033,-0.647,0.647,0.418609,38.51%
Sep-25,2025-09-18T08:45:00,0.38,0.538,0.158,0.158,0.024964,41.61%
Sep-25,2025-09-18T09:00:00,0.93,0.607,-0.323,0.323,0.104329,34.72%
Sep-25,2025-09-18T09:15:00,0.34,0.569,0.229,0.229,0.052441,67.45%
Sep-25,2025-09-18T09:30:00,0.25,0.461,0.211,0.211,0.044521,84.23%
Sep-25,2025-09-18T09:45:00,1.26,0.771,-0.489,0.489,0.239121,38.79%
Sep-25,2025-09-18T10:00:00,0.91,0.846,-0.064,0.064,0.004096,7%
Sep-25,2025-09-18T10:15:00,1.43,0.993,-0.437,0.437,0.190969,30.57%
Sep-25,2025-09-18T10:30:00,1.23,1.008,-0.222,0.222,0.049284,18.07%
Sep-25,2025-09-18T10:45:00,2.25,1.567,-0.683,0.683,0.466489,30.35%
Sep-25,2025-09-18T11:00:00,1.99,2.285,0.295,0.295,0.087025,14.85%
Sep-25,2025-09-18T11:15:00,1.7,2.005,0.305,0.305,0.093025,17.95%
Sep-25,2025-09-18T11:30:00,1.74,1.902,0.162,0.162,0.026244,9.31%
Sep-25,2025-09-18T11:45:00,1.83,2.002,0.172,0.172,0.029584,9.41%
Sep-25,2025-09-18T12:00:00,2.82,2.294,-0.526,0.526,0.276676,18.64%
Sep-25,2025-09-18T12:15:00,2.61,2.724,0.114,0.114,0.012996,4.35%
Sep-25,2025-09-18T12:30:00,2.6,2.821,0.221,0.221,0.048841,8.48%
Sep-25,2025-09-18T12:45:00,2.4,2.895,0.495,0.495,0.245025,20.61%
Sep-25,2025-09-18T13:00:00,3.06,2.825,-0.235,0.235,0.055225,7.69%
Sep-25,2025-09-18T13:15:00,2.51,2.656,0.146,0.146,0.021316,5.81%
Sep-25,2025-09-18T13:30:00,2.77,2.678,-0.092,0.092,0.008464,3.32%
Sep-25,2025-09-18T13:45:00,2.97,2.62,-0.35,0.35,0.1225,11.80%
Sep-25,2025-09-18T14:00:00,3.06,2.662,-0.398,0.398,0.158404,13%
Sep-25,2025-09-18T14:15:00,0.18,0.307,0.127,0.127,0.016129,70.77%
Sep-25,2025-09-18T14:30:00,0.26,0.254,-0.006,0.006,0.000036,2.23%
Sep-25,2025-09-18T14:45:00,0.29,0.308,0.018,0.018,0.000324,6.19%
Sep-25,2025-09-18T15:00:00,0.29,0.24,-0.05,0.05,0.0025,17.29%
Sep-25,2025-09-18T15:15:00,0.28,0.377,0.097,0.097,0.009409,34.69%
Sep-25,2025-09-18T15:30:00,0.26,0.22,-0.04,0.04,0.0016,15.40%
Sep-25,2025-09-18T15:45:00,0.24,0.208,-0.032,0.032,0.001024,13.54%
Sep-25,2025-09-18T16:00:00,0.24,0.196,-0.044,0.044,0.001936,18.20%
Sep-25,2025-09-18T16:15:00,0.26,0.214,-0.046,0.046,0.002116,17.55%
Sep-25,2025-09-18T16:30:00,0.29,0.234,-0.056,0.056,0.003136,19.37%
Sep-25,2025-09-18T16:45:00,0.29,0.264,-0.026,0.026,0.000676,8.87%
Sep-25,2025-09-18T17:00:00,0.28,0.257,-0.023,0.023,0.000529,8.21%
Sep-25,2025-09-18T17:15:00,0.27,0.267,-0.003,0.003,0.000009,1.05%
Sep-25,2025-09-18T17:30:00,0.25,0.262,0.012,0.012,0.000144,4.94%
Sep-25,2025-09-18T17:45:00,0.24,0.272,0.032,0.032,0.001024,13.34%
Sep-25,2025-09-18T18:00:00,0.29,0.259,-0.031,0.031,0.000961,10.70%
Sep-25,2025-09-18T18:15:00,0.29,0.256,-0.034,0.034,0.001156,11.89%
Sep-25,2025-09-18T18:30:00,0.29,0.275,-0.015,0.015,0.000225,5.17%
Sep-25,2025-09-18T18:45:00,0.33,0.302,-0.028,0.028,0.000784,8.49%
Sep-25,2025-09-18T19:00:00,2.02,1.886,-0.134,0.134,0.017956,6.65%
Sep-25,2025-09-18T19:15:00,1.51,1.564,0.054,0.054,0.002916,3.56%
Sep-25,2025-09-18T19:30:00,1.24,1.248,0.008,0.008,0.000064,0.64%
Sep-25,2025-09-18T19:45:00,0.67,0.623,-0.047,0.047,0.002209,7.04%
Sep-25,2025-09-18T20:00:00,0.58,0.59,0.01,0.01,0.0001,1.77%
Sep-25,2025-09-18T20:15:00,0.33,0.361,0.031,0.031,0.000961,9.55%
Sep-25,2025-09-18T20:30:00,0.3,0.319,0.019,0.019,0.000361,6.38%
Sep-25,2025-09-18T20:45:00,0.55,0.52,-0.03,0.03,0.0009,5.42%
Sep-25,2025-09-18T21:00:00,0.56,0.566,0.006,0.006,0.000036,1.08%
Sep-25,2025-09-18T21:15:00,0.64,0.634,-0.006,0.006,0.000036,0.95%
Sep-25,2025-09-18T21:30:00,0.62,0.627,0.007,0.007,0.000049,1.07%
Sep-25,2025-09-18T21:45:00,0.61,0.597,-0.013,0.013,0.000169,2.13%
Sep-25,2025-09-18T22:00:00,0.56,0.559,-0.001,0.001,0.000001,0.20%
Sep-25,2025-09-18T22:15:00,1.19,1.201,0.011,0.011,0.000121,0.95%
Sep-25,2025-09-18T22:30:00,0.88,0.877,-0.003,0.003,0.000009,0.31%
Sep-25,2025-09-18T22:45:00,0.55,0.54,-0.01,0.01,0.0001,1.81%
Sep-25,2025-09-18T23:00:00,0.56,0.569,0.009,0.009,0.000081,1.52%
Sep-25,2025-09-18T23:15:00,0.56,0.555,-0.005,0.005,0.000025,0.95%
Sep-25,2025-09-18T23:30:00,0.55,0.551,0.001,0.001,0.000001,0.18%
Sep-25,2025-09-18T23:45:00,0.54,0.531,-0.009,0.009,0.000081,1.64%
Sep-25,2025-09-19T00:00:00,0.57,0.562,-0.008,0.008,0.000064,1.45%
Sep-25,2025-09-19T00:15:00,0.32,0.338,0.018,0.018,0.000324,5.58%
Sep-25,2025-09-19T00:30:00,0.33,0.326,-0.004,0.004,0.000016,1.25%
Sep-25,2025-09-19T00:45:00,0.31,0.32,0.01,0.01,0.0001,3.08%
Sep-25,2025-09-19T01:00:00,0.3,0.309,0.009,0.009,0.000081,2.93%
Sep-25,2025-09-19T01:15:00,0.29,0.291,0.001,0.001,0.000001,0.49%
Sep-25,2025-09-19T01:30:00,0.26,0.265,0.005,0.005,0.000025,1.81%
Sep-25,2025-09-19T01:45:00,0.26,0.256,-0.004,0.004,0.000016,1.72%
Sep-25,2025-09-19T02:00:00,0.29,0.283,-0.007,0.007,0.000049,2.29%
Sep-25,2025-09-19T02:15:00,0.3,0.295,-0.005,0.005,0.000025,1.74%
Sep-25,2025-09-19T02:30:00,0.3,0.298,-0.002,0.002,0.000004,0.57%
Sep-25,2025-09-19T02:45:00,0.29,0.292,0.002,0.002,0.000004,0.82%
Sep-25,2025-09-19T03:00:00,0.27,0.273,0.003,0.003,0.000009,1.22%
Sep-25,2025-09-19T03:15:00,0.26,0.261,0.001,0.001,0.000001,0.46%
Sep-25,2025-09-19T03:30:00,0.26,0.26,0,0,0,0.02%
Sep-25,2025-09-19T03:45:00,0.3,0.287,-0.013,0.013,0.000169,4.20%
Sep-25,2025-09-19T04:00:00,0.3,0.3,0,0,0,0.01%
Sep-25,2025-09-19T04:15:00,0.29,0.288,-0.002,0.002,0.000004,0.73%
Sep-25,2025-09-19T04:30:00,0.28,0.276,-0.004,0.004,0.000016,1.37%
Sep-25,2025-09-19T04:45:00,0.28,0.279,-0.001,0.001,0.000001,0.48%
Sep-25,2025-09-19T05:00:00,0.25,0.253,0.003,0.003,0.000009,1.26%
Sep-25,2025-09-19T05:15:00,1.01,1.068,0.058,0.058,0.003364,5.77%
Sep-25,2025-09-19T05:30:00,0.31,0.32,0.01,0.01,0.0001,3.19%
Sep-25,2025-09-19T05:45:00,0.31,0.308,-0.002,0.002,0.000004,0.59%
Sep-25,2025-09-19T06:00:00,0.32,0.325,0.005,0.005,0.000025,1.56%
Sep-25,2025-09-19T06:15:00,0.33,0.336,0.006,0.006,0.000036,1.67%
Sep-25,2025-09-19T06:30:00,1.61,1.617,0.007,0.007,0.000049,0.41%
Sep-25,2025-09-19T06:45:00,0.99,1.009,0.019,0.019,0.000361,1.94%
Sep-25,2025-09-19T07:00:00,0.3,0.325,0.025,0.025,0.000625,8.48%
Sep-25,2025-09-19T07:15:00,0.3,0.32,0.02,0.02,0.0004,6.79%
Sep-25,2025-09-19T07:30:00,1.52,1.605,0.085,0.085,0.007225,5.57%
Sep-25,2025-09-19T07:45:00,2.46,2.386,-0.074,0.074,0.005476,2.99%
Sep-25,2025-09-19T08:00:00,1.08,0.766,-0.314,0.314,0.098596,29.08%
Sep-25,2025-09-19T08:15:00,0.93,0.473,-0.457,0.457,0.208849,49.10%
Sep-25,2025-09-19T08:30:00,0.56,0.596,0.036,0.036,0.001296,6.48%
Sep-25,2025-09-19T08:45:00,0.4,0.682,0.282,0.282,0.079524,70.48%
Sep-25,2025-09-19T09:00:00,4.21,3.809,-0.401,0.401,0.160801,9.52%
Sep-25,2025-09-19T09:15:00,4.04,2.802,-1.238,1.238,1.532644,30.65%
Sep-25,2025-09-19T09:30:00,2.1,1.489,-0.611,0.611,0.373321,29.08%
Sep-25,2025-09-19T09:45:00,2.51,2.5,-0.01,0.01,0.0001,0.38%
Sep-25,2025-09-19T10:00:00,1.8,2.369,0.569,0.569,0.323761,31.60%
Sep-25,2025-09-19T10:15:00,0.3,1.046,0.746,0.746,0.556516,248.51%
Sep-25,2025-09-19T10:30:00,0.36,0.508,0.148,0.148,0.021904,40.98%
Sep-25,2025-09-19T10:45:00,1.18,1.086,-0.094,0.094,0.008836,7.95%
Sep-25,2025-09-19T11:00:00,1.71,1.724,0.014,0.014,0.000196,0.79%
Sep-25,2025-09-19T11:15:00,1.66,1.921,0.261,0.261,0.068121,15.71%
Sep-25,2025-09-19T11:30:00,1.87,2.158,0.288,0.288,0.082944,15.43%
Sep-25,2025-09-19T11:45:00,1.93,2.019,0.089,0.089,0.007921,4.62%
Sep-25,2025-09-19T12:00:00,1.98,1.973,-0.007,0.007,0.000049,0.34%
Sep-25,2025-09-19T12:15:00,2.17,2.133,-0.037,0.037,0.001369,1.71%
Sep-25,2025-09-19T12:30:00,2.45,2.09,-0.36,0.36,0.1296,14.69%
Sep-25,2025-09-19T12:45:00,2.96,2.441,-0.519,0.519,0.269361,17.52%
Sep-25,2025-09-19T13:00:00,4.09,2.736,-1.354,1.354,1.833316,33.10%
Sep-25,2025-09-19T13:15:00,3.32,3.162,-0.158,0.158,0.024964,4.75%
Sep-25,2025-09-19T13:30:00,0.31,0.491,0.181,0.181,0.032761,58.31%
Sep-25,2025-09-19T13:45:00,0.23,0.208,-0.022,0.022,0.000484,9.44%
Sep-25,2025-09-19T14:00:00,0.21,0.322,0.112,0.112,0.012544,53.13%
Sep-25,2025-09-19T14:15:00,0.22,0.438,0.218,0.218,0.047524,98.91%
Sep-25,2025-09-19T14:30:00,0.2,0.523,0.323,0.323,0.104329,161.46%
Sep-25,2025-09-19T14:45:00,0.18,0.264,0.084,0.084,0.007056,46.62%
Sep-25,2025-09-19T15:00:00,0.22,0.2,-0.02,0.02,0.0004,9.20%
Sep-25,2025-09-19T15:15:00,0.23,0.251,0.021,0.021,0.000441,9.32%
Sep-25,2025-09-19T15:30:00,0.23,0.275,0.045,0.045,0.002025,19.37%
Sep-25,2025-09-19T15:45:00,0.22,0.256,0.036,0.036,0.001296,16.24%
Sep-25,2025-09-19T16:00:00,0.2,0.206,0.006,0.006,0.000036,2.86%
Sep-25,2025-09-19T16:15:00,0.18,0.226,0.046,0.046,0.002116,25.56%
Sep-25,2025-09-19T16:30:00,0.21,0.198,-0.012,0.012,0.000144,5.95%
Sep-25,2025-09-19T16:45:00,0.23,0.254,0.024,0.024,0.000576,10.61%
Sep-25,2025-09-19T17:00:00,0.23,0.235,0.005,0.005,0.000025,2.18%
Sep-25,2025-09-19T17:15:00,0.22,0.246,0.026,0.026,0.000676,11.88%
Sep-25,2025-09-19T17:30:00,0.22,0.24,0.02,0.02,0.0004,9.04%
Sep-25,2025-09-19T17:45:00,0.21,0.258,0.048,0.048,0.002304,22.62%
Sep-25,2025-09-19T18:00:00,0.17,0.246,0.076,0.076,0.005776,44.65%
Sep-25,2025-09-19T18:15:00,0.22,0.236,0.016,0.016,0.000256,7.12%
Sep-25,2025-09-19T18:30:00,0.23,0.248,0.018,0.018,0.000324,8.01%
Sep-25,2025-09-19T18:45:00,0.22,0.255,0.035,0.035,0.001225,15.90%
Sep-25,2025-09-19T19:00:00,0.48,0.491,0.011,0.011,0.000121,2.39%
Sep-25,2025-09-19T19:15:00,2.75,2.699,-0.051,0.051,0.002601,1.86%
Sep-25,2025-09-19T19:30:00,2.94,2.847,-0.093,0.093,0.008649,3.18%
Sep-25,2025-09-19T19:45:00,0.92,0.943,0.023,0.023,0.000529,2.53%
Sep-25,2025-09-19T20:00:00,0.69,0.678,-0.012,0.012,0.000144,1.73%
Sep-25,2025-09-19T20:15:00,1.08,1.031,-0.049,0.049,0.002401,4.50%
Sep-25,2025-09-19T20:30:00,0.69,0.665,-0.025,0.025,0.000625,3.64%
Sep-25,2025-09-19T20:45:00,0.66,0.671,0.011,0.011,0.000121,1.73%
Sep-25,2025-09-19T21:00:00,0.44,0.447,0.007,0.007,0.000049,1.55%
Sep-25,2025-09-19T21:15:00,0.38,0.381,0.001,0.001,0.000001,0.15%
Sep-25,2025-09-19T21:30:00,0.24,0.281,0.041,0.041,0.001681,16.92%
Sep-25,2025-09-19T21:45:00,0.53,0.492,-0.038,0.038,0.001444,7.08%
Sep-25,2025-09-19T22:00:00,0.75,0.689,-0.061,0.061,0.003721,8.13%
Sep-25,2025-09-19T22:15:00,1.39,1.347,-0.043,0.043,0.001849,3.06%
Sep-25,2025-09-19T22:30:00,1.56,1.535,-0.025,0.025,0.000625,1.57%
Sep-25,2025-09-19T22:45:00,1.85,1.837,-0.013,0.013,0.000169,0.68%
Sep-25,2025-09-19T23:00:00,1.36,1.361,0.001,0.001,0.000001,0.06%
Sep-25,2025-09-19T23:15:00,1.38,1.391,0.011,0.011,0.000121,0.82%
Sep-25,2025-09-19T23:30:00,1.4,1.384,-0.016,0.016,0.000256,1.14%
Sep-25,2025-09-19T23:45:00,1.05,1.061,0.011,0.011,0.000121,1.05%
Sep-25,2025-09-20T00:00:00,0.8,0.772,-0.028,0.028,0.000784,3.49%
Sep-25,2025-09-20T00:15:00,0.28,0.33,0.05,0.05,0.0025,18.02%
Sep-25,2025-09-20T00:30:00,0.25,0.267,0.017,0.017,0.000289,6.65%
Sep-25,2025-09-20T00:45:00,0.24,0.247,0.007,0.007,0.000049,2.95%
Sep-25,2025-09-20T01:00:00,0.26,0.286,0.026,0.026,0.000676,10.05%
Sep-25,2025-09-20T01:15:00,0.31,0.297,-0.013,0.013,0.000169,4.32%
Sep-25,2025-09-20T01:30:00,0.31,0.306,-0.004,0.004,0.000016,1.34%
Sep-25,2025-09-20T01:45:00,0.3,0.301,0.001,0.001,0.000001,0.25%
Sep-25,2025-09-20T02:00:00,0.28,0.287,0.007,0.007,0.000049,2.37%
Sep-25,2025-09-20T02:15:00,0.26,0.267,0.007,0.007,0.000049,2.55%
Sep-25,2025-09-20T02:30:00,0.26,0.26,0,0,0,0.14%
Sep-25,2025-09-20T02:45:00,0.32,0.305,-0.015,0.015,0.000225,4.74%
Sep-25,2025-09-20T03:00:00,0.31,0.31,0,0,0,0.10%
Sep-25,2025-09-20T03:15:00,0.29,0.295,0.005,0.005,0.000025,1.69%
Sep-25,2025-09-20T03:30:00,0.28,0.279,-0.001,0.001,0.000001,0.42%
Sep-25,2025-09-20T03:45:00,0.28,0.281,0.001,0.001,0.000001,0.37%
Sep-25,2025-09-20T04:00:00,0.32,0.31,-0.01,0.01,0.0001,3.09%
Sep-25,2025-09-20T04:15:00,0.31,0.308,-0.002,0.002,0.000004,0.49%
Sep-25,2025-09-20T04:30:00,1.68,1.637,-0.043,0.043,0.001849,2.57%
Sep-25,2025-09-20T04:45:00,0.37,0.365,-0.005,0.005,0.000025,1.23%
Sep-25,2025-09-20T05:00:00,0.35,0.334,-0.016,0.016,0.000256,4.63%
Sep-25,2025-09-20T05:15:00,2.27,2.288,0.018,0.018,0.000324,0.78%
Sep-25,2025-09-20T05:30:00,1.37,1.374,0.004,0.004,0.000016,0.31%
Sep-25,2025-09-20T05:45:00,1.3,1.36,0.06,0.06,0.0036,4.64%
Sep-25,2025-09-20T06:00:00,3.15,3.229,0.079,0.079,0.006241,2.50%
Sep-25,2025-09-20T06:15:00,1.71,1.651,-0.059,0.059,0.003481,3.45%
Sep-25,2025-09-20T06:30:00,0.35,0.379,0.029,0.029,0.000841,8.16%
Sep-25,2025-09-20T06:45:00,0.32,0.343,0.023,0.023,0.000529,7.31%
Sep-25,2025-09-20T07:00:00,0.46,0.426,-0.034,0.034,0.001156,7.36%
Sep-25,2025-09-20T07:15:00,0.41,0.424,0.014,0.014,0.000196,3.44%
Sep-25,2025-09-20T07:30:00,1.08,1.149,0.069,0.069,0.004761,6.38%
Sep-25,2025-09-20T07:45:00,0.43,0.348,-0.082,0.082,0.006724,19.06%
Sep-25,2025-09-20T08:00:00,0.49,0.45,-0.04,0.04,0.0016,8.26%
Sep-25,2025-09-20T08:15:00,0.47,0.476,0.006,0.006,0.000036,1.29%
Sep-25,2025-09-20T08:30:00,0.56,0.502,-0.058,0.058,0.003364,10.35%
Sep-25,2025-09-20T08:45:00,1.43,0.792,-0.638,0.638,0.407044,44.63%
Sep-25,2025-09-20T09:00:00,2.17,3.201,1.031,1.031,1.062961,47.50%
Sep-25,2025-09-20T09:15:00,0.62,0.548,-0.072,0.072,0.005184,11.64%
Sep-25,2025-09-20T09:30:00,0.57,0.605,0.035,0.035,0.001225,6.09%
Sep-25,2025-09-20T09:45:00,0.56,0.661,0.101,0.101,0.010201,18.04%
Sep-25,2025-09-20T10:00:00,0.21,0.546,0.336,0.336,0.112896,160.21%
Sep-25,2025-09-20T10:15:00,0.21,0.549,0.339,0.339,0.114921,161.27%
Sep-25,2025-09-20T10:30:00,0.2,0.49,0.29,0.29,0.0841,144.79%
Sep-25,2025-09-20T10:45:00,1.05,1.204,0.154,0.154,0.023716,14.70%
Sep-25,2025-09-20T11:00:00,1.52,1.91,0.39,0.39,0.1521,25.69%
Sep-25,2025-09-20T11:15:00,1.57,1.914,0.344,0.344,0.118336,21.93%
Sep-25,2025-09-20T11:30:00,1.63,2.072,0.442,0.442,0.195364,27.10%
Sep-25,2025-09-20T11:45:00,1.75,2.174,0.424,0.424,0.179776,24.20%
Sep-25,2025-09-20T12:00:00,1.82,2.163,0.343,0.343,0.117649,18.83%
Sep-25,2025-09-20T12:15:00,1.97,2.218,0.248,0.248,0.061504,12.57%
Sep-25,2025-09-20T12:30:00,2,2.25,0.25,0.25,0.0625,12.52%
Sep-25,2025-09-20T12:45:00,2.03,2.148,0.118,0.118,0.013924,5.83%
Sep-25,2025-09-20T13:00:00,2.24,2.165,-0.075,0.075,0.005625,3.36%
Sep-25,2025-09-20T13:15:00,2.6,2.237,-0.363,0.363,0.131769,13.97%
Sep-25,2025-09-20T13:30:00,2.56,2.341,-0.219,0.219,0.047961,8.54%
Sep-25,2025-09-20T13:45:00,3.55,3.295,-0.255,0.255,0.065025,7.17%
Sep-25,2025-09-20T14:00:00,2.89,2.734,-0.156,0.156,0.024336,5.40%
Sep-25,2025-09-20T14:15:00,0.93,0.97,0.04,0.04,0.0016,4.31%
Sep-25,2025-09-20T14:30:00,0.97,0.832,-0.138,0.138,0.019044,14.22%
Sep-25,2025-09-20T14:45:00,0.27,0.546,0.276,0.276,0.076176,102.29%
Sep-25,2025-09-20T15:00:00,0.3,0.309,0.009,0.009,0.000081,3.15%
Sep-25,2025-09-20T15:15:00,0.3,0.394,0.094,0.094,0.008836,31.48%
Sep-25,2025-09-20T15:30:00,0.29,0.371,0.081,0.081,0.006561,27.77%
Sep-25,2025-09-20T15:45:00,0.27,0.315,0.045,0.045,0.002025,16.85%
Sep-25,2025-09-20T16:00:00,0.23,0.272,0.042,0.042,0.001764,18.12%
Sep-25,2025-09-20T16:15:00,0.29,0.273,-0.017,0.017,0.000289,5.75%
Sep-25,2025-09-20T16:30:00,0.3,0.275,-0.025,0.025,0.000625,8.43%
Sep-25,2025-09-20T16:45:00,0.35,0.276,-0.074,0.074,0.005476,21.21%
Sep-25,2025-09-20T17:00:00,1.14,1.331,0.191,0.191,0.036481,16.73%
Sep-25,2025-09-20T17:15:00,0.25,0.371,0.121,0.121,0.014641,48.45%
Sep-25,2025-09-20T17:30:00,0.23,0.274,0.044,0.044,0.001936,19.06%
Sep-25,2025-09-20T17:45:00,0.21,0.272,0.062,0.062,0.003844,29.55%
Sep-25,2025-09-20T18:00:00,0.2,0.267,0.067,0.067,0.004489,33.44%
Sep-25,2025-09-20T18:15:00,0.25,0.238,-0.012,0.012,0.000144,4.68%
Sep-25,2025-09-20T18:30:00,0.24,0.25,0.01,0.01,0.0001,4.23%
Sep-25,2025-09-20T18:45:00,0.23,0.241,0.011,0.011,0.000121,4.88%
Sep-25,2025-09-20T19:00:00,0.25,0.234,-0.016,0.016,0.000256,6.24%
Sep-25,2025-09-20T19:15:00,0.24,0.248,0.008,0.008,0.000064,3.38%
Sep-25,2025-09-20T19:30:00,0.24,0.242,0.002,0.002,0.000004,0.85%
Sep-25,2025-09-20T19:45:00,0.26,0.256,-0.004,0.004,0.000016,1.53%
Sep-25,2025-09-20T20:00:00,0.37,0.353,-0.017,0.017,0.000289,4.48%
Sep-25,2025-09-20T20:15:00,0.65,0.592,-0.058,0.058,0.003364,8.92%
Sep-25,2025-09-20T20:30:00,0.55,0.567,0.017,0.017,0.000289,3.10%
Sep-25,2025-09-20T20:45:00,0.47,0.472,0.002,0.002,0.000004,0.44%
Sep-25,2025-09-20T21:00:00,0.46,0.445,-0.015,0.015,0.000225,3.20%
Sep-25,2025-09-20T21:15:00,0.38,0.38,0,0,0,0.02%
Sep-25,2025-09-20T21:30:00,0.3,0.308,0.008,0.008,0.000064,2.68%
Sep-25,2025-09-20T21:45:00,0.3,0.31,0.01,0.01,0.0001,3.20%
Sep-25,2025-09-20T22:00:00,0.31,0.321,0.011,0.011,0.000121,3.46%
Sep-25,2025-09-20T22:15:00,0.34,0.315,-0.025,0.025,0.000625,7.33%
Sep-25,2025-09-20T22:30:00,0.72,0.72,0,0,0,0.02%
Sep-25,2025-09-20T22:45:00,0.32,0.344,0.024,0.024,0.000576,7.40%
Sep-25,2025-09-20T23:00:00,0.34,0.334,-0.006,0.006,0.000036,1.70%
Sep-25,2025-09-20T23:15:00,0.35,0.337,-0.013,0.013,0.000169,3.62%
Sep-25,2025-09-20T23:30:00,0.29,0.314,0.024,0.024,0.000576,8.17%
Sep-25,2025-09-20T23:45:00,0.29,0.273,-0.017,0.017,0.000289,6.01%
Sep-25,2025-09-21T00:00:00,0.29,0.281,-0.009,0.009,0.000081,3.19%
Sep-25,2025-09-21T00:15:00,0.27,0.264,-0.006,0.006,0.000036,2.23%
Sep-25,2025-09-21T00:30:00,0.26,0.256,-0.004,0.004,0.000016,1.61%
Sep-25,2025-09-21T00:45:00,0.31,0.297,-0.013,0.013,0.000169,4.10%
Sep-25,2025-09-21T01:00:00,0.3,0.298,-0.002,0.002,0.000004,0.55%
Sep-25,2025-09-21T01:15:00,0.29,0.291,0.001,0.001,0.000001,0.40%
Sep-25,2025-09-21T01:30:00,0.28,0.281,0.001,0.001,0.000001,0.18%
Sep-25,2025-09-21T01:45:00,0.36,0.343,-0.017,0.017,0.000289,4.65%
Sep-25,2025-09-21T02:00:00,0.31,0.332,0.022,0.022,0.000484,7.09%
Sep-25,2025-09-21T02:15:00,0.29,0.295,0.005,0.005,0.000025,1.83%
Sep-25,2025-09-21T02:30:00,0.3,0.294,-0.006,0.006,0.000036,1.85%
Sep-25,2025-09-21T02:45:00,0.29,0.296,0.006,0.006,0.000036,2.14%
Sep-25,2025-09-21T03:00:00,0.29,0.289,-0.001,0.001,0.000001,0.36%
Sep-25,2025-09-21T03:15:00,0.28,0.281,0.001,0.001,0.000001,0.37%
Sep-25,2025-09-21T03:30:00,0.27,0.273,0.003,0.003,0.000009,1.20%
Sep-25,2025-09-21T03:45:00,0.27,0.269,-0.001,0.001,0.000001,0.23%
Sep-25,2025-09-21T04:00:00,0.3,0.293,-0.007,0.007,0.000049,2.35%
Sep-25,2025-09-21T04:15:00,0.29,0.293,0.003,0.003,0.000009,1.13%
Sep-25,2025-09-21T04:30:00,0.29,0.284,-0.006,0.006,0.000036,2.02%
Sep-25,2025-09-21T04:45:00,0.29,0.292,0.002,0.002,0.000004,0.78%
Sep-25,2025-09-21T05:00:00,0.27,0.273,0.003,0.003,0.000009,1.12%
Sep-25,2025-09-21T05:15:00,0.3,0.288,-0.012,0.012,0.000144,3.87%
Sep-25,2025-09-21T05:30:00,0.28,0.284,0.004,0.004,0.000016,1.46%
Sep-25,2025-09-21T05:45:00,0.3,0.296,-0.004,0.004,0.000016,1.43%
Sep-25,2025-09-21T06:00:00,0.29,0.28,-0.01,0.01,0.0001,3.45%
Sep-25,2025-09-21T06:15:00,0.28,0.277,-0.003,0.003,0.000009,0.99%
Sep-25,2025-09-21T06:30:00,0.28,0.28,0,0,0,0.08%
Sep-25,2025-09-21T06:45:00,0.25,0.257,0.007,0.007,0.000049,2.70%
Sep-25,2025-09-21T07:00:00,0.26,0.249,-0.011,0.011,0.000121,4.26%
Sep-25,2025-09-21T07:15:00,0.26,0.263,0.003,0.003,0.000009,1.22%
Sep-25,2025-09-21T07:30:00,0.24,0.238,-0.002,0.002,0.000004,0.75%
Sep-25,2025-09-21T07:45:00,0.27,0.225,-0.045,0.045,0.002025,16.65%
Sep-25,2025-09-21T08:00:00,0.27,0.276,0.006,0.006,0.000036,2.10%
Sep-25,2025-09-21T08:15:00,0.26,0.285,0.025,0.025,0.000625,9.74%
Sep-25,2025-09-21T08:30:00,0.25,0.317,0.067,0.067,0.004489,26.93%
Sep-25,2025-09-21T08:45:00,0.29,0.281,-0.009,0.009,0.000081,3.07%
Sep-25,2025-09-21T09:00:00,0.45,0.416,-0.034,0.034,0.001156,7.66%
Sep-25,2025-09-21T09:15:00,0.36,0.55,0.19,0.19,0.0361,52.68%
Sep-25,2025-09-21T09:30:00,2.47,1.598,-0.872,0.872,0.760384,35.31%
Sep-25,2025-09-21T09:45:00,1.14,1.256,0.116,0.116,0.013456,10.18%
Sep-25,2025-09-21T10:00:00,1.88,1.622,-0.258,0.258,0.066564,13.71%
Sep-25,2025-09-21T10:15:00,0.98,0.998,0.018,0.018,0.000324,1.83%
Sep-25,2025-09-21T10:30:00,2.45,1.44,-1.01,1.01,1.0201,41.21%
Sep-25,2025-09-21T10:45:00,3.33,4.018,0.688,0.688,0.473344,20.66%
Sep-25,2025-09-21T11:00:00,2.46,3.457,0.997,0.997,0.994009,40.53%
Sep-25,2025-09-21T11:15:00,1.98,3.036,1.056,1.056,1.115136,53.35%
Sep-25,2025-09-21T11:30:00,1.98,2.602,0.622,0.622,0.386884,31.41%
Sep-25,2025-09-21T11:45:00,2.69,3.081,0.391,0.391,0.152881,14.52%
Sep-25,2025-09-21T12:00:00,3.2,2.827,-0.373,0.373,0.139129,11.65%
Sep-25,2025-09-21T12:15:00,2.56,2.427,-0.133,0.133,0.017689,5.20%
Sep-25,2025-09-21T12:30:00,3.63,3.23,-0.4,0.4,0.16,11.03%
Sep-25,2025-09-21T12:45:00,2.1,2.622,0.522,0.522,0.272484,24.84%
Sep-25,2025-09-21T13:00:00,0.27,1.285,1.015,1.015,1.030225,376.05%
Sep-25,2025-09-21T13:15:00,1.03,0.325,-0.705,0.705,0.497025,68.44%
Sep-25,2025-09-21T13:30:00,0.22,0.628,0.408,0.408,0.166464,185.62%
Sep-25,2025-09-21T13:45:00,0.26,0.67,0.41,0.41,0.1681,157.63%
Sep-25,2025-09-21T14:00:00,0.24,0.3,0.06,0.06,0.0036,24.82%
Sep-25,2025-09-21T14:15:00,0.22,0.427,0.207,0.207,0.042849,94.10%
Sep-25,2025-09-21T14:30:00,0.22,0.225,0.005,0.005,0.000025,2.11%
Sep-25,2025-09-21T14:45:00,0.26,0.2,-0.06,0.06,0.0036,23.14%
Sep-25,2025-09-21T15:00:00,0.2,0.188,-0.012,0.012,0.000144,5.82%
Sep-25,2025-09-21T15:15:00,0.22,0.229,0.009,0.009,0.000081,4.28%
Sep-25,2025-09-21T15:30:00,0.34,0.246,-0.094,0.094,0.008836,27.52%
Sep-25,2025-09-21T15:45:00,1.71,0.383,-1.327,1.327,1.760929,77.60%
Sep-25,2025-09-21T16:00:00,0.31,0.501,0.191,0.191,0.036481,61.75%
Sep-25,2025-09-21T16:15:00,0.31,0.372,0.062,0.062,0.003844,19.96%
Sep-25,2025-09-21T16:30:00,2.46,1.867,-0.593,0.593,0.351649,24.11%
Sep-25,2025-09-21T16:45:00,1.75,1.233,-0.517,0.517,0.267289,29.54%
Sep-25,2025-09-21T17:00:00,0.97,0.989,0.019,0.019,0.000361,2.01%
Sep-25,2025-09-21T17:15:00,1.27,1.117,-0.153,0.153,0.023409,12.04%
Sep-25,2025-09-21T17:30:00,1.26,1.166,-0.094,0.094,0.008836,7.42%
Sep-25,2025-09-21T17:45:00,0.92,0.703,-0.217,0.217,0.047089,23.61%
Sep-25,2025-09-21T18:00:00,0.6,0.475,-0.125,0.125,0.015625,20.75%
Sep-25,2025-09-21T18:15:00,0.66,0.623,-0.037,0.037,0.001369,5.63%
Sep-25,2025-09-21T18:30:00,1.1,1.087,-0.013,0.013,0.000169,1.22%
Sep-25,2025-09-21T18:45:00,0.42,0.424,0.004,0.004,0.000016,1.03%
Sep-25,2025-09-21T19:00:00,0.43,0.431,0.001,0.001,0.000001,0.25%
Sep-25,2025-09-21T19:15:00,0.55,0.538,-0.012,0.012,0.000144,2.14%
Sep-25,2025-09-21T19:30:00,0.51,0.531,0.021,0.021,0.000441,4.10%
Sep-25,2025-09-21T19:45:00,0.45,0.446,-0.004,0.004,0.000016,0.85%
Sep-25,2025-09-21T20:00:00,0.33,0.339,0.009,0.009,0.000081,2.69%
Sep-25,2025-09-21T20:15:00,0.24,0.281,0.041,0.041,0.001681,17.20%
Sep-25,2025-09-21T20:30:00,0.27,0.273,0.003,0.003,0.000009,1.10%
Sep-25,2025-09-21T20:45:00,0.32,0.311,-0.009,0.009,0.000081,2.80%
Sep-25,2025-09-21T21:00:00,0.37,0.344,-0.026,0.026,0.000676,7.11%
Sep-25,2025-09-21T21:15:00,0.46,0.471,0.011,0.011,0.000121,2.50%
Sep-25,2025-09-21T21:30:00,0.61,0.582,-0.028,0.028,0.000784,4.51%
Sep-25,2025-09-21T21:45:00,0.45,0.447,-0.003,0.003,0.000009,0.68%
Sep-25,2025-09-21T22:00:00,0.53,0.511,-0.019,0.019,0.000361,3.58%
Sep-25,2025-09-21T22:15:00,0.55,0.518,-0.032,0.032,0.001024,5.73%
Sep-25,2025-09-21T22:30:00,0.55,0.545,-0.005,0.005,0.000025,0.92%
Sep-25,2025-09-21T22:45:00,0.36,0.353,-0.007,0.007,0.000049,2.03%
Sep-25,2025-09-21T23:00:00,0.33,0.328,-0.002,0.002,0.000004,0.64%
Sep-25,2025-09-21T23:15:00,0.29,0.31,0.02,0.02,0.0004,6.92%
Sep-25,2025-09-21T23:30:00,0.23,0.266,0.036,0.036,0.001296,15.46%
Sep-25,2025-09-21T23:45:00,0.28,0.273,-0.007,0.007,0.000049,2.62%
Sep-25,2025-09-22T00:00:00,0.28,0.276,-0.004,0.004,0.000016,1.26%
Sep-25,2025-09-22T00:15:00,0.28,0.279,-0.001,0.001,0.000001,0.35%
Sep-25,2025-09-22T00:30:00,0.27,0.271,0.001,0.001,0.000001,0.48%
Sep-25,2025-09-22T00:45:00,0.25,0.25,0,0,0,0.20%
Sep-25,2025-09-22T01:00:00,0.24,0.244,0.004,0.004,0.000016,1.73%
Sep-25,2025-09-22T01:15:00,0.27,0.265,-0.005,0.005,0.000025,2.03%
Sep-25,2025-09-22T01:30:00,0.32,0.296,-0.024,0.024,0.000576,7.53%
Sep-25,2025-09-22T01:45:00,2.44,2.124,-0.316,0.316,0.099856,12.97%
Sep-25,2025-09-22T02:00:00,0.32,0.308,-0.012,0.012,0.000144,3.88%
Sep-25,2025-09-22T02:15:00,1,0.975,-0.025,0.025,0.000625,2.51%
Sep-25,2025-09-22T02:30:00,0.29,0.299,0.009,0.009,0.000081,3.12%
Sep-25,2025-09-22T02:45:00,0.3,0.295,-0.005,0.005,0.000025,1.81%
Sep-25,2025-09-22T03:00:00,0.36,0.342,-0.018,0.018,0.000324,5.05%
Sep-25,2025-09-22T03:15:00,0.37,0.358,-0.012,0.012,0.000144,3.34%
Sep-25,2025-09-22T03:30:00,0.36,0.354,-0.006,0.006,0.000036,1.58%
Sep-25,2025-09-22T03:45:00,0.36,0.359,-0.001,0.001,0.000001,0.33%
Sep-25,2025-09-22T04:00:00,1.01,1.1,0.09,0.09,0.0081,8.93%
Sep-25,2025-09-22T04:15:00,0.42,0.428,0.008,0.008,0.000064,1.96%
Sep-25,2025-09-22T04:30:00,1.06,1.001,-0.059,0.059,0.003481,5.56%
Sep-25,2025-09-22T04:45:00,1.04,1.054,0.014,0.014,0.000196,1.34%
Sep-25,2025-09-22T05:00:00,0.45,0.432,-0.018,0.018,0.000324,4.09%
Sep-25,2025-09-22T05:15:00,2.37,2.406,0.036,0.036,0.001296,1.51%
Sep-25,2025-09-22T05:30:00,1.69,1.593,-0.097,0.097,0.009409,5.72%
Sep-25,2025-09-22T05:45:00,0.33,0.318,-0.012,0.012,0.000144,3.63%
Sep-25,2025-09-22T06:00:00,0.32,0.326,0.006,0.006,0.000036,1.85%
Sep-25,2025-09-22T06:15:00,1.59,1.608,0.018,0.018,0.000324,1.12%
Sep-25,2025-09-22T06:30:00,0.34,0.31,-0.03,0.03,0.0009,8.77%
Sep-25,2025-09-22T06:45:00,0.31,0.315,0.005,0.005,0.000025,1.74%
Sep-25,2025-09-22T07:00:00,0.29,0.318,0.028,0.028,0.000784,9.54%
Sep-25,2025-09-22T07:15:00,0.42,0.425,0.005,0.005,0.000025,1.25%
Sep-25,2025-09-22T07:30:00,0.87,1.14,0.27,0.27,0.0729,31.08%
Sep-25,2025-09-22T07:45:00,0.72,0.939,0.219,0.219,0.047961,30.36%
Sep-25,2025-09-22T08:00:00,2.24,2.346,0.106,0.106,0.011236,4.73%
Sep-25,2025-09-22T08:15:00,0.76,1.012,0.252,0.252,0.063504,33.11%
Sep-25,2025-09-22T08:30:00,1,1.254,0.254,0.254,0.064516,25.35%
Sep-25,2025-09-22T08:45:00,1.55,1.671,0.121,0.121,0.014641,7.82%
Sep-25,2025-09-22T09:00:00,2.06,2.033,-0.027,0.027,0.000729,1.30%
Sep-25,2025-09-22T09:15:00,1.37,1.61,0.24,0.24,0.0576,17.48%
Sep-25,2025-09-22T09:30:00,0.57,1.316,0.746,0.746,0.556516,130.87%
Sep-25,2025-09-22T09:45:00,0.55,1.292,0.742,0.742,0.550564,134.99%
Sep-25,2025-09-22T10:00:00,0.23,0.973,0.743,0.743,0.552049,322.93%
Sep-25,2025-09-22T10:15:00,0.19,0.66,0.47,0.47,0.2209,247.30%
Sep-25,2025-09-22T10:30:00,0.22,0.789,0.569,0.569,0.323761,258.82%
Sep-25,2025-09-22T10:45:00,1.45,1.716,0.266,0.266,0.070756,18.38%
Sep-25,2025-09-22T11:00:00,2.31,2.764,0.454,0.454,0.206116,19.64%
Sep-25,2025-09-22T11:15:00,2.51,2.476,-0.034,0.034,0.001156,1.34%
Sep-25,2025-09-22T11:30:00,2.64,2.885,0.245,0.245,0.060025,9.28%
Sep-25,2025-09-22T11:45:00,2.87,3.316,0.446,0.446,0.198916,15.54%
Sep-25,2025-09-22T12:00:00,2.97,2.859,-0.111,0.111,0.012321,3.74%
Sep-25,2025-09-22T12:15:00,3.14,3.368,0.228,0.228,0.051984,7.27%
Sep-25,2025-09-22T12:30:00,1.23,1.889,0.659,0.659,0.434281,53.55%
Sep-25,2025-09-22T12:45:00,0.23,1.001,0.771,0.771,0.594441,335.09%
Sep-25,2025-09-22T13:00:00,0.22,0.274,0.054,0.054,0.002916,24.38%
Sep-25,2025-09-22T13:15:00,0.19,0.37,0.18,0.18,0.0324,94.67%
Sep-25,2025-09-22T13:30:00,0.19,0.377,0.187,0.187,0.034969,98.65%
Sep-25,2025-09-22T13:45:00,0.24,0.183,-0.057,0.057,0.003249,23.89%
Sep-25,2025-09-22T14:00:00,0.24,0.152,-0.088,0.088,0.007744,36.67%
Sep-25,2025-09-22T14:15:00,0.23,0.23,0,0,0,0.21%
Sep-25,2025-09-22T14:30:00,0.23,0.202,-0.028,0.028,0.000784,12.21%
Sep-25,2025-09-22T14:45:00,0.33,0.262,-0.068,0.068,0.004624,20.70%
Sep-25,2025-09-22T15:00:00,0.41,0.256,-0.154,0.154,0.023716,37.50%
Sep-25,2025-09-22T15:15:00,0.23,0.245,0.015,0.015,0.000225,6.53%
Sep-25,2025-09-22T15:30:00,0.22,0.412,0.192,0.192,0.036864,87.46%
Sep-25,2025-09-22T15:45:00,0.21,0.363,0.153,0.153,0.023409,72.82%
Sep-25,2025-09-22T16:00:00,0.21,0.294,0.084,0.084,0.007056,40.24%
Sep-25,2025-09-22T16:15:00,0.2,0.223,0.023,0.023,0.000529,11.30%
Sep-25,2025-09-22T16:30:00,0.2,0.197,-0.003,0.003,0.000009,1.45%
Sep-25,2025-09-22T16:45:00,0.23,0.235,0.005,0.005,0.000025,1.97%
Sep-25,2025-09-22T17:00:00,0.23,0.247,0.017,0.017,0.000289,7.58%
Sep-25,2025-09-22T17:15:00,0.22,0.284,0.064,0.064,0.004096,29.24%
Sep-25,2025-09-22T17:30:00,0.22,0.253,0.033,0.033,0.001089,14.78%
Sep-25,2025-09-22T17:45:00,0.2,0.252,0.052,0.052,0.002704,25.88%
Sep-25,2025-09-22T18:00:00,0.19,0.22,0.03,0.03,0.0009,15.60%
Sep-25,2025-09-22T18:15:00,0.23,0.212,-0.018,0.018,0.000324,7.64%
Sep-25,2025-09-22T18:30:00,0.23,0.223,-0.007,0.007,0.000049,3.14%
Sep-25,2025-09-22T18:45:00,0.22,0.223,0.003,0.003,0.000009,1.33%
Sep-25,2025-09-22T19:00:00,0.23,0.224,-0.006,0.006,0.000036,2.63%
Sep-25,2025-09-22T19:15:00,2.73,2.221,-0.509,0.509,0.259081,18.63%
Sep-25,2025-09-22T19:30:00,0.99,0.972,-0.018,0.018,0.000324,1.86%
Sep-25,2025-09-22T19:45:00,0.8,0.778,-0.022,0.022,0.000484,2.72%
Sep-25,2025-09-22T20:00:00,0.63,0.616,-0.014,0.014,0.000196,2.24%
Sep-25,2025-09-22T20:15:00,0.6,0.607,0.007,0.007,0.000049,1.17%
Sep-25,2025-09-22T20:30:00,0.28,0.346,0.066,0.066,0.004356,23.40%
Sep-25,2025-09-22T20:45:00,0.27,0.278,0.008,0.008,0.000064,2.84%
Sep-25,2025-09-22T21:00:00,0.57,0.517,-0.053,0.053,0.002809,9.38%
Sep-25,2025-09-22T21:15:00,0.59,0.6,0.01,0.01,0.0001,1.65%
Sep-25,2025-09-22T21:30:00,0.59,0.599,0.009,0.009,0.000081,1.46%
Sep-25,2025-09-22T21:45:00,0.59,0.6,0.01,0.01,0.0001,1.65%
Sep-25,2025-09-22T22:00:00,0.58,0.564,-0.016,0.016,0.000256,2.76%
Sep-25,2025-09-22T22:15:00,0.58,0.564,-0.016,0.016,0.000256,2.81%
Sep-25,2025-09-22T22:30:00,0.55,0.543,-0.007,0.007,0.000049,1.21%
Sep-25,2025-09-22T22:45:00,0.53,0.531,0.001,0.001,0.000001,0.25%
Sep-25,2025-09-22T23:00:00,0.33,0.345,0.015,0.015,0.000225,4.39%
Sep-25,2025-09-22T23:15:00,0.27,0.291,0.021,0.021,0.000441,7.83%
Sep-25,2025-09-22T23:30:00,0.26,0.265,0.005,0.005,0.000025,1.90%
Sep-25,2025-09-22T23:45:00,0.26,0.263,0.003,0.003,0.000009,1.25%
Sep-25,2025-09-23T00:00:00,0.26,0.261,0.001,0.001,0.000001,0.29%
Sep-25,2025-09-23T00:15:00,0.22,0.25,0.03,0.03,0.0009,13.54%
Sep-25,2025-09-23T00:30:00,0.26,0.25,-0.01,0.01,0.0001,3.71%
Sep-25,2025-09-23T00:45:00,0.27,0.271,0.001,0.001,0.000001,0.21%
Sep-25,2025-09-23T01:00:00,0.26,0.263,0.003,0.003,0.000009,1.19%
Sep-25,2025-09-23T01:15:00,0.26,0.261,0.001,0.001,0.000001,0.24%
Sep-25,2025-09-23T01:30:00,0.23,0.246,0.016,0.016,0.000256,7.03%
Sep-25,2025-09-23T01:45:00,0.23,0.236,0.006,0.006,0.000036,2.46%
Sep-25,2025-09-23T02:00:00,0.25,0.24,-0.01,0.01,0.0001,4.01%
Sep-25,2025-09-23T02:15:00,0.26,0.257,-0.003,0.003,0.000009,1.19%
Sep-25,2025-09-23T02:30:00,0.26,0.26,0,0,0,0.12%
Sep-25,2025-09-23T02:45:00,0.25,0.247,-0.003,0.003,0.000009,1.17%
Sep-25,2025-09-23T03:00:00,0.25,0.24,-0.01,0.01,0.0001,3.83%
Sep-25,2025-09-23T03:15:00,0.23,0.24,0.01,0.01,0.0001,4.34%
Sep-25,2025-09-23T03:30:00,0.26,0.25,-0.01,0.01,0.0001,3.66%
Sep-25,2025-09-23T03:45:00,0.27,0.256,-0.014,0.014,0.000196,5.32%
Sep-25,2025-09-23T04:00:00,0.29,0.274,-0.016,0.016,0.000256,5.42%
Sep-25,2025-09-23T04:15:00,0.28,0.27,-0.01,0.01,0.0001,3.54%
Sep-25,2025-09-23T04:30:00,0.26,0.255,-0.005,0.005,0.000025,1.75%
Sep-25,2025-09-23T04:45:00,0.26,0.251,-0.009,0.009,0.000081,3.43%
Sep-25,2025-09-23T05:00:00,0.3,0.268,-0.032,0.032,0.001024,10.51%
Sep-25,2025-09-23T05:15:00,0.3,0.285,-0.015,0.015,0.000225,5.16%
Sep-25,2025-09-23T05:30:00,0.28,0.273,-0.007,0.007,0.000049,2.53%
Sep-25,2025-09-23T05:45:00,0.28,0.276,-0.004,0.004,0.000016,1.53%
Sep-25,2025-09-23T06:00:00,0.26,0.261,0.001,0.001,0.000001,0.58%
Sep-25,2025-09-23T06:15:00,0.25,0.244,-0.006,0.006,0.000036,2.45%
Sep-25,2025-09-23T06:30:00,0.3,0.28,-0.02,0.02,0.0004,6.63%
Sep-25,2025-09-23T06:45:00,0.29,0.285,-0.005,0.005,0.000025,1.56%
Sep-25,2025-09-23T07:00:00,0.28,0.284,0.004,0.004,0.000016,1.43%
Sep-25,2025-09-23T07:15:00,0.82,0.831,0.011,0.011,0.000121,1.38%
Sep-25,2025-09-23T07:30:00,0.4,0.45,0.05,0.05,0.0025,12.41%
Sep-25,2025-09-23T07:45:00,0.54,0.371,-0.169,0.169,0.028561,31.25%
Sep-25,2025-09-23T08:00:00,0.63,0.551,-0.079,0.079,0.006241,12.52%
Sep-25,2025-09-23T08:15:00,1.16,0.952,-0.208,0.208,0.043264,17.96%
Sep-25,2025-09-23T08:30:00,0.44,0.533,0.093,0.093,0.008649,21.05%
Sep-25,2025-09-23T08:45:00,1.56,1.863,0.303,0.303,0.091809,19.42%
Sep-25,2025-09-23T09:00:00,0.86,1.008,0.148,0.148,0.021904,17.26%
Sep-25,2025-09-23T09:15:00,0.24,0.509,0.269,0.269,0.072361,112.09%
Sep-25,2025-09-23T09:30:00,0.91,0.958,0.048,0.048,0.002304,5.29%
Sep-25,2025-09-23T09:45:00,0.98,0.551,-0.429,0.429,0.184041,43.81%
Sep-25,2025-09-23T10:00:00,0.89,0.504,-0.386,0.386,0.148996,43.33%
Sep-25,2025-09-23T10:15:00,1.52,2.247,0.727,0.727,0.528529,47.80%
Sep-25,2025-09-23T10:30:00,0.96,0.584,-0.376,0.376,0.141376,39.16%
Sep-25,2025-09-23T10:45:00,3.78,3.7,-0.08,0.08,0.0064,2.12%
Sep-25,2025-09-23T11:00:00,4.16,2.954,-1.206,1.206,1.454436,29%
Sep-25,2025-09-23T11:15:00,2.55,2.74,0.19,0.19,0.0361,7.46%
Sep-25,2025-09-23T11:30:00,2.72,2.749,0.029,0.029,0.000841,1.07%
Sep-25,2025-09-23T11:45:00,3.58,2.998,-0.582,0.582,0.338724,16.25%
Sep-25,2025-09-23T12:00:00,3,2.612,-0.388,0.388,0.150544,12.94%
Sep-25,2025-09-23T12:15:00,3.8,3.882,0.082,0.082,0.006724,2.15%
Sep-25,2025-09-23T12:30:00,1.87,2.495,0.625,0.625,0.390625,33.40%
Sep-25,2025-09-23T12:45:00,0.23,0.947,0.717,0.717,0.514089,311.68%
Sep-25,2025-09-23T13:00:00,0.23,0.441,0.211,0.211,0.044521,91.61%
Sep-25,2025-09-23T13:15:00,0.48,0.413,-0.067,0.067,0.004489,13.94%
Sep-25,2025-09-23T13:30:00,0.61,0.683,0.073,0.073,0.005329,12.02%
Sep-25,2025-09-23T13:45:00,0.43,0.4,-0.03,0.03,0.0009,6.94%
Sep-25,2025-09-23T14:00:00,0.26,0.413,0.153,0.153,0.023409,58.80%
Sep-25,2025-09-23T14:15:00,0.25,0.233,-0.017,0.017,0.000289,6.76%
Sep-25,2025-09-23T14:30:00,0.24,0.184,-0.056,0.056,0.003136,23.38%
Sep-25,2025-09-23T14:45:00,0.28,0.273,-0.007,0.007,0.000049,2.44%
Sep-25,2025-09-23T15:00:00,0.2,0.338,0.138,0.138,0.019044,68.80%
Sep-25,2025-09-23T15:15:00,0.23,0.199,-0.031,0.031,0.000961,13.51%
Sep-25,2025-09-23T15:30:00,0.19,0.191,0.001,0.001,0.000001,0.30%
Sep-25,2025-09-23T15:45:00,0.26,0.25,-0.01,0.01,0.0001,4.01%
Sep-25,2025-09-23T16:00:00,0.23,0.367,0.137,0.137,0.018769,59.67%
Sep-25,2025-09-23T16:15:00,0.22,0.191,-0.029,0.029,0.000841,13.36%
Sep-25,2025-09-23T16:30:00,0.23,0.337,0.107,0.107,0.011449,46.69%
Sep-25,2025-09-23T16:45:00,0.23,0.249,0.019,0.019,0.000361,8.25%
Sep-25,2025-09-23T17:00:00,0.22,0.25,0.03,0.03,0.0009,13.48%
Sep-25,2025-09-23T17:15:00,0.21,0.218,0.008,0.008,0.000064,3.69%
Sep-25,2025-09-23T17:30:00,0.19,0.226,0.036,0.036,0.001296,18.95%
Sep-25,2025-09-23T17:45:00,0.24,0.242,0.002,0.002,0.000004,0.89%
Sep-25,2025-09-23T18:00:00,0.23,0.236,0.006,0.006,0.000036,2.61%
Sep-25,2025-09-23T18:15:00,0.23,0.26,0.03,0.03,0.0009,13.18%
Sep-25,2025-09-23T18:30:00,0.44,0.461,0.021,0.021,0.000441,4.70%
Sep-25,2025-09-23T18:45:00,2.07,2.318,0.248,0.248,0.061504,12%
Sep-25,2025-09-23T19:00:00,2.1,2.062,-0.038,0.038,0.001444,1.81%
Sep-25,2025-09-23T19:15:00,2.25,2.279,0.029,0.029,0.000841,1.30%
Sep-25,2025-09-23T19:30:00,1.07,1.03,-0.04,0.04,0.0016,3.76%
Sep-25,2025-09-23T19:45:00,0.64,0.605,-0.035,0.035,0.001225,5.40%
Sep-25,2025-09-23T20:00:00,0.67,0.661,-0.009,0.009,0.000081,1.31%
Sep-25,2025-09-23T20:15:00,0.75,0.713,-0.037,0.037,0.001369,4.96%
Sep-25,2025-09-23T20:30:00,0.7,0.687,-0.013,0.013,0.000169,1.88%
Sep-25,2025-09-23T20:45:00,0.69,0.649,-0.041,0.041,0.001681,5.91%
Sep-25,2025-09-23T21:00:00,0.61,0.597,-0.013,0.013,0.000169,2.10%
Sep-25,2025-09-23T21:15:00,0.58,0.53,-0.05,0.05,0.0025,8.70%
Sep-25,2025-09-23T21:30:00,0.53,0.508,-0.022,0.022,0.000484,4.22%
Sep-25,2025-09-23T21:45:00,1.24,1.164,-0.076,0.076,0.005776,6.15%
Sep-25,2025-09-23T22:00:00,0.57,0.533,-0.037,0.037,0.001369,6.45%
Sep-25,2025-09-23T22:15:00,0.54,0.536,-0.004,0.004,0.000016,0.81%
Sep-25,2025-09-23T22:30:00,0.47,0.456,-0.014,0.014,0.000196,2.94%
Sep-25,2025-09-23T22:45:00,0.69,0.644,-0.046,0.046,0.002116,6.63%
Sep-25,2025-09-23T23:00:00,0.61,0.611,0.001,0.001,0.000001,0.11%
Sep-25,2025-09-23T23:15:00,0.3,0.342,0.042,0.042,0.001764,13.96%
Sep-25,2025-09-23T23:30:00,0.28,0.29,0.01,0.01,0.0001,3.47%
Sep-25,2025-09-23T23:45:00,0.22,0.263,0.043,0.043,0.001849,19.72%
Sep-25,2025-09-24T00:00:00,0.22,0.241,0.021,0.021,0.000441,9.75%
Sep-25,2025-09-24T00:15:00,0.26,0.246,-0.014,0.014,0.000196,5.40%
Sep-25,2025-09-24T00:30:00,0.3,0.29,-0.01,0.01,0.0001,3.32%
Sep-25,2025-09-24T00:45:00,0.29,0.293,0.003,0.003,0.000009,1.16%
Sep-25,2025-09-24T01:00:00,0.24,0.258,0.018,0.018,0.000324,7.39%
Sep-25,2025-09-24T01:15:00,0.22,0.248,0.028,0.028,0.000784,12.62%
Sep-25,2025-09-24T01:30:00,0.23,0.244,0.014,0.014,0.000196,6.08%
Sep-25,2025-09-24T01:45:00,0.26,0.252,-0.008,0.008,0.000064,2.92%
Sep-25,2025-09-24T02:00:00,0.27,0.269,-0.001,0.001,0.000001,0.47%
Sep-25,2025-09-24T02:15:00,0.26,0.262,0.002,0.002,0.000004,0.86%
Sep-25,2025-09-24T02:30:00,0.26,0.26,0,0,0,0.18%
Sep-25,2025-09-24T02:45:00,0.23,0.254,0.024,0.024,0.000576,10.42%
Sep-25,2025-09-24T03:00:00,0.22,0.248,0.028,0.028,0.000784,12.76%
Sep-25,2025-09-24T03:15:00,0.25,0.24,-0.01,0.01,0.0001,4.02%
Sep-25,2025-09-24T03:30:00,0.27,0.264,-0.006,0.006,0.000036,2.19%
Sep-25,2025-09-24T03:45:00,0.3,0.286,-0.014,0.014,0.000196,4.71%
Sep-25,2025-09-24T04:00:00,0.3,0.297,-0.003,0.003,0.000009,1.11%
Sep-25,2025-09-24T04:15:00,1.54,1.635,0.095,0.095,0.009025,6.17%
Sep-25,2025-09-24T04:30:00,1.54,1.611,0.071,0.071,0.005041,4.64%
Sep-25,2025-09-24T04:45:00,0.3,0.293,-0.007,0.007,0.000049,2.46%
Sep-25,2025-09-24T05:00:00,0.28,0.29,0.01,0.01,0.0001,3.52%
Sep-25,2025-09-24T05:15:00,0.89,0.812,-0.078,0.078,0.006084,8.73%
Sep-25,2025-09-24T05:30:00,1.52,1.634,0.114,0.114,0.012996,7.52%
Sep-25,2025-09-24T05:45:00,0.25,0.256,0.006,0.006,0.000036,2.23%
Sep-25,2025-09-24T06:00:00,0.22,0.248,0.028,0.028,0.000784,12.92%
Sep-25,2025-09-24T06:15:00,0.23,0.23,0,0,0,0.03%
Sep-25,2025-09-24T06:30:00,0.23,0.245,0.015,0.015,0.000225,6.46%
Sep-25,2025-09-24T06:45:00,0.23,0.239,0.009,0.009,0.000081,3.83%
Sep-25,2025-09-24T07:00:00,0.28,0.271,-0.009,0.009,0.000081,3.12%
Sep-25,2025-09-24T07:15:00,0.28,0.282,0.002,0.002,0.000004,0.72%
Sep-25,2025-09-24T07:30:00,0.4,0.355,-0.045,0.045,0.002025,11.37%
Sep-25,2025-09-24T07:45:00,0.52,0.531,0.011,0.011,0.000121,2.12%
Sep-25,2025-09-24T08:00:00,1.27,1.312,0.042,0.042,0.001764,3.33%
Sep-25,2025-09-24T08:15:00,2.54,2.998,0.458,0.458,0.209764,18.02%
Sep-25,2025-09-24T08:30:00,1.29,1.573,0.283,0.283,0.080089,21.91%
Sep-25,2025-09-24T08:45:00,0.59,0.517,-0.073,0.073,0.005329,12.38%
Sep-25,2025-09-24T09:00:00,0.28,0.67,0.39,0.39,0.1521,139.20%
Sep-25,2025-09-24T09:15:00,0.98,0.818,-0.162,0.162,0.026244,16.48%
Sep-25,2025-09-24T09:30:00,0.33,0.502,0.172,0.172,0.029584,52.26%
Sep-25,2025-09-24T09:45:00,0.29,0.499,0.209,0.209,0.043681,72.05%
Sep-25,2025-09-24T10:00:00,0.33,0.46,0.13,0.13,0.0169,39.46%
Sep-25,2025-09-24T10:15:00,1.32,1.235,-0.085,0.085,0.007225,6.44%
Sep-25,2025-09-24T10:30:00,0.24,0.506,0.266,0.266,0.070756,110.89%
Sep-25,2025-09-24T10:45:00,1.58,1.938,0.358,0.358,0.128164,22.66%
Sep-25,2025-09-24T11:00:00,2.35,2.825,0.475,0.475,0.225625,20.20%
Sep-25,2025-09-24T11:15:00,2.5,2.573,0.073,0.073,0.005329,2.93%
Sep-25,2025-09-24T11:30:00,2.67,2.964,0.294,0.294,0.086436,11.01%
Sep-25,2025-09-24T11:45:00,2.82,3.253,0.433,0.433,0.187489,15.35%
Sep-25,2025-09-24T12:00:00,2.87,3.093,0.223,0.223,0.049729,7.78%
Sep-25,2025-09-24T12:15:00,3,3.429,0.429,0.429,0.184041,14.29%
Sep-25,2025-09-24T12:30:00,2.15,2.708,0.558,0.558,0.311364,25.97%
Sep-25,2025-09-24T12:45:00,0.22,0.864,0.644,0.644,0.414736,292.95%
Sep-25,2025-09-24T13:00:00,0.21,0.247,0.037,0.037,0.001369,17.65%
Sep-25,2025-09-24T13:15:00,0.18,0.185,0.005,0.005,0.000025,2.86%
Sep-25,2025-09-24T13:30:00,0.33,0.465,0.135,0.135,0.018225,40.80%
Sep-25,2025-09-24T13:45:00,0.22,0.665,0.445,0.445,0.198025,202.19%
Sep-25,2025-09-24T14:00:00,0.22,0.368,0.148,0.148,0.021904,67.06%
Sep-25,2025-09-24T14:15:00,0.21,0.221,0.011,0.011,0.000121,5.07%
Sep-25,2025-09-24T14:30:00,0.21,0.192,-0.018,0.018,0.000324,8.58%
Sep-25,2025-09-24T14:45:00,0.13,0.184,0.054,0.054,0.002916,41.23%
Sep-25,2025-09-24T15:00:00,0.34,0.195,-0.145,0.145,0.021025,42.57%
Sep-25,2025-09-24T15:15:00,0.23,0.488,0.258,0.258,0.066564,112.01%
Sep-25,2025-09-24T15:30:00,0.18,0.203,0.023,0.023,0.000529,12.92%
Sep-25,2025-09-24T15:45:00,0.21,0.258,0.048,0.048,0.002304,22.78%
Sep-25,2025-09-24T16:00:00,0.21,0.266,0.056,0.056,0.003136,26.58%
Sep-25,2025-09-24T16:15:00,0.19,0.226,0.036,0.036,0.001296,18.77%
Sep-25,2025-09-24T16:30:00,0.21,0.196,-0.014,0.014,0.000196,6.82%
Sep-25,2025-09-24T16:45:00,0.22,0.241,0.021,0.021,0.000441,9.55%
Sep-25,2025-09-24T17:00:00,0.22,0.268,0.048,0.048,0.002304,22.03%
Sep-25,2025-09-24T17:15:00,0.22,0.225,0.005,0.005,0.000025,2.38%
Sep-25,2025-09-24T17:30:00,0.2,0.226,0.026,0.026,0.000676,12.78%
Sep-25,2025-09-24T17:45:00,0.19,0.219,0.029,0.029,0.000841,15.02%
Sep-25,2025-09-24T18:00:00,0.22,0.198,-0.022,0.022,0.000484,9.87%
Sep-25,2025-09-24T18:15:00,0.21,0.225,0.015,0.015,0.000225,7.01%
Sep-25,2025-09-24T18:30:00,0.22,0.236,0.016,0.016,0.000256,7.31%
Sep-25,2025-09-24T18:45:00,0.34,0.299,-0.041,0.041,0.001681,12.02%
Sep-25,2025-09-24T19:00:00,1.41,1.345,-0.065,0.065,0.004225,4.62%
Sep-25,2025-09-24T19:15:00,0.79,0.808,0.018,0.018,0.000324,2.23%
Sep-25,2025-09-24T19:30:00,0.68,0.701,0.021,0.021,0.000441,3.03%
Sep-25,2025-09-24T19:45:00,3.67,3.389,-0.281,0.281,0.078961,7.66%
Sep-25,2025-09-24T20:00:00,0.65,0.615,-0.035,0.035,0.001225,5.45%
Sep-25,2025-09-24T20:15:00,0.36,0.358,-0.002,0.002,0.000004,0.51%
Sep-25,2025-09-24T20:30:00,0.3,0.3,0,0,0,0.15%
Sep-25,2025-09-24T20:45:00,0.53,0.473,-0.057,0.057,0.003249,10.72%
Sep-25,2025-09-24T21:00:00,0.48,0.441,-0.039,0.039,0.001521,8.17%
Sep-25,2025-09-24T21:15:00,0.49,0.472,-0.018,0.018,0.000324,3.58%
Sep-25,2025-09-24T21:30:00,0.43,0.422,-0.008,0.008,0.000064,1.90%
Sep-25,2025-09-24T21:45:00,0.55,0.524,-0.026,0.026,0.000676,4.80%
Sep-25,2025-09-24T22:00:00,1.8,1.677,-0.123,0.123,0.015129,6.85%
Sep-25,2025-09-24T22:15:00,1.4,1.372,-0.028,0.028,0.000784,2.02%
Sep-25,2025-09-24T22:30:00,1.48,1.484,0.004,0.004,0.000016,0.24%
Sep-25,2025-09-24T22:45:00,1.51,1.429,-0.081,0.081,0.006561,5.37%
Sep-25,2025-09-24T23:00:00,1.51,1.489,-0.021,0.021,0.000441,1.37%
Sep-25,2025-09-24T23:15:00,1.47,1.263,-0.207,0.207,0.042849,14.11%
Sep-25,2025-09-24T23:30:00,1.52,1.298,-0.222,0.222,0.049284,14.62%
Sep-25,2025-09-24T23:45:00,1.31,1.327,0.017,0.017,0.000289,1.30%
Sep-25,2025-09-25T00:00:00,1.57,1.725,0.155,0.155,0.024025,9.89%
Sep-25,2025-09-25T00:15:00,0.27,0.291,0.021,0.021,0.000441,7.83%
Sep-25,2025-09-25T00:30:00,0.27,0.275,0.005,0.005,0.000025,1.93%
Sep-25,2025-09-25T00:45:00,0.24,0.248,0.008,0.008,0.000064,3.22%
Sep-25,2025-09-25T01:00:00,0.22,0.243,0.023,0.023,0.000529,10.55%
Sep-25,2025-09-25T01:15:00,0.27,0.238,-0.032,0.032,0.001024,11.81%
Sep-25,2025-09-25T01:30:00,0.26,0.251,-0.009,0.009,0.000081,3.37%
Sep-25,2025-09-25T01:45:00,0.26,0.253,-0.007,0.007,0.000049,2.78%
Sep-25,2025-09-25T02:00:00,0.26,0.254,-0.006,0.006,0.000036,2.47%
Sep-25,2025-09-25T02:15:00,0.24,0.245,0.005,0.005,0.000025,2.08%
Sep-25,2025-09-25T02:30:00,0.21,0.242,0.032,0.032,0.001024,15.39%
Sep-25,2025-09-25T02:45:00,0.26,0.235,-0.025,0.025,0.000625,9.67%
Sep-25,2025-09-25T03:00:00,0.28,0.259,-0.021,0.021,0.000441,7.51%
Sep-25,2025-09-25T03:15:00,0.24,0.248,0.008,0.008,0.000064,3.30%
Sep-25,2025-09-25T03:30:00,0.26,0.25,-0.01,0.01,0.0001,3.72%
Sep-25,2025-09-25T03:45:00,0.99,1.116,0.126,0.126,0.015876,12.75%
Sep-25,2025-09-25T04:00:00,2.35,2.361,0.011,0.011,0.000121,0.47%
Sep-25,2025-09-25T04:15:00,0.98,0.995,0.015,0.015,0.000225,1.55%
Sep-25,2025-09-25T04:30:00,0.39,0.385,-0.005,0.005,0.000025,1.19%
Sep-25,2025-09-25T04:45:00,0.37,0.361,-0.009,0.009,0.000081,2.41%
Sep-25,2025-09-25T05:00:00,0.35,0.345,-0.005,0.005,0.000025,1.39%
Sep-25,2025-09-25T05:15:00,2.19,2.181,-0.009,0.009,0.000081,0.40%
Sep-25,2025-09-25T05:30:00,0.35,0.325,-0.025,0.025,0.000625,7.20%
Sep-25,2025-09-25T05:45:00,0.32,0.321,0.001,0.001,0.000001,0.30%
Sep-25,2025-09-25T06:00:00,0.41,0.402,-0.008,0.008,0.000064,1.95%
Sep-25,2025-09-25T06:15:00,0.27,0.301,0.031,0.031,0.000961,11.59%
Sep-25,2025-09-25T06:30:00,0.28,0.259,-0.021,0.021,0.000441,7.67%
Sep-25,2025-09-25T06:45:00,0.37,0.33,-0.04,0.04,0.0016,10.85%
Sep-25,2025-09-25T07:00:00,0.38,0.34,-0.04,0.04,0.0016,10.59%
Sep-25,2025-09-25T07:15:00,1.05,1.153,0.103,0.103,0.010609,9.83%
Sep-25,2025-09-25T07:30:00,2.05,2.183,0.133,0.133,0.017689,6.47%
Sep-25,2025-09-25T07:45:00,2.65,2.672,0.022,0.022,0.000484,0.84%
Sep-25,2025-09-25T08:00:00,0.77,0.717,-0.053,0.053,0.002809,6.89%
Sep-25,2025-09-25T08:15:00,1.23,0.987,-0.243,0.243,0.059049,19.72%
Sep-25,2025-09-25T08:30:00,1.89,1.345,-0.545,0.545,0.297025,28.83%
Sep-25,2025-09-25T08:45:00,0.47,0.84,0.37,0.37,0.1369,78.69%
Sep-25,2025-09-25T09:00:00,0.36,0.487,0.127,0.127,0.016129,35.29%
Sep-25,2025-09-25T09:15:00,1.67,1.566,-0.104,0.104,0.010816,6.25%
Sep-25,2025-09-25T09:30:00,1.51,0.682,-0.828,0.828,0.685584,54.84%
Sep-25,2025-09-25T09:45:00,1.69,1.997,0.307,0.307,0.094249,18.14%
Sep-25,2025-09-25T10:00:00,1.38,0.783,-0.597,0.597,0.356409,43.29%
Sep-25,2025-09-25T10:15:00,0.24,0.871,0.631,0.631,0.398161,262.81%
Sep-25,2025-09-25T10:30:00,0.21,0.312,0.102,0.102,0.010404,48.79%
Sep-25,2025-09-25T10:45:00,1.48,1.104,-0.376,0.376,0.141376,25.39%
Sep-25,2025-09-25T11:00:00,2.24,1.807,-0.433,0.433,0.187489,19.35%
Sep-25,2025-09-25T11:15:00,2.43,1.91,-0.52,0.52,0.2704,21.38%
Sep-25,2025-09-25T11:30:00,2.56,2.222,-0.338,0.338,0.114244,13.21%
Sep-25,2025-09-25T11:45:00,2.76,2.731,-0.029,0.029,0.000841,1.04%
Sep-25,2025-09-25T12:00:00,2.88,2.877,-0.003,0.003,0.000009,0.09%
Sep-25,2025-09-25T12:15:00,2.94,2.839,-0.101,0.101,0.010201,3.42%
Sep-25,2025-09-25T12:30:00,3.05,2.91,-0.14,0.14,0.0196,4.60%
Sep-25,2025-09-25T12:45:00,0.24,1.491,1.251,1.251,1.565001,521.34%
Sep-25,2025-09-25T13:00:00,0.22,0.366,0.146,0.146,0.021316,66.29%
Sep-25,2025-09-25T13:15:00,0.23,0.469,0.239,0.239,0.057121,103.84%
Sep-25,2025-09-25T13:30:00,0.21,0.493,0.283,0.283,0.080089,134.70%
Sep-25,2025-09-25T13:45:00,0.21,0.167,-0.043,0.043,0.001849,20.68%
Sep-25,2025-09-25T14:00:00,0.18,0.117,-0.063,0.063,0.003969,35.03%
Sep-25,2025-09-25T14:15:00,0.19,0.155,-0.035,0.035,0.001225,18.33%
Sep-25,2025-09-25T14:30:00,0.22,0.271,0.051,0.051,0.002601,23.11%
Sep-25,2025-09-25T14:45:00,0.7,0.25,-0.45,0.45,0.2025,64.28%
Sep-25,2025-09-25T15:00:00,0.93,0.481,-0.449,0.449,0.201601,48.33%
Sep-25,2025-09-25T15:15:00,0.91,0.967,0.057,0.057,0.003249,6.26%
Sep-25,2025-09-25T15:30:00,0.73,0.532,-0.198,0.198,0.039204,27.11%
Sep-25,2025-09-25T15:45:00,0.35,0.468,0.118,0.118,0.013924,33.83%
Sep-25,2025-09-25T16:00:00,0.23,0.312,0.082,0.082,0.006724,35.50%
Sep-25,2025-09-25T16:15:00,0.22,0.34,0.12,0.12,0.0144,54.42%
Sep-25,2025-09-25T16:30:00,0.22,0.269,0.049,0.049,0.002401,22.34%
Sep-25,2025-09-25T16:45:00,0.21,0.194,-0.016,0.016,0.000256,7.73%
Sep-25,2025-09-25T17:00:00,0.19,0.229,0.039,0.039,0.001521,20.50%
Sep-25,2025-09-25T17:15:00,0.23,0.206,-0.024,0.024,0.000576,10.25%
Sep-25,2025-09-25T17:30:00,0.23,0.235,0.005,0.005,0.000025,2.07%
Sep-25,2025-09-25T17:45:00,0.39,0.34,-0.05,0.05,0.0025,12.81%
Sep-25,2025-09-25T18:00:00,0.51,0.436,-0.074,0.074,0.005476,14.50%
Sep-25,2025-09-25T18:15:00,0.5,0.32,-0.18,0.18,0.0324,36%
Sep-25,2025-09-25T18:30:00,0.53,0.328,-0.202,0.202,0.040804,38.04%
Sep-25,2025-09-25T18:45:00,1.38,1.294,-0.086,0.086,0.007396,6.26%
Sep-25,2025-09-25T19:00:00,0.96,0.9,-0.06,0.06,0.0036,6.27%
Sep-25,2025-09-25T19:15:00,0.6,0.62,0.02,0.02,0.0004,3.25%
Sep-25,2025-09-25T19:30:00,0.56,0.563,0.003,0.003,0.000009,0.51%
Sep-25,2025-09-25T19:45:00,0.6,0.627,0.027,0.027,0.000729,4.43%
Sep-25,2025-09-25T20:00:00,0.67,0.649,-0.021,0.021,0.000441,3.16%
Sep-25,2025-09-25T20:15:00,0.59,0.557,-0.033,0.033,0.001089,5.54%
Sep-25,2025-09-25T20:30:00,2.42,2.208,-0.212,0.212,0.044944,8.74%
Sep-25,2025-09-25T20:45:00,0.3,0.303,0.003,0.003,0.000009,0.87%
Sep-25,2025-09-25T21:00:00,0.36,0.33,-0.03,0.03,0.0009,8.45%
Sep-25,2025-09-25T21:15:00,0.68,0.623,-0.057,0.057,0.003249,8.41%
Sep-25,2025-09-25T21:30:00,0.47,0.473,0.003,0.003,0.000009,0.71%
Sep-25,2025-09-25T21:45:00,0.51,0.501,-0.009,0.009,0.000081,1.75%
Sep-25,2025-09-25T22:00:00,1.94,1.938,-0.002,0.002,0.000004,0.13%
Sep-25,2025-09-25T22:15:00,1.66,1.688,0.028,0.028,0.000784,1.71%
Sep-25,2025-09-25T22:30:00,0.58,0.585,0.005,0.005,0.000025,0.78%
Sep-25,2025-09-25T22:45:00,0.48,0.503,0.023,0.023,0.000529,4.89%
Sep-25,2025-09-25T23:00:00,0.29,0.326,0.036,0.036,0.001296,12.35%
Sep-25,2025-09-25T23:15:00,0.25,0.279,0.029,0.029,0.000841,11.47%
Sep-25,2025-09-25T23:30:00,0.96,0.933,-0.027,0.027,0.000729,2.82%
Sep-25,2025-09-25T23:45:00,0.29,0.302,0.012,0.012,0.000144,4.30%
Sep-25,2025-09-26T00:00:00,0.28,0.298,0.018,0.018,0.000324,6.38%
Sep-25,2025-09-26T00:15:00,0.27,0.276,0.006,0.006,0.000036,2.40%
Sep-25,2025-09-26T00:30:00,0.24,0.261,0.021,0.021,0.000441,8.62%
Sep-25,2025-09-26T00:45:00,0.24,0.248,0.008,0.008,0.000064,3.45%
Sep-25,2025-09-26T01:00:00,0.28,0.266,-0.014,0.014,0.000196,4.85%
Sep-25,2025-09-26T01:15:00,0.27,0.273,0.003,0.003,0.000009,0.94%
Sep-25,2025-09-26T01:30:00,0.27,0.269,-0.001,0.001,0.000001,0.27%
Sep-25,2025-09-26T01:45:00,0.26,0.263,0.003,0.003,0.000009,1.14%
Sep-25,2025-09-26T02:00:00,0.26,0.262,0.002,0.002,0.000004,0.75%
Sep-25,2025-09-26T02:15:00,0.23,0.255,0.025,0.025,0.000625,10.95%
Sep-25,2025-09-26T02:30:00,0.28,0.267,-0.013,0.013,0.000169,4.53%
Sep-25,2025-09-26T02:45:00,0.31,0.302,-0.008,0.008,0.000064,2.64%
Sep-25,2025-09-26T03:00:00,0.94,0.973,0.033,0.033,0.001089,3.47%
Sep-25,2025-09-26T03:15:00,0.95,0.956,0.006,0.006,0.000036,0.68%
Sep-25,2025-09-26T03:30:00,0.29,0.296,0.006,0.006,0.000036,2.15%
Sep-25,2025-09-26T03:45:00,0.28,0.291,0.011,0.011,0.000121,3.89%
Sep-25,2025-09-26T04:00:00,0.29,0.311,0.021,0.021,0.000441,7.19%
Sep-25,2025-09-26T04:15:00,2.24,2.291,0.051,0.051,0.002601,2.28%
Sep-25,2025-09-26T04:30:00,0.32,0.312,-0.008,0.008,0.000064,2.56%
Sep-25,2025-09-26T04:45:00,1.02,0.96,-0.06,0.06,0.0036,5.90%
Sep-25,2025-09-26T05:00:00,0.29,0.3,0.01,0.01,0.0001,3.51%
Sep-25,2025-09-26T05:15:00,0.27,0.28,0.01,0.01,0.0001,3.76%
Sep-25,2025-09-26T05:30:00,0.29,0.286,-0.004,0.004,0.000016,1.32%
Sep-25,2025-09-26T05:45:00,0.31,0.302,-0.008,0.008,0.000064,2.67%
Sep-25,2025-09-26T06:00:00,0.3,0.294,-0.006,0.006,0.000036,2.06%
Sep-25,2025-09-26T06:15:00,0.27,0.279,0.009,0.009,0.000081,3.15%
Sep-25,2025-09-26T06:30:00,0.29,0.28,-0.01,0.01,0.0001,3.38%
Sep-25,2025-09-26T06:45:00,0.27,0.275,0.005,0.005,0.000025,1.93%
Sep-25,2025-09-26T07:00:00,1.09,1.182,0.092,0.092,0.008464,8.46%
Sep-25,2025-09-26T07:15:00,3.62,3.411,-0.209,0.209,0.043681,5.78%
Sep-25,2025-09-26T07:30:00,1.31,1.624,0.314,0.314,0.098596,23.97%
Sep-25,2025-09-26T07:45:00,3.27,3.286,0.016,0.016,0.000256,0.50%
Sep-25,2025-09-26T08:00:00,2.66,2.968,0.308,0.308,0.094864,11.56%
Sep-25,2025-09-26T08:15:00,0.63,1.326,0.696,0.696,0.484416,110.49%
Sep-25,2025-09-26T08:30:00,1.43,1.508,0.078,0.078,0.006084,5.48%
Sep-25,2025-09-26T08:45:00,1.66,1.656,-0.004,0.004,0.000016,0.22%
Sep-25,2025-09-26T09:00:00,0.87,1.291,0.421,0.421,0.177241,48.39%
Sep-25,2025-09-26T09:15:00,0.38,0.923,0.543,0.543,0.294849,142.98%
Sep-25,2025-09-26T09:30:00,0.4,0.715,0.315,0.315,0.099225,78.76%
Sep-25,2025-09-26T09:45:00,1.68,1.169,-0.511,0.511,0.261121,30.42%
Sep-25,2025-09-26T10:00:00,1.25,1.155,-0.095,0.095,0.009025,7.62%
Sep-25,2025-09-26T10:15:00,0.43,0.543,0.113,0.113,0.012769,26.32%
Sep-25,2025-09-26T10:30:00,0.25,0.404,0.154,0.154,0.023716,61.60%
Sep-25,2025-09-26T10:45:00,1.41,1.681,0.271,0.271,0.073441,19.20%
Sep-25,2025-09-26T11:00:00,2.11,2.138,0.028,0.028,0.000784,1.33%
Sep-25,2025-09-26T11:15:00,2.24,2.153,-0.087,0.087,0.007569,3.90%
Sep-25,2025-09-26T11:30:00,2.45,2.246,-0.204,0.204,0.041616,8.32%
Sep-25,2025-09-26T11:45:00,2.58,3.362,0.782,0.782,0.611524,30.31%
Sep-25,2025-09-26T12:00:00,2.8,2.834,0.034,0.034,0.001156,1.22%
Sep-25,2025-09-26T12:15:00,2.87,2.729,-0.141,0.141,0.019881,4.92%
Sep-25,2025-09-26T12:30:00,2.92,2.783,-0.137,0.137,0.018769,4.68%
Sep-25,2025-09-26T12:45:00,3.06,3.044,-0.016,0.016,0.000256,0.53%
Sep-25,2025-09-26T13:00:00,2.4,2.593,0.193,0.193,0.037249,8.03%
Sep-25,2025-09-26T13:15:00,0.25,0.532,0.282,0.282,0.079524,112.81%
Sep-25,2025-09-26T13:30:00,0.24,0.351,0.111,0.111,0.012321,46.22%
Sep-25,2025-09-26T13:45:00,0.22,0.344,0.124,0.124,0.015376,56.36%
Sep-25,2025-09-26T14:00:00,0.22,0.255,0.035,0.035,0.001225,16.12%
Sep-25,2025-09-26T14:15:00,0.2,0.289,0.089,0.089,0.007921,44.57%
Sep-25,2025-09-26T14:30:00,0.19,0.193,0.003,0.003,0.000009,1.79%
Sep-25,2025-09-26T14:45:00,0.29,0.23,-0.06,0.06,0.0036,20.64%
Sep-25,2025-09-26T15:00:00,0.46,0.319,-0.141,0.141,0.019881,30.71%
Sep-25,2025-09-26T15:15:00,0.46,0.29,-0.17,0.17,0.0289,36.93%
Sep-25,2025-09-26T15:30:00,0.45,0.362,-0.088,0.088,0.007744,19.63%
Sep-25,2025-09-26T15:45:00,0.3,0.366,0.066,0.066,0.004356,22.05%
Sep-25,2025-09-26T16:00:00,0.22,0.271,0.051,0.051,0.002601,23.06%
Sep-25,2025-09-26T16:15:00,0.2,0.229,0.029,0.029,0.000841,14.50%
Sep-25,2025-09-26T16:30:00,0.19,0.202,0.012,0.012,0.000144,6.58%
Sep-25,2025-09-26T16:45:00,0.23,0.218,-0.012,0.012,0.000144,5.25%
Sep-25,2025-09-26T17:00:00,0.23,0.217,-0.013,0.013,0.000169,5.85%
Sep-25,2025-09-26T17:15:00,0.22,0.242,0.022,0.022,0.000484,10.11%
Sep-25,2025-09-26T17:30:00,0.2,0.22,0.02,0.02,0.0004,9.80%
Sep-25,2025-09-26T17:45:00,0.19,0.243,0.053,0.053,0.002809,28.11%
Sep-25,2025-09-26T18:00:00,0.27,0.253,-0.017,0.017,0.000289,6.41%
Sep-25,2025-09-26T18:15:00,1.66,1.9,0.24,0.24,0.0576,14.45%
Sep-25,2025-09-26T18:30:00,0.46,0.54,0.08,0.08,0.0064,17.46%
Sep-25,2025-09-26T18:45:00,0.55,0.56,0.01,0.01,0.0001,1.88%
Sep-25,2025-09-26T19:00:00,0.54,0.552,0.012,0.012,0.000144,2.14%
Sep-25,2025-09-26T19:15:00,0.68,0.647,-0.033,0.033,0.001089,4.79%
Sep-25,2025-09-26T19:30:00,1.95,1.92,-0.03,0.03,0.0009,1.54%
Sep-25,2025-09-26T19:45:00,2.4,2.288,-0.112,0.112,0.012544,4.68%
Sep-25,2025-09-26T20:00:00,1.47,1.579,0.109,0.109,0.011881,7.39%
Sep-25,2025-09-26T20:15:00,1.48,1.609,0.129,0.129,0.016641,8.74%
Sep-25,2025-09-26T20:30:00,0.66,0.664,0.004,0.004,0.000016,0.68%
Sep-25,2025-09-26T20:45:00,0.4,0.406,0.006,0.006,0.000036,1.47%
Sep-25,2025-09-26T21:00:00,0.44,0.404,-0.036,0.036,0.001296,8.08%
Sep-25,2025-09-26T21:15:00,0.67,0.53,-0.14,0.14,0.0196,20.86%
Sep-25,2025-09-26T21:30:00,0.67,0.718,0.048,0.048,0.002304,7.11%
Sep-25,2025-09-26T21:45:00,1.19,1.168,-0.022,0.022,0.000484,1.86%
Sep-25,2025-09-26T22:00:00,1.19,1.12,-0.07,0.07,0.0049,5.91%
Sep-25,2025-09-26T22:15:00,0.26,0.263,0.003,0.003,0.000009,1.27%
Sep-25,2025-09-26T22:30:00,0.25,0.253,0.003,0.003,0.000009,1.19%
Sep-25,2025-09-26T22:45:00,0.29,0.263,-0.027,0.027,0.000729,9.15%
Sep-25,2025-09-26T23:00:00,0.37,0.337,-0.033,0.033,0.001089,9.03%
Sep-25,2025-09-26T23:15:00,0.31,0.313,0.003,0.003,0.000009,0.86%
Sep-25,2025-09-26T23:30:00,0.28,0.282,0.002,0.002,0.000004,0.87%
Sep-25,2025-09-26T23:45:00,0.33,0.294,-0.036,0.036,0.001296,10.95%
Sep-25,2025-09-27T00:00:00,0.31,0.317,0.007,0.007,0.000049,2.29%
Sep-25,2025-09-27T00:15:00,0.29,0.287,-0.003,0.003,0.000009,1.05%
Sep-25,2025-09-27T00:30:00,0.26,0.257,-0.003,0.003,0.000009,1.10%
Sep-25,2025-09-27T00:45:00,0.26,0.254,-0.006,0.006,0.000036,2.33%
Sep-25,2025-09-27T01:00:00,0.22,0.238,0.018,0.018,0.000324,8.39%
Sep-25,2025-09-27T01:15:00,0.3,0.266,-0.034,0.034,0.001156,11.24%
Sep-25,2025-09-27T01:30:00,0.23,0.257,0.027,0.027,0.000729,11.93%
Sep-25,2025-09-27T01:45:00,0.29,0.268,-0.022,0.022,0.000484,7.73%
Sep-25,2025-09-27T02:00:00,0.3,0.283,-0.017,0.017,0.000289,5.51%
Sep-25,2025-09-27T02:15:00,0.29,0.283,-0.007,0.007,0.000049,2.32%
Sep-25,2025-09-27T02:30:00,0.27,0.258,-0.012,0.012,0.000144,4.41%
Sep-25,2025-09-27T02:45:00,0.31,0.281,-0.029,0.029,0.000841,9.25%
Sep-25,2025-09-27T03:00:00,0.29,0.28,-0.01,0.01,0.0001,3.37%
Sep-25,2025-09-27T03:15:00,1.63,1.524,-0.106,0.106,0.011236,6.50%
Sep-25,2025-09-27T03:30:00,0.36,0.364,0.004,0.004,0.000016,1.03%
Sep-25,2025-09-27T03:45:00,0.99,0.898,-0.092,0.092,0.008464,9.30%
Sep-25,2025-09-27T04:00:00,2.76,2.69,-0.07,0.07,0.0049,2.55%
Sep-25,2025-09-27T04:15:00,1.81,1.785,-0.025,0.025,0.000625,1.39%
Sep-25,2025-09-27T04:30:00,1.81,1.822,0.012,0.012,0.000144,0.66%
Sep-25,2025-09-27T04:45:00,1.48,1.57,0.09,0.09,0.0081,6.09%
Sep-25,2025-09-27T05:00:00,0.33,0.315,-0.015,0.015,0.000225,4.50%
Sep-25,2025-09-27T05:15:00,0.32,0.31,-0.01,0.01,0.0001,3.10%
Sep-25,2025-09-27T05:30:00,0.28,0.292,0.012,0.012,0.000144,4.24%
Sep-25,2025-09-27T05:45:00,0.27,0.265,-0.005,0.005,0.000025,1.88%
Sep-25,2025-09-27T06:00:00,0.33,0.289,-0.041,0.041,0.001681,12.28%
Sep-25,2025-09-27T06:15:00,0.4,0.385,-0.015,0.015,0.000225,3.74%
Sep-25,2025-09-27T06:30:00,0.42,0.399,-0.021,0.021,0.000441,5.08%
Sep-25,2025-09-27T06:45:00,0.37,0.362,-0.008,0.008,0.000064,2.20%
Sep-25,2025-09-27T07:00:00,0.36,0.344,-0.016,0.016,0.000256,4.36%
Sep-25,2025-09-27T07:15:00,0.34,0.352,0.012,0.012,0.000144,3.49%
Sep-25,2025-09-27T07:30:00,0.37,0.361,-0.009,0.009,0.000081,2.33%
Sep-25,2025-09-27T07:45:00,0.43,0.351,-0.079,0.079,0.006241,18.40%
Sep-25,2025-09-27T08:00:00,0.48,0.413,-0.067,0.067,0.004489,13.96%
Sep-25,2025-09-27T08:15:00,0.51,0.496,-0.014,0.014,0.000196,2.66%
Sep-25,2025-09-27T08:30:00,0.45,0.467,0.017,0.017,0.000289,3.80%
Sep-25,2025-09-27T08:45:00,0.48,0.369,-0.111,0.111,0.012321,23.15%
Sep-25,2025-09-27T09:00:00,0.51,0.313,-0.197,0.197,0.038809,38.54%
Sep-25,2025-09-27T09:15:00,0.4,0.443,0.043,0.043,0.001849,10.72%
Sep-25,2025-09-27T09:30:00,0.38,0.37,-0.01,0.01,0.0001,2.76%
Sep-25,2025-09-27T09:45:00,0.44,0.422,-0.018,0.018,0.000324,4.11%
Sep-25,2025-09-27T10:00:00,0.44,0.381,-0.059,0.059,0.003481,13.33%
Sep-25,2025-09-27T10:15:00,0.43,0.3,-0.13,0.13,0.0169,30.23%
Sep-25,2025-09-27T10:30:00,0.52,0.368,-0.152,0.152,0.023104,29.29%
Sep-25,2025-09-27T10:45:00,1.62,1.883,0.263,0.263,0.069169,16.24%
Sep-25,2025-09-27T11:00:00,3.3,3.766,0.466,0.466,0.217156,14.12%
Sep-25,2025-09-27T11:15:00,2.99,2.859,-0.131,0.131,0.017161,4.38%
Sep-25,2025-09-27T11:30:00,3.2,2.786,-0.414,0.414,0.171396,12.94%
Sep-25,2025-09-27T11:45:00,3.03,2.616,-0.414,0.414,0.171396,13.67%
Sep-25,2025-09-27T12:00:00,2.92,2.773,-0.147,0.147,0.021609,5.03%
Sep-25,2025-09-27T12:15:00,2.79,2.62,-0.17,0.17,0.0289,6.10%
Sep-25,2025-09-27T12:30:00,2.83,2.892,0.062,0.062,0.003844,2.19%
Sep-25,2025-09-27T12:45:00,3.07,2.906,-0.164,0.164,0.026896,5.35%
Sep-25,2025-09-27T13:00:00,2.83,2.378,-0.452,0.452,0.204304,15.96%
Sep-25,2025-09-27T13:15:00,2.82,2.509,-0.311,0.311,0.096721,11.02%
Sep-25,2025-09-27T13:30:00,3.02,2.743,-0.277,0.277,0.076729,9.18%
Sep-25,2025-09-27T13:45:00,2.95,2.886,-0.064,0.064,0.004096,2.17%
Sep-25,2025-09-27T14:00:00,2.97,2.675,-0.295,0.295,0.087025,9.94%
Sep-25,2025-09-27T14:15:00,3.08,3.002,-0.078,0.078,0.006084,2.53%
Sep-25,2025-09-27T14:30:00,0.21,0.347,0.137,0.137,0.018769,65.28%
Sep-25,2025-09-27T14:45:00,0.26,0.313,0.053,0.053,0.002809,20.53%
Sep-25,2025-09-27T15:00:00,0.26,0.286,0.026,0.026,0.000676,10.15%
Sep-25,2025-09-27T15:15:00,0.25,0.264,0.014,0.014,0.000196,5.40%
Sep-25,2025-09-27T15:30:00,0.23,0.349,0.119,0.119,0.014161,51.66%
Sep-25,2025-09-27T15:45:00,0.21,0.291,0.081,0.081,0.006561,38.36%
Sep-25,2025-09-27T16:00:00,0.21,0.218,0.008,0.008,0.000064,4%
Sep-25,2025-09-27T16:15:00,0.25,0.233,-0.017,0.017,0.000289,6.67%
Sep-25,2025-09-27T16:30:00,0.25,0.26,0.01,0.01,0.0001,3.84%
Sep-25,2025-09-27T16:45:00,0.38,0.32,-0.06,0.06,0.0036,15.78%
Sep-25,2025-09-27T17:00:00,1.78,2.088,0.308,0.308,0.094864,17.30%
Sep-25,2025-09-27T17:15:00,0.97,1.014,0.044,0.044,0.001936,4.52%
Sep-25,2025-09-27T17:30:00,0.95,0.848,-0.102,0.102,0.010404,10.79%
Sep-25,2025-09-27T17:45:00,0.35,0.339,-0.011,0.011,0.000121,3.10%
Sep-25,2025-09-27T18:00:00,2.23,2.243,0.013,0.013,0.000169,0.57%
Sep-25,2025-09-27T18:15:00,0.99,0.716,-0.274,0.274,0.075076,27.68%
Sep-25,2025-09-27T18:30:00,0.33,0.325,-0.005,0.005,0.000025,1.56%
Sep-25,2025-09-27T18:45:00,0.35,0.278,-0.072,0.072,0.005184,20.48%
Sep-25,2025-09-27T19:00:00,0.91,0.809,-0.101,0.101,0.010201,11.10%
Sep-25,2025-09-27T19:15:00,0.29,0.304,0.014,0.014,0.000196,4.88%
Sep-25,2025-09-27T19:30:00,0.32,0.326,0.006,0.006,0.000036,1.92%
Sep-25,2025-09-27T19:45:00,0.5,0.536,0.036,0.036,0.001296,7.13%
Sep-25,2025-09-27T20:00:00,1.53,1.559,0.029,0.029,0.000841,1.92%
Sep-25,2025-09-27T20:15:00,3.12,3.054,-0.066,0.066,0.004356,2.12%
Sep-25,2025-09-27T20:30:00,1.16,1.17,0.01,0.01,0.0001,0.90%
Sep-25,2025-09-27T20:45:00,0.67,0.637,-0.033,0.033,0.001089,4.96%
Sep-25,2025-09-27T21:00:00,0.43,0.371,-0.059,0.059,0.003481,13.73%
Sep-25,2025-09-27T21:15:00,0.43,0.425,-0.005,0.005,0.000025,1.12%
Sep-25,2025-09-27T21:30:00,1.79,1.791,0.001,0.001,0.000001,0.08%
Sep-25,2025-09-27T21:45:00,1.94,1.911,-0.029,0.029,0.000841,1.48%
Sep-25,2025-09-27T22:00:00,2.04,1.975,-0.065,0.065,0.004225,3.16%
Sep-25,2025-09-27T22:15:00,0.3,0.345,0.045,0.045,0.002025,15.07%
Sep-25,2025-09-27T22:30:00,0.3,0.314,0.014,0.014,0.000196,4.68%
Sep-25,2025-09-27T22:45:00,0.63,0.597,-0.033,0.033,0.001089,5.18%
Sep-25,2025-09-27T23:00:00,1.79,1.818,0.028,0.028,0.000784,1.55%
Sep-25,2025-09-27T23:15:00,1.88,1.843,-0.037,0.037,0.001369,1.96%
Sep-25,2025-09-27T23:30:00,0.8,0.787,-0.013,0.013,0.000169,1.66%
Sep-25,2025-09-27T23:45:00,0.25,0.292,0.042,0.042,0.001764,16.61%
Sep-25,2025-09-28T00:00:00,0.28,0.266,-0.014,0.014,0.000196,5.12%
Sep-25,2025-09-28T00:15:00,0.79,0.738,-0.052,0.052,0.002704,6.63%
Sep-25,2025-09-28T00:30:00,1.83,1.868,0.038,0.038,0.001444,2.06%
Sep-25,2025-09-28T00:45:00,1.98,1.935,-0.045,0.045,0.002025,2.27%
Sep-25,2025-09-28T01:00:00,0.8,0.786,-0.014,0.014,0.000196,1.74%
Sep-25,2025-09-28T01:15:00,0.25,0.28,0.03,0.03,0.0009,12.04%
Sep-25,2025-09-28T01:30:00,0.25,0.238,-0.012,0.012,0.000144,4.63%
Sep-25,2025-09-28T01:45:00,0.81,0.736,-0.074,0.074,0.005476,9.20%
Sep-25,2025-09-28T02:00:00,1.89,1.958,0.068,0.068,0.004624,3.61%
Sep-25,2025-09-28T02:15:00,2.06,2.055,-0.005,0.005,0.000025,0.22%
Sep-25,2025-09-28T02:30:00,0.89,0.838,-0.052,0.052,0.002704,5.82%
Sep-25,2025-09-28T02:45:00,0.26,0.279,0.019,0.019,0.000361,7.27%
Sep-25,2025-09-28T03:00:00,0.26,0.25,-0.01,0.01,0.0001,3.89%
Sep-25,2025-09-28T03:15:00,0.82,0.816,-0.004,0.004,0.000016,0.50%
Sep-25,2025-09-28T03:30:00,1.95,1.956,0.006,0.006,0.000036,0.31%
Sep-25,2025-09-28T03:45:00,2.12,2.086,-0.034,0.034,0.001156,1.58%
Sep-25,2025-09-28T04:00:00,0.92,0.906,-0.014,0.014,0.000196,1.55%
Sep-25,2025-09-28T04:15:00,0.27,0.289,0.019,0.019,0.000361,6.97%
Sep-25,2025-09-28T04:30:00,0.3,0.288,-0.012,0.012,0.000144,3.98%
Sep-25,2025-09-28T04:45:00,0.28,0.296,0.016,0.016,0.000256,5.70%
Sep-25,2025-09-28T05:00:00,1.98,1.983,0.003,0.003,0.000009,0.15%
Sep-25,2025-09-28T05:15:00,1.51,1.602,0.092,0.092,0.008464,6.07%
Sep-25,2025-09-28T05:30:00,0.27,0.272,0.002,0.002,0.000004,0.79%
Sep-25,2025-09-28T05:45:00,0.27,0.252,-0.018,0.018,0.000324,6.73%
Sep-25,2025-09-28T06:00:00,0.26,0.257,-0.003,0.003,0.000009,1.06%
Sep-25,2025-09-28T06:15:00,0.25,0.254,0.004,0.004,0.000016,1.55%
Sep-25,2025-09-28T06:30:00,0.23,0.246,0.016,0.016,0.000256,7.12%
Sep-25,2025-09-28T06:45:00,0.22,0.239,0.019,0.019,0.000361,8.67%
Sep-25,2025-09-28T07:00:00,0.27,0.26,-0.01,0.01,0.0001,3.53%
Sep-25,2025-09-28T07:15:00,0.27,0.272,0.002,0.002,0.000004,0.59%
Sep-25,2025-09-28T07:30:00,0.64,0.621,-0.019,0.019,0.000361,3.01%
Sep-25,2025-09-28T07:45:00,0.23,0.401,0.171,0.171,0.029241,74.51%
Sep-25,2025-09-28T08:00:00,0.78,0.645,-0.135,0.135,0.018225,17.33%
Sep-25,2025-09-28T08:15:00,0.34,0.602,0.262,0.262,0.068644,76.99%
Sep-25,2025-09-28T08:30:00,2.05,1.207,-0.843,0.843,0.710649,41.13%
Sep-25,2025-09-28T08:45:00,1.55,0.686,-0.864,0.864,0.746496,55.74%
Sep-25,2025-09-28T09:00:00,0.53,0.708,0.178,0.178,0.031684,33.55%
Sep-25,2025-09-28T09:15:00,0.39,0.784,0.394,0.394,0.155236,101.10%
Sep-25,2025-09-28T09:30:00,0.37,0.496,0.126,0.126,0.015876,34.10%
Sep-25,2025-09-28T09:45:00,1.39,1.203,-0.187,0.187,0.034969,13.44%
Sep-25,2025-09-28T10:00:00,0.44,0.907,0.467,0.467,0.218089,106.08%
Sep-25,2025-09-28T10:15:00,0.26,0.594,0.334,0.334,0.111556,128.42%
Sep-25,2025-09-28T10:30:00,0.26,0.621,0.361,0.361,0.130321,138.79%
Sep-25,2025-09-28T10:45:00,1.27,1.129,-0.141,0.141,0.019881,11.08%
Sep-25,2025-09-28T11:00:00,1.83,1.708,-0.122,0.122,0.014884,6.68%
Sep-25,2025-09-28T11:15:00,1.94,1.713,-0.227,0.227,0.051529,11.68%
Sep-25,2025-09-28T11:30:00,2.18,1.95,-0.23,0.23,0.0529,10.54%
Sep-25,2025-09-28T11:45:00,3.01,2.21,-0.8,0.8,0.64,26.59%
Sep-25,2025-09-28T12:00:00,3.18,2.906,-0.274,0.274,0.075076,8.61%
Sep-25,2025-09-28T12:15:00,3.3,2.948,-0.352,0.352,0.123904,10.66%
Sep-25,2025-09-28T12:30:00,3.35,2.808,-0.542,0.542,0.293764,16.16%
Sep-25,2025-09-28T12:45:00,3.22,2.887,-0.333,0.333,0.110889,10.34%
Sep-25,2025-09-28T13:00:00,2.4,2.491,0.091,0.091,0.008281,3.77%
Sep-25,2025-09-28T13:15:00,2.08,1.967,-0.113,0.113,0.012769,5.42%
Sep-25,2025-09-28T13:30:00,2.2,1.829,-0.371,0.371,0.137641,16.86%
Sep-25,2025-09-28T13:45:00,2.62,2.106,-0.514,0.514,0.264196,19.60%
Sep-25,2025-09-28T14:00:00,2.78,2.711,-0.069,0.069,0.004761,2.49%
Sep-25,2025-09-28T14:15:00,2.84,2.355,-0.485,0.485,0.235225,17.08%
Sep-25,2025-09-28T14:30:00,2.12,2.044,-0.076,0.076,0.005776,3.60%
Sep-25,2025-09-28T14:45:00,0.44,0.94,0.5,0.5,0.25,113.60%
Sep-25,2025-09-28T15:00:00,0.36,0.432,0.072,0.072,0.005184,20.12%
Sep-25,2025-09-28T15:15:00,1.03,0.444,-0.586,0.586,0.343396,56.89%
Sep-25,2025-09-28T15:30:00,0.4,0.607,0.207,0.207,0.042849,51.68%
Sep-25,2025-09-28T15:45:00,0.36,0.514,0.154,0.154,0.023716,42.71%
Sep-25,2025-09-28T16:00:00,1.03,0.574,-0.456,0.456,0.207936,44.29%
Sep-25,2025-09-28T16:15:00,0.96,0.997,0.037,0.037,0.001369,3.83%
Sep-25,2025-09-28T16:30:00,0.26,0.556,0.296,0.296,0.087616,113.90%
Sep-25,2025-09-28T16:45:00,0.24,0.327,0.087,0.087,0.007569,36.41%
Sep-25,2025-09-28T17:00:00,0.22,0.378,0.158,0.158,0.024964,71.88%
Sep-25,2025-09-28T17:15:00,0.26,0.314,0.054,0.054,0.002916,20.71%
Sep-25,2025-09-28T17:30:00,0.26,0.248,-0.012,0.012,0.000144,4.78%
Sep-25,2025-09-28T17:45:00,0.25,0.257,0.007,0.007,0.000049,2.74%
Sep-25,2025-09-28T18:00:00,0.24,0.29,0.05,0.05,0.0025,20.71%
Sep-25,2025-09-28T18:15:00,0.24,0.259,0.019,0.019,0.000361,8.08%
Sep-25,2025-09-28T18:30:00,0.23,0.255,0.025,0.025,0.000625,10.71%
Sep-25,2025-09-28T18:45:00,0.28,0.277,-0.003,0.003,0.000009,0.92%
Sep-25,2025-09-28T19:00:00,0.33,0.321,-0.009,0.009,0.000081,2.87%
Sep-25,2025-09-28T19:15:00,0.33,0.341,0.011,0.011,0.000121,3.40%
Sep-25,2025-09-28T19:30:00,0.32,0.338,0.018,0.018,0.000324,5.62%
Sep-25,2025-09-28T19:45:00,0.32,0.316,-0.004,0.004,0.000016,1.16%
Sep-25,2025-09-28T20:00:00,0.5,0.477,-0.023,0.023,0.000529,4.57%
Sep-25,2025-09-28T20:15:00,0.56,0.534,-0.026,0.026,0.000676,4.69%
Sep-25,2025-09-28T20:30:00,0.37,0.394,0.024,0.024,0.000576,6.39%
Sep-25,2025-09-28T20:45:00,0.35,0.336,-0.014,0.014,0.000196,3.97%
Sep-25,2025-09-28T21:00:00,0.41,0.385,-0.025,0.025,0.000625,6.21%
Sep-25,2025-09-28T21:15:00,0.46,0.432,-0.028,0.028,0.000784,6.03%
Sep-25,2025-09-28T21:30:00,1.32,1.303,-0.017,0.017,0.000289,1.29%
Sep-25,2025-09-28T21:45:00,2.68,2.642,-0.038,0.038,0.001444,1.42%
Sep-25,2025-09-28T22:00:00,2.35,2.303,-0.047,0.047,0.002209,2.01%
Sep-25,2025-09-28T22:15:00,1.33,1.363,0.033,0.033,0.001089,2.45%
Sep-25,2025-09-28T22:30:00,0.7,0.677,-0.023,0.023,0.000529,3.33%
Sep-25,2025-09-28T22:45:00,0.65,0.671,0.021,0.021,0.000441,3.22%
Sep-25,2025-09-28T23:00:00,0.72,0.712,-0.008,0.008,0.000064,1.14%
Sep-25,2025-09-28T23:15:00,1.21,1.193,-0.017,0.017,0.000289,1.42%
Sep-25,2025-09-28T23:30:00,1.42,1.376,-0.044,0.044,0.001936,3.07%
Sep-25,2025-09-28T23:45:00,1.44,1.402,-0.038,0.038,0.001444,2.65%
Sep-25,2025-09-29T00:00:00,1.11,1.108,-0.002,0.002,0.000004,0.16%
Sep-25,2025-09-29T00:15:00,1.31,1.321,0.011,0.011,0.000121,0.87%
Sep-25,2025-09-29T00:30:00,1.85,1.798,-0.052,0.052,0.002704,2.80%
Sep-25,2025-09-29T00:45:00,1.39,1.368,-0.022,0.022,0.000484,1.56%
Sep-25,2025-09-29T01:00:00,0.33,0.367,0.037,0.037,0.001369,11.19%
Sep-25,2025-09-29T01:15:00,0.33,0.332,0.002,0.002,0.000004,0.66%
Sep-25,2025-09-29T01:30:00,0.33,0.316,-0.014,0.014,0.000196,4.12%
Sep-25,2025-09-29T01:45:00,1.35,1.321,-0.029,0.029,0.000841,2.18%
Sep-25,2025-09-29T02:00:00,1.87,1.805,-0.065,0.065,0.004225,3.45%
Sep-25,2025-09-29T02:15:00,1.38,1.348,-0.032,0.032,0.001024,2.28%
Sep-25,2025-09-29T02:30:00,0.3,0.302,0.002,0.002,0.000004,0.82%
Sep-25,2025-09-29T02:45:00,0.39,0.362,-0.028,0.028,0.000784,7.27%
Sep-25,2025-09-29T03:00:00,0.39,0.377,-0.013,0.013,0.000169,3.22%
Sep-25,2025-09-29T03:15:00,2.03,2.038,0.008,0.008,0.000064,0.39%
Sep-25,2025-09-29T03:30:00,3.49,3.678,0.188,0.188,0.035344,5.37%
Sep-25,2025-09-29T03:45:00,2.26,2.127,-0.133,0.133,0.017689,5.90%
Sep-25,2025-09-29T04:00:00,2.48,2.653,0.173,0.173,0.029929,6.97%
Sep-25,2025-09-29T04:15:00,3.25,3.031,-0.219,0.219,0.047961,6.74%
Sep-25,2025-09-29T04:30:00,0.41,0.532,0.122,0.122,0.014884,29.76%
Sep-25,2025-09-29T04:45:00,2.49,2.57,0.08,0.08,0.0064,3.21%
Sep-25,2025-09-29T05:00:00,0.38,0.483,0.103,0.103,0.010609,27.22%
Sep-25,2025-09-29T05:15:00,0.37,0.432,0.062,0.062,0.003844,16.67%
Sep-25,2025-09-29T05:30:00,2.49,2.732,0.242,0.242,0.058564,9.71%
Sep-25,2025-09-29T05:45:00,0.38,0.4,0.02,0.02,0.0004,5.34%
Sep-25,2025-09-29T06:00:00,0.39,0.471,0.081,0.081,0.006561,20.67%
Sep-25,2025-09-29T06:15:00,0.37,0.348,-0.022,0.022,0.000484,6.03%
Sep-25,2025-09-29T06:30:00,0.4,0.367,-0.033,0.033,0.001089,8.21%
Sep-25,2025-09-29T06:45:00,0.41,0.451,0.041,0.041,0.001681,10.06%
Sep-25,2025-09-29T07:00:00,0.51,0.56,0.05,0.05,0.0025,9.89%
Sep-25,2025-09-29T07:15:00,0.96,1.029,0.069,0.069,0.004761,7.23%
Sep-25,2025-09-29T07:30:00,0.8,0.706,-0.094,0.094,0.008836,11.80%
Sep-25,2025-09-29T07:45:00,1.79,1.649,-0.141,0.141,0.019881,7.90%
Sep-25,2025-09-29T08:00:00,2.8,2.523,-0.277,0.277,0.076729,9.89%
Sep-25,2025-09-29T08:15:00,1.32,0.996,-0.324,0.324,0.104976,24.56%
Sep-25,2025-09-29T08:30:00,0.67,0.673,0.003,0.003,0.000009,0.41%
Sep-25,2025-09-29T08:45:00,0.6,0.637,0.037,0.037,0.001369,6.18%
Sep-25,2025-09-29T09:00:00,0.61,0.575,-0.035,0.035,0.001225,5.68%
Sep-25,2025-09-29T09:15:00,0.54,0.762,0.222,0.222,0.049284,41.18%
Sep-25,2025-09-29T09:30:00,2.02,1.147,-0.873,0.873,0.762129,43.21%
Sep-25,2025-09-29T09:45:00,1.53,1.184,-0.346,0.346,0.119716,22.64%
Sep-25,2025-09-29T10:00:00,0.76,0.822,0.062,0.062,0.003844,8.15%
Sep-25,2025-09-29T10:15:00,0.23,0.935,0.705,0.705,0.497025,306.42%
Sep-25,2025-09-29T10:30:00,0.26,0.378,0.118,0.118,0.013924,45.37%
Sep-25,2025-09-29T10:45:00,1.29,1.137,-0.153,0.153,0.023409,11.82%
Sep-25,2025-09-29T11:00:00,1.87,1.563,-0.307,0.307,0.094249,16.42%
Sep-25,2025-09-29T11:15:00,2.04,1.94,-0.1,0.1,0.01,4.89%
Sep-25,2025-09-29T11:30:00,2.22,2.356,0.136,0.136,0.018496,6.12%
Sep-25,2025-09-29T11:45:00,2.3,1.952,-0.348,0.348,0.121104,15.15%
Sep-25,2025-09-29T12:00:00,2.45,2.313,-0.137,0.137,0.018769,5.58%
Sep-25,2025-09-29T12:15:00,2.52,2.449,-0.071,0.071,0.005041,2.81%
Sep-25,2025-09-29T12:30:00,2.13,2.233,0.103,0.103,0.010609,4.86%
Sep-25,2025-09-29T12:45:00,1.96,1.836,-0.124,0.124,0.015376,6.35%
Sep-25,2025-09-29T13:00:00,1.96,1.72,-0.24,0.24,0.0576,12.24%
Sep-25,2025-09-29T13:15:00,2.51,2.324,-0.186,0.186,0.034596,7.41%
Sep-25,2025-09-29T13:30:00,2.97,2.513,-0.457,0.457,0.208849,15.39%
Sep-25,2025-09-29T13:45:00,2.68,2.835,0.155,0.155,0.024025,5.79%
Sep-25,2025-09-29T14:00:00,2.36,2.525,0.165,0.165,0.027225,7%
Sep-25,2025-09-29T14:15:00,2.85,2.731,-0.119,0.119,0.014161,4.19%
Sep-25,2025-09-29T14:30:00,2.95,2.639,-0.311,0.311,0.096721,10.54%
Sep-25,2025-09-29T14:45:00,0.24,0.732,0.492,0.492,0.242064,205.14%
Sep-25,2025-09-29T15:00:00,0.27,0.231,-0.039,0.039,0.001521,14.38%
Sep-25,2025-09-29T15:15:00,0.27,0.214,-0.056,0.056,0.003136,20.75%
Sep-25,2025-09-29T15:30:00,0.25,0.266,0.016,0.016,0.000256,6.35%
Sep-25,2025-09-29T15:45:00,0.24,0.312,0.072,0.072,0.005184,30.09%
Sep-25,2025-09-29T16:00:00,0.22,0.224,0.004,0.004,0.000016,1.75%
Sep-25,2025-09-29T16:15:00,0.27,0.224,-0.046,0.046,0.002116,17.05%
Sep-25,2025-09-29T16:30:00,0.29,0.256,-0.034,0.034,0.001156,11.67%
Sep-25,2025-09-29T16:45:00,0.27,0.24,-0.03,0.03,0.0009,11.24%
Sep-25,2025-09-29T17:00:00,0.26,0.253,-0.007,0.007,0.000049,2.59%
Sep-25,2025-09-29T17:15:00,0.27,0.278,0.008,0.008,0.000064,2.96%
Sep-25,2025-09-29T17:30:00,0.26,0.282,0.022,0.022,0.000484,8.60%
Sep-25,2025-09-29T17:45:00,0.31,0.268,-0.042,0.042,0.001764,13.56%
Sep-25,2025-09-29T18:00:00,0.34,0.275,-0.065,0.065,0.004225,19.02%
Sep-25,2025-09-29T18:15:00,0.42,0.381,-0.039,0.039,0.001521,9.37%
Sep-25,2025-09-29T18:30:00,0.69,0.667,-0.023,0.023,0.000529,3.38%
Sep-25,2025-09-29T18:45:00,0.67,0.694,0.024,0.024,0.000576,3.65%
Sep-25,2025-09-29T19:00:00,3.47,3.188,-0.282,0.282,0.079524,8.12%
Sep-25,2025-09-29T19:15:00,1.53,1.48,-0.05,0.05,0.0025,3.27%
Sep-25,2025-09-29T19:30:00,1.31,1.349,0.039,0.039,0.001521,2.99%
Sep-25,2025-09-29T19:45:00,1.71,1.704,-0.006,0.006,0.000036,0.38%
Sep-25,2025-09-29T20:00:00,0.62,0.601,-0.019,0.019,0.000361,3.13%
Sep-25,2025-09-29T20:15:00,0.35,0.383,0.033,0.033,0.001089,9.38%
Sep-25,2025-09-29T20:30:00,0.34,0.344,0.004,0.004,0.000016,1.03%
Sep-25,2025-09-29T20:45:00,1.01,0.997,-0.013,0.013,0.000169,1.33%
Sep-25,2025-09-29T21:00:00,0.44,0.431,-0.009,0.009,0.000081,1.96%
Sep-25,2025-09-29T21:15:00,0.89,0.923,0.033,0.033,0.001089,3.73%
Sep-25,2025-09-29T21:30:00,0.5,0.494,-0.006,0.006,0.000036,1.16%
Sep-25,2025-09-29T21:45:00,0.45,0.435,-0.015,0.015,0.000225,3.42%
Sep-25,2025-09-29T22:00:00,0.45,0.437,-0.013,0.013,0.000169,2.87%
Sep-25,2025-09-29T22:15:00,0.47,0.459,-0.011,0.011,0.000121,2.27%
Sep-25,2025-09-29T22:30:00,0.54,0.537,-0.003,0.003,0.000009,0.60%
Sep-25,2025-09-29T22:45:00,0.58,0.558,-0.022,0.022,0.000484,3.77%
Sep-25,2025-09-29T23:00:00,1.52,1.432,-0.088,0.088,0.007744,5.78%
Sep-25,2025-09-29T23:15:00,2.01,1.973,-0.037,0.037,0.001369,1.84%
Sep-25,2025-09-29T23:30:00,1.46,1.39,-0.07,0.07,0.0049,4.78%
Sep-25,2025-09-29T23:45:00,0.32,0.308,-0.012,0.012,0.000144,3.66%
Sep-25,2025-09-30T00:00:00,0.32,0.326,0.006,0.006,0.000036,1.99%
Sep-25,2025-09-30T00:15:00,0.31,0.316,0.006,0.006,0.000036,1.80%
Sep-25,2025-09-30T00:30:00,1.36,1.354,-0.006,0.006,0.000036,0.41%
Sep-25,2025-09-30T00:45:00,1.88,1.914,0.034,0.034,0.001156,1.81%
Sep-25,2025-09-30T01:00:00,1.4,1.373,-0.027,0.027,0.000729,1.90%
Sep-25,2025-09-30T01:15:00,0.33,0.322,-0.008,0.008,0.000064,2.48%
Sep-25,2025-09-30T01:30:00,0.32,0.318,-0.002,0.002,0.000004,0.50%
Sep-25,2025-09-30T01:45:00,0.29,0.313,0.023,0.023,0.000529,8.01%
Sep-25,2025-09-30T02:00:00,0.83,0.762,-0.068,0.068,0.004624,8.20%
Sep-25,2025-09-30T02:15:00,1.87,1.863,-0.007,0.007,0.000049,0.39%
Sep-25,2025-09-30T02:30:00,1.97,1.993,0.023,0.023,0.000529,1.19%
Sep-25,2025-09-30T02:45:00,0.33,0.323,-0.007,0.007,0.000049,1.99%
Sep-25,2025-09-30T03:00:00,0.32,0.328,0.008,0.008,0.000064,2.39%
Sep-25,2025-09-30T03:15:00,0.32,0.319,-0.001,0.001,0.000001,0.37%
Sep-25,2025-09-30T03:30:00,0.28,0.298,0.018,0.018,0.000324,6.41%
Sep-25,2025-09-30T03:45:00,0.28,0.274,-0.006,0.006,0.000036,2.26%
Sep-25,2025-09-30T04:00:00,0.3,0.282,-0.018,0.018,0.000324,6.09%
Sep-25,2025-09-30T04:15:00,0.29,0.28,-0.01,0.01,0.0001,3.37%
Sep-25,2025-09-30T04:30:00,0.28,0.277,-0.003,0.003,0.000009,1.19%
Sep-25,2025-09-30T04:45:00,0.28,0.268,-0.012,0.012,0.000144,4.21%
Sep-25,2025-09-30T05:00:00,0.26,0.263,0.003,0.003,0.000009,1.08%
Sep-25,2025-09-30T05:15:00,0.26,0.256,-0.004,0.004,0.000016,1.68%
Sep-25,2025-09-30T05:30:00,0.3,0.279,-0.021,0.021,0.000441,7.10%
Sep-25,2025-09-30T05:45:00,0.29,0.293,0.003,0.003,0.000009,0.90%
Sep-25,2025-09-30T06:00:00,0.28,0.277,-0.003,0.003,0.000009,1.12%
Sep-25,2025-09-30T06:15:00,0.28,0.281,0.001,0.001,0.000001,0.49%
Sep-25,2025-09-30T06:30:00,0.27,0.269,-0.001,0.001,0.000001,0.47%
Sep-25,2025-09-30T06:45:00,0.25,0.247,-0.003,0.003,0.000009,1.31%
Sep-25,2025-09-30T07:00:00,0.27,0.284,0.014,0.014,0.000196,5.15%
Sep-25,2025-09-30T07:15:00,0.29,0.293,0.003,0.003,0.000009,0.98%
Sep-25,2025-09-30T07:30:00,0.26,0.264,0.004,0.004,0.000016,1.53%
Sep-25,2025-09-30T07:45:00,0.57,0.56,-0.01,0.01,0.0001,1.73%
Sep-25,2025-09-30T08:00:00,3.28,3.237,-0.043,0.043,0.001849,1.30%
Sep-25,2025-09-30T08:15:00,4.66,4.14,-0.52,0.52,0.2704,11.16%
Sep-25,2025-09-30T08:30:00,1.94,1.619,-0.321,0.321,0.103041,16.57%
Sep-25,2025-09-30T08:45:00,1.56,1.789,0.229,0.229,0.052441,14.65%
Sep-25,2025-09-30T09:00:00,2.34,2.168,-0.172,0.172,0.029584,7.36%
Sep-25,2025-09-30T09:15:00,0.29,0.858,0.568,0.568,0.322624,195.85%
Sep-25,2025-09-30T09:30:00,0.41,0.825,0.415,0.415,0.172225,101.33%
Sep-25,2025-09-30T09:45:00,0.44,0.878,0.438,0.438,0.191844,99.43%
Sep-25,2025-09-30T10:00:00,0.45,0.806,0.356,0.356,0.126736,79.05%
Sep-25,2025-09-30T10:15:00,1.09,0.782,-0.308,0.308,0.094864,28.22%
Sep-25,2025-09-30T10:30:00,1.07,0.699,-0.371,0.371,0.137641,34.70%
Sep-25,2025-09-30T10:45:00,1.34,1.43,0.09,0.09,0.0081,6.72%
Sep-25,2025-09-30T11:00:00,1.93,2.008,0.078,0.078,0.006084,4.05%
Sep-25,2025-09-30T11:15:00,2,2.714,0.714,0.714,0.509796,35.72%
Sep-25,2025-09-30T11:30:00,2.18,2.483,0.303,0.303,0.091809,13.91%
Sep-25,2025-09-30T11:45:00,1.64,2.225,0.585,0.585,0.342225,35.65%
Sep-25,2025-09-30T12:00:00,1.71,2.278,0.568,0.568,0.322624,33.22%
Sep-25,2025-09-30T12:15:00,1.86,2.308,0.448,0.448,0.200704,24.07%
Sep-25,2025-09-30T12:30:00,1.88,2.149,0.269,0.269,0.072361,14.32%
Sep-25,2025-09-30T12:45:00,1.87,2.163,0.293,0.293,0.085849,15.68%
Sep-25,2025-09-30T13:00:00,1.87,2.055,0.185,0.185,0.034225,9.91%
Sep-25,2025-09-30T13:15:00,2.62,2.402,-0.218,0.218,0.047524,8.30%
Sep-25,2025-09-30T13:30:00,2,2.076,0.076,0.076,0.005776,3.81%
Sep-25,2025-09-30T13:45:00,2.2,2.217,0.017,0.017,0.000289,0.79%
Sep-25,2025-09-30T14:00:00,2.35,2.356,0.006,0.006,0.000036,0.25%
Sep-25,2025-09-30T14:15:00,2.5,2.29,-0.21,0.21,0.0441,8.40%
Sep-25,2025-09-30T14:30:00,2.59,2.109,-0.481,0.481,0.231361,18.58%
Sep-25,2025-09-30T14:45:00,2.52,2.203,-0.317,0.317,0.100489,12.58%
Sep-25,2025-09-30T15:00:00,2.96,1.015,-1.945,1.945,3.783025,65.71%
Sep-25,2025-09-30T15:15:00,2.12,1.909,-0.211,0.211,0.044521,9.94%
Sep-25,2025-09-30T15:30:00,2.67,2.648,-0.022,0.022,0.000484,0.82%
Sep-25,2025-09-30T15:45:00,3.8,3.635,-0.165,0.165,0.027225,4.33%
Sep-25,2025-09-30T16:00:00,1.84,1.819,-0.021,0.021,0.000441,1.15%
Sep-25,2025-09-30T16:15:00,1.23,1.241,0.011,0.011,0.000121,0.92%
Sep-25,2025-09-30T16:30:00,0.23,0.475,0.245,0.245,0.060025,106.54%
Sep-25,2025-09-30T16:45:00,0.25,0.294,0.044,0.044,0.001936,17.44%
Sep-25,2025-09-30T17:00:00,0.24,0.333,0.093,0.093,0.008649,38.82%
Sep-25,2025-09-30T17:15:00,0.23,0.34,0.11,0.11,0.0121,47.82%
Sep-25,2025-09-30T17:30:00,0.25,0.327,0.077,0.077,0.005929,30.73%
Sep-25,2025-09-30T17:45:00,0.25,0.254,0.004,0.004,0.000016,1.73%
Sep-25,2025-09-30T18:00:00,0.24,0.255,0.015,0.015,0.000225,6.10%
Sep-25,2025-09-30T18:15:00,0.4,0.361,-0.039,0.039,0.001521,9.79%
Sep-25,2025-09-30T18:30:00,1.22,1.18,-0.04,0.04,0.0016,3.28%
Sep-25,2025-09-30T18:45:00,0.82,0.802,-0.018,0.018,0.000324,2.17%
Sep-25,2025-09-30T19:00:00,0.69,0.68,-0.01,0.01,0.0001,1.44%
Sep-25,2025-09-30T19:15:00,0.76,0.732,-0.028,0.028,0.000784,3.70%
Sep-25,2025-09-30T19:30:00,0.68,0.691,0.011,0.011,0.000121,1.56%
Sep-25,2025-09-30T19:45:00,0.72,0.66,-0.06,0.06,0.0036,8.34%
Sep-25,2025-09-30T20:00:00,1.31,1.308,-0.002,0.002,0.000004,0.16%
Sep-25,2025-09-30T20:15:00,1.8,1.822,0.022,0.022,0.000484,1.21%
Sep-25,2025-09-30T20:30:00,1.68,1.662,-0.018,0.018,0.000324,1.10%
Sep-25,2025-09-30T20:45:00,1.61,1.576,-0.034,0.034,0.001156,2.09%
Sep-25,2025-09-30T21:00:00,0.85,0.825,-0.025,0.025,0.000625,3%
Sep-25,2025-09-30T21:15:00,0.55,0.558,0.008,0.008,0.000064,1.38%
Sep-25,2025-09-30T21:30:00,0.6,0.626,0.026,0.026,0.000676,4.34%
Sep-25,2025-09-30T21:45:00,1.35,1.335,-0.015,0.015,0.000225,1.12%
Sep-25,2025-09-30T22:00:00,2.21,2.28,0.07,0.07,0.0049,3.19%
Sep-25,2025-09-30T22:15:00,1.14,1.13,-0.01,0.01,0.0001,0.90%
Sep-25,2025-09-30T22:30:00,0.77,0.719,-0.051,0.051,0.002601,6.59%
Sep-25,2025-09-30T22:45:00,0.5,0.499,-0.001,0.001,0.000001,0.29%
Sep-25,2025-09-30T23:00:00,0.45,0.425,-0.025,0.025,0.000625,5.65%
Sep-25,2025-09-30T23:15:00,0.36,0.36,0,0,0,0%
Sep-25,2025-09-30T23:30:00,0.29,0.322,0.032,0.032,0.001024,11.04%
Sep-25,2025-09-30T23:45:00,0.28,0.292,0.012,0.012,0.000144,4.12%
