timestamp,actual_load_p,predicted_load_p,abs_error_kw
2026-03-01 00:00:00,1.934636667,1.8319103960820207,0.10272627091797926
2026-03-01 00:15:00,1.968086667,1.8676870987420833,0.10039956825791663
2026-03-01 00:30:00,1.512046667,1.8520654448496892,0.34001877784968926
2026-03-01 00:45:00,1.63518,1.4975294180083203,0.1376505819916798
2026-03-01 01:00:00,1.714956667,1.5632782065449466,0.1516784604550534
2026-03-01 01:15:00,1.100096667,1.5837515814052463,0.4836549144052462
2026-03-01 01:30:00,1.394636667,1.2421565824469238,0.15248008455307627
2026-03-01 01:45:00,1.96784,1.8749851668594426,0.09285483314055742
2026-03-01 02:00:00,1.542786667,2.065242669542986,0.5224560025429861
2026-03-01 02:15:00,1.45488,2.052633919176892,0.5977539191768921
2026-03-01 02:30:00,2.044226667,2.106691735060152,0.06246506806015173
2026-03-01 02:45:00,2.08461,1.9018991977781643,0.18271080222183578
2026-03-01 03:00:00,2.023423333,2.211217105478195,0.18779377247819484
2026-03-01 03:15:00,1.995103333,2.163702718827311,0.1685993858273107
2026-03-01 03:30:00,1.90579,2.1696578011180154,0.26386780111801533
2026-03-01 03:45:00,1.326003333,1.992344974901679,0.666341641901679
2026-03-01 04:00:00,1.312836667,1.7313099563944778,0.4184732893944778
2026-03-01 04:15:00,0.890563333,1.6786275174370047,0.7880641844370047
2026-03-01 04:30:00,0.926153333,1.2630375772936846,0.3368842442936846
2026-03-01 04:45:00,1.49482,1.1258996619411459,0.36892033805885416
2026-03-01 05:00:00,1.341966667,1.6300342983243858,0.28806763132438595
2026-03-01 05:15:00,1.40878,1.5422896593778026,0.13350965937780268
2026-03-01 05:30:00,1.04825,1.6239335004223037,0.5756835004223038
2026-03-01 05:45:00,1.116666667,1.4260811125240553,0.3094144455240553
2026-03-01 06:00:00,1.217,1.3633732252757367,0.1463732252757366
2026-03-01 06:15:00,1.071,1.416137885308813,0.34513788530881295
2026-03-01 06:30:00,0.929666667,1.3186021176562601,0.3889354506562601
2026-03-01 06:45:00,1.561,1.110944604787954,0.45005539521204585
2026-03-01 07:00:00,1.399,1.711628546006881,0.31262854600688095
2026-03-01 07:15:00,1.212,1.5725608454956095,0.3605608454956095
2026-03-01 07:30:00,1.543,1.480125776369235,0.06287422363076489
2026-03-01 07:45:00,1.594333333,1.7107699003770431,0.11643656737704311
2026-03-01 08:00:00,1.668533333,1.8461228519760147,0.1775895189760146
2026-03-01 08:15:00,3.57179,3.0298358668941976,0.5419541331058024
2026-03-01 08:30:00,3.2947,3.1734900373975066,0.12120996260249361
2026-03-01 08:45:00,2.478326667,2.8670287860308648,0.3887021190308646
2026-03-01 09:00:00,1.185886667,3.2516029060643192,2.0657162390643196
2026-03-01 09:15:00,3.183753333,2.605603302368914,0.578150030631086
2026-03-01 09:30:00,3.44023,3.10511410700399,0.3351158929960101
2026-03-01 09:45:00,2.165246667,2.8502645892166294,0.6850179222166295
2026-03-01 10:00:00,2.519246667,2.264668016998781,0.25457865000121904
2026-03-01 10:15:00,2.48026,2.3915110697973834,0.08874893020261654
2026-03-01 10:30:00,3.026763333,2.356580174389418,0.6701831586105818
2026-03-01 10:45:00,2.62669,2.2644057160701268,0.3622842839298732
2026-03-01 11:00:00,2.60791,1.863517470675035,0.7443925293249649
2026-03-01 11:15:00,3.54451,1.8209010635971339,1.723608936402866
2026-03-01 11:30:00,1.24864,2.998476884871366,1.7498368848713661
2026-03-01 11:45:00,1.77102,1.025518125984869,0.7455018740151311
2026-03-01 12:00:00,1.99754,1.3854509060700633,0.6120890939299368
2026-03-01 12:15:00,2.411706667,1.4646081076101938,0.947098559389806
2026-03-01 12:30:00,1.28401,1.7785975665878277,0.49458756658782765
2026-03-01 12:45:00,1.22009,1.1716039295026857,0.04848607049731424
2026-03-01 13:00:00,0.90471,1.2725528250267433,0.36784282502674326
2026-03-01 13:15:00,0.621056667,1.143532850493466,0.5224761834934661
2026-03-01 13:30:00,1.6366,0.7681671329169982,0.8684328670830018
2026-03-01 13:45:00,4.108116667,1.174376122136498,2.933740544863502
2026-03-01 14:00:00,3.95917,1.5722040936950628,2.386965906304937
2026-03-01 14:15:00,3.640906667,1.88827536561926,1.75263130138074
2026-03-01 14:30:00,3.582836667,1.9670221373540713,1.6158145296459288
2026-03-01 14:45:00,3.50879,1.8372121439834057,1.6715778560165941
2026-03-01 15:00:00,4.030036667,2.119467547426925,1.9105691195730752
2026-03-01 15:15:00,2.25932,3.1746167734615423,0.915296773461542
2026-03-01 15:30:00,1.08494,2.13659639780909,1.05165639780909
2026-03-01 15:45:00,0.466173333,1.512979332166137,1.046805999166137
2026-03-01 16:00:00,0.693493333,1.3062928957393498,0.6127995627393498
2026-03-01 16:15:00,0.991253333,1.376893397814106,0.38564006481410606
2026-03-01 16:30:00,0.755926667,1.2188686376263609,0.4629419706263609
2026-03-01 16:45:00,0.24649,1.4239071837386685,1.1774171837386684
2026-03-01 17:00:00,0.584846667,0.8225421595417257,0.23769549254172573
2026-03-01 17:15:00,0.771963333,1.107907404048219,0.3359440710482191
2026-03-01 17:30:00,0.452053333,1.1350051107938746,0.6829517777938745
2026-03-01 17:45:00,0.81871,1.2082885737929077,0.3895785737929076
2026-03-01 18:00:00,0.71029,1.2852158278964774,0.5749258278964774
2026-03-01 18:15:00,1.142103333,1.3723583360676657,0.23025500306766555
2026-03-01 18:30:00,1.15716,1.7548399566729527,0.5976799566729527
2026-03-01 18:45:00,1.120796667,1.5900603587762485,0.4692636917762485
2026-03-01 19:00:00,1.74908,1.725471510028728,0.023608489971272073
2026-03-01 19:15:00,2.261806667,2.2596309355962987,0.0021757314037014197
2026-03-01 19:30:00,1.772906667,2.3445117759685448,0.5716051089685448
2026-03-01 19:45:00,1.917766667,2.242621082220334,0.32485441522033387
2026-03-01 20:00:00,1.95388,2.081785317146333,0.12790531714633313
2026-03-01 20:15:00,1.37062,2.169928710497701,0.7993087104977012
2026-03-01 20:30:00,1.675223333,1.8518463579131956,0.1766230249131957
2026-03-01 20:45:00,2.384473333,1.9604388405895452,0.42403449241045466
2026-03-01 21:00:00,2.14723,2.8200279466224414,0.6727979466224414
2026-03-01 21:15:00,1.997816667,2.7604582775932935,0.7626416105932936
2026-03-01 21:30:00,1.698516667,2.5124521172945484,0.8139354502945484
2026-03-01 21:45:00,2.216263333,2.2754971003178595,0.05923376731785934
2026-03-01 22:00:00,1.82352,2.146944987300723,0.3234249873007229
2026-03-01 22:15:00,2.278203333,1.9180578821764838,0.36014545082351623
2026-03-01 22:30:00,2.01039,2.131186512225397,0.12079651222539667
2026-03-01 22:45:00,1.653446667,1.9539907255396867,0.3005440585396866
2026-03-01 23:00:00,1.381413333,1.6441526214922546,0.2627392884922546
2026-03-01 23:15:00,1.852333333,1.5172854215247014,0.33504791147529867
2026-03-01 23:30:00,1.28046,1.7367714875749,0.45631148757490014
2026-03-01 23:45:00,1.14259,1.3925833300018795,0.2499933300018795
2026-03-02 00:00:00,1.174433333,1.1330924313350992,0.0413409016649009
2026-03-02 00:15:00,1.53166,1.0768062873363748,0.4548537126636252
2026-03-02 00:30:00,1.533006667,1.313326283050301,0.21968038394969902
2026-03-02 00:45:00,1.319293333,1.2987874499052052,0.02050588309479484
2026-03-02 01:00:00,1.374736667,1.1876745792396228,0.18706208776037725
2026-03-02 01:15:00,1.44924,1.2066793376392413,0.2425606623607588
2026-03-02 01:30:00,2.29494,1.3108689938192701,0.9840710061807298
2026-03-02 01:45:00,4.215753333,1.7810776982450243,2.434675634754976
2026-03-02 02:00:00,4.55598,2.2720554557013277,2.283924544298672
2026-03-02 02:15:00,4.908773333,2.2681282685511164,2.6406450644488837
2026-03-02 02:30:00,4.796523333,2.591580189952988,2.2049431430470117
2026-03-02 02:45:00,4.17683,3.5044483013656325,0.6723816986343674
2026-03-02 03:00:00,4.45021,3.5794429370905667,0.8707670629094335
2026-03-02 03:15:00,1.803093333,3.8344394481800395,2.0313461151800394
2026-03-02 03:30:00,1.535143333,1.6890798771128488,0.15393654411284885
2026-03-02 03:45:00,1.186913333,1.443535187818869,0.256621854818869
2026-03-02 04:00:00,1.245876667,1.2958089960777703,0.04993232907777023
2026-03-02 04:15:00,1.229503333,1.5531275896816614,0.3236242566816614
2026-03-02 04:30:00,1.298503333,1.5922885239304072,0.2937851909304072
2026-03-02 04:45:00,1.441446667,1.6969880511421018,0.2555413841421019
2026-03-02 05:00:00,0.912543333,1.810442537774248,0.8978992047742479
2026-03-02 05:15:00,1.10374,1.4614356038975922,0.35769560389759225
2026-03-02 05:30:00,1.689466667,1.5711527681721777,0.11831389882782228
2026-03-02 05:45:00,1.40036,1.9013243573832952,0.5009643573832951
2026-03-02 06:00:00,1.316013333,1.844109812524263,0.5280964795242631
2026-03-02 06:15:00,1.320986667,1.6912306292435133,0.3702439622435134
2026-03-02 06:30:00,1.10608,1.6656858384009952,0.5596058384009952
2026-03-02 06:45:00,1.147996667,1.5371244559138444,0.3891277889138445
2026-03-02 07:00:00,1.408816667,1.4618040571532545,0.05298739015325449
2026-03-02 07:15:00,0.87529,1.578567445814532,0.703277445814532
2026-03-02 07:30:00,1.578963333,1.19057456041071,0.38838877258928983
2026-03-02 07:45:00,1.668816667,1.5861411959055765,0.08267547109442352
2026-03-02 08:00:00,1.181076667,1.7756720693628083,0.5945954023628084
2026-03-02 08:15:00,1.675376667,1.6239786283423787,0.05139803865762138
2026-03-02 08:30:00,2.046863333,2.7649358158371005,0.7180724828371003
2026-03-02 08:45:00,1.80564,2.026736495220607,0.22109649522060693
2026-03-02 09:00:00,4.807836667,2.0506265987168577,2.7572100682831424
2026-03-02 09:15:00,3.838023333,4.535836047419262,0.6978127144192618
2026-03-02 09:30:00,3.887816667,4.16106500842046,0.2732483414204596
2026-03-02 09:45:00,3.28203,4.070544801742876,0.7885148017428758
2026-03-02 10:00:00,1.92281,2.829769988226272,0.9069599882262722
2026-03-02 10:15:00,3.257,1.874297656534355,1.3827023434656451
2026-03-02 10:30:00,3.270206667,2.6182142786472435,0.6519923883527565
2026-03-02 10:45:00,2.502786667,2.520869179674428,0.018082512674427953
2026-03-02 11:00:00,0.499496667,1.6213268699982402,1.12183020299824
2026-03-02 11:15:00,0.95721,0.41103864229931714,0.5461713577006828
2026-03-02 11:30:00,2.438753333,0.839099647203742,1.5996536857962582
2026-03-02 11:45:00,2.723026667,1.7388446003040823,0.9841820666959178
2026-03-02 12:00:00,2.803463333,2.0930584244059474,0.7104049085940525
2026-03-02 12:15:00,1.690293333,1.8502866489388103,0.15999331593881028
2026-03-02 12:30:00,1.014643333,1.3622706842900312,0.3476273512900312
2026-03-02 12:45:00,0.564836667,1.0447831321986416,0.4799464651986416
2026-03-02 13:00:00,0.37955,0.4141934281888509,0.03464342818885091
2026-03-02 13:15:00,0.73323,0.32270867543405385,0.4105213245659462
2026-03-02 13:30:00,1.308033333,0.7587373831863896,0.5492959498136104
2026-03-02 13:45:00,3.040373333,0.8848294816741769,2.155543851325823
2026-03-02 14:00:00,3.30373,1.5311326782605184,1.7725973217394815
2026-03-02 14:15:00,3.59888,2.3660886934538192,1.2327913065461806
2026-03-02 14:30:00,3.451146667,2.267965310908349,1.183181356091651
2026-03-02 14:45:00,3.03783,2.0319370901940768,1.0058929098059233
2026-03-02 15:00:00,3.100803333,2.7406522683227057,0.3601510646772943
2026-03-02 15:15:00,2.995113333,2.831227609631416,0.16388572336858376
2026-03-02 15:30:00,0.222973333,2.4583281798122343,2.235354846812234
2026-03-02 15:45:00,1.722383333,0.8141308705927679,0.9082524624072321
2026-03-02 16:00:00,5.64484,2.042650096143463,3.6021899038565373
2026-03-02 16:15:00,5.146933333,4.448127109591612,0.698806223408388
2026-03-02 16:30:00,5.265673333,4.565235019023831,0.7004383139761687
2026-03-02 16:45:00,5.582116667,4.635966941945408,0.9461497250545925
2026-03-02 17:00:00,6.524186667,4.869417412490015,1.6547692545099855
2026-03-02 17:15:00,3.101046667,6.074773093634496,2.9737264266344963
2026-03-02 17:30:00,3.207833333,2.738437651458509,0.4693956815414908
2026-03-02 17:45:00,3.512073333,2.8116948872324135,0.7003784457675866
2026-03-02 18:00:00,3.79166,3.3140599766669876,0.4776000233330122
2026-03-02 18:15:00,3.851433333,3.7793036993693643,0.07212963363063585
2026-03-02 18:30:00,4.122656667,4.150135556872622,0.027478889872622148
2026-03-02 18:45:00,3.572023333,4.170490168296904,0.5984668352969043
2026-03-02 19:00:00,1.551533333,3.7953030908880585,2.2437697578880584
2026-03-02 19:15:00,1.779846667,1.9562887087098666,0.17644204170986666
2026-03-02 19:30:00,1.78912,1.916564122608743,0.12744412260874305
2026-03-02 19:45:00,1.807123333,2.0885956604802702,0.2814723274802702
2026-03-02 20:00:00,1.966866667,2.1462182006181587,0.1793515336181588
2026-03-02 20:15:00,1.647073333,2.121625308513894,0.47455197551389383
2026-03-02 20:30:00,2.706583333,1.931467011129511,0.7751163218704893
2026-03-02 20:45:00,1.813796667,2.5208914613556446,0.7070947943556445
2026-03-02 21:00:00,2.34106,2.5333792136663886,0.1923192136663885
2026-03-02 21:15:00,1.483983333,2.828685322156605,1.344701989156605
2026-03-02 21:30:00,2.023403333,2.2246245022893016,0.20122116928930156
2026-03-02 21:45:00,2.069333333,2.4790231876382194,0.4096898546382195
2026-03-02 22:00:00,1.97774,2.1004953149488332,0.12275531494883318
2026-03-02 22:15:00,1.779496667,2.0562131469308347,0.2767164799308346
2026-03-02 22:30:00,1.967293333,2.067049666856842,0.09975633385684213
2026-03-02 22:45:00,1.88697,2.018690609295369,0.1317206092953691
2026-03-02 23:00:00,1.714746667,1.7640280910373969,0.04928142403739688
2026-03-02 23:15:00,1.611446667,1.7126689593791768,0.10122229237917679
2026-03-02 23:30:00,1.57813,1.5315218021323256,0.04660819786767445
2026-03-02 23:45:00,1.225386667,1.4997650144787418,0.2743783474787418
2026-03-03 00:00:00,1.33012,1.1720556453823459,0.1580643546176541
2026-03-03 00:15:00,1.599653333,1.2711985540515283,0.32845477894847175
2026-03-03 00:30:00,1.336493333,1.445963240355331,0.10946990735533113
2026-03-03 00:45:00,1.349786667,1.2816662280292141,0.0681204389707859
2026-03-03 01:00:00,1.24025,1.3217897390693347,0.08153973906933465
2026-03-03 01:15:00,1.456556667,1.203214114014053,0.253342552985947
2026-03-03 01:30:00,1.520966667,1.395266535564129,0.125700131435871
2026-03-03 01:45:00,1.824006667,1.5869325475252898,0.23707411947471013
2026-03-03 02:00:00,2.0132,1.6324669048412108,0.38073309515878906
2026-03-03 02:15:00,2.001453333,1.7978242537976648,0.20362907920233542
2026-03-03 02:30:00,1.86899,1.9945147444106,0.12552474441060002
2026-03-03 02:45:00,2.22859,1.9756426274092243,0.2529473725907758
2026-03-03 03:00:00,1.563826667,2.3575419308711627,0.7937152638711626
2026-03-03 03:15:00,1.7883,1.821054225216204,0.03275422521620408
2026-03-03 03:30:00,1.3731,1.7710126639236632,0.3979126639236632
2026-03-03 03:45:00,1.309143333,1.5037058691316538,0.19456253613165386
2026-03-03 04:00:00,1.263343333,1.4349392456291825,0.1715959126291826
2026-03-03 04:15:00,1.347633333,1.4870095393753184,0.13937620637531833
2026-03-03 04:30:00,1.03963,1.437478644757587,0.39784864475758686
2026-03-03 04:45:00,1.055043333,1.2641275350574248,0.20908420205742484
2026-03-03 05:00:00,0.96955,1.2612001830095594,0.29165018300955936
2026-03-03 05:15:00,1.137273333,1.191640525388163,0.05436719238816301
2026-03-03 05:30:00,1.30347,1.3194865511801064,0.016016551180106475
2026-03-03 05:45:00,0.894216667,1.3872756283498668,0.4930589613498668
2026-03-03 06:00:00,0.920056667,1.1359333750424405,0.21587670804244052
2026-03-03 06:15:00,1.39314,1.1231658324456786,0.26997416755432146
2026-03-03 06:30:00,1.257813333,1.3349190068612875,0.07710567386128742
2026-03-03 06:45:00,1.4016,1.29778570072266,0.10381429927733987
2026-03-03 07:00:00,1.436646667,1.4548009885662767,0.01815432156627672
2026-03-03 07:15:00,1.244626667,1.4942913063337175,0.24966463933371763
2026-03-03 07:30:00,2.158716667,1.9437369902085173,0.2149796767914829
2026-03-03 07:45:00,2.463366667,2.357441109321424,0.10592555767857581
2026-03-03 08:00:00,1.5732,2.4723183354320857,0.8991183354320857
2026-03-03 08:15:00,1.453253333,2.0913707453062043,0.6381174123062043
2026-03-03 08:30:00,1.826816667,1.9964724984815632,0.16965583148156327
2026-03-03 08:45:00,3.877916667,2.1847356759777927,1.6931809910222073
2026-03-03 09:00:00,3.483816667,4.030283839862757,0.5464671728627568
2026-03-03 09:15:00,3.891996667,3.8244730423631292,0.06752362463687067
2026-03-03 09:30:00,1.256906667,3.483633546199805,2.226726879199805
2026-03-03 09:45:00,1.431763333,1.9298413432636317,0.49807801026363174
2026-03-03 10:00:00,0.68153,1.2577150644737016,0.5761850644737017
2026-03-03 10:15:00,0.172596667,0.5358043881609447,0.3632077211609447
2026-03-03 10:30:00,0.0,0.3446662824851687,0.3446662824851687
2026-03-03 10:45:00,1.49971,0.2572272151118368,1.2424827848881632
2026-03-03 11:00:00,0.70089,1.0066554950455404,0.3057654950455404
2026-03-03 11:15:00,0.792253333,0.3894752638637147,0.4027780691362853
2026-03-03 11:30:00,0.037046667,1.12118437867132,1.08413771167132
2026-03-03 11:45:00,2.760946667,0.9140905866280777,1.846856080371922
2026-03-03 12:00:00,7.735193333,4.499032448398944,3.2361608846010554
2026-03-03 12:15:00,10.05938,9.851402337053894,0.20797766294610653
2026-03-03 12:30:00,8.485566667,11.35058319449216,2.865016527492159
2026-03-03 12:45:00,9.240453333,6.831652440593144,2.4088008924068554
2026-03-03 13:00:00,8.98449,7.718099441300394,1.2663905586996052
2026-03-03 13:15:00,8.59481,7.219845066310586,1.374964933689415
2026-03-03 13:30:00,8.97421,6.389316573088508,2.584893426911491
2026-03-03 13:45:00,9.88766,7.34136042664734,2.5462995733526608
2026-03-03 14:00:00,7.896813333,7.663750551132929,0.23306278186707097
2026-03-03 14:15:00,7.917116667,6.307643717576804,1.6094729494231963
2026-03-03 14:30:00,6.20315,6.749993469754009,0.546843469754009
2026-03-03 14:45:00,4.34842,5.297345298367906,0.9489252983679064
2026-03-03 15:00:00,4.074473333,4.084974462517888,0.01050112951788762
2026-03-03 15:15:00,2.584966667,4.056780179540873,1.4718135125408724
2026-03-03 15:30:00,2.834776667,2.935707414258201,0.10093074725820106
2026-03-03 15:45:00,0.2927,3.136277009115355,2.843577009115355
2026-03-03 16:00:00,2.263156667,1.7250732776164546,0.5380833893835455
2026-03-03 16:15:00,2.483253333,2.9376724680737896,0.4544191350737896
2026-03-03 16:30:00,1.970286667,2.974872857090775,1.004586190090775
2026-03-03 16:45:00,2.001483333,2.5941091694254714,0.5926258364254715
2026-03-03 17:00:00,4.249366667,2.1954099526913566,2.0539567143086437
2026-03-03 17:15:00,1.828186667,3.910277172747273,2.0820905057472734
2026-03-03 17:30:00,1.838256667,2.7961676974899072,0.9579110304899072
2026-03-03 17:45:00,1.131026667,2.1478504671793512,1.0168238001793513
2026-03-03 18:00:00,2.45345,1.916175909958404,0.5372740900415962
2026-03-03 18:15:00,1.15277,2.034285433010524,0.8815154330105239
2026-03-03 18:30:00,1.226143333,1.5479958677106989,0.32185253471069886
2026-03-03 18:45:00,1.670446667,1.5118037815394232,0.1586428854605768
2026-03-03 19:00:00,1.4724,1.6896282097272022,0.21722820972720225
2026-03-03 19:15:00,1.66913,1.700565298303096,0.031435298303096104
2026-03-03 19:30:00,2.071896667,1.881214753651632,0.19068191334836793
2026-03-03 19:45:00,2.251983333,2.1211244442120605,0.1308588887879396
2026-03-03 20:00:00,2.185393333,2.24816464082219,0.06277130782219009
2026-03-03 20:15:00,1.993423333,2.1244994865619744,0.13107615356197444
2026-03-03 20:30:00,1.704693333,2.1036360496680766,0.39894271666807657
2026-03-03 20:45:00,1.69086,1.8947388126788398,0.20387881267883978
2026-03-03 21:00:00,1.62052,2.5902705489982383,0.9697505489982383
2026-03-03 21:15:00,2.310026667,2.226271206367089,0.08375546063291095
2026-03-03 21:30:00,1.579156667,2.6783311302396045,1.0991744632396045
2026-03-03 21:45:00,1.561376667,2.2978071856512825,0.7364305186512825
2026-03-03 22:00:00,2.76078,1.835921337805575,0.924858662194425
2026-03-03 22:15:00,1.905536667,2.4993817689012454,0.5938451019012454
2026-03-03 22:30:00,1.821923333,2.1333490922221836,0.31142575922218363
2026-03-03 22:45:00,1.5955,1.9123821951017277,0.31688219510172777
2026-03-03 23:00:00,1.9743,1.5569296229504974,0.41737037704950253
2026-03-03 23:15:00,2.056533333,1.7791065707818376,0.2774267622181623
2026-03-03 23:30:00,1.617313333,1.746530031164249,0.12921669816424908
2026-03-03 23:45:00,1.74522,1.461748624029013,0.28347137597098704
2026-03-04 00:00:00,1.47593,1.3064358214626521,0.16949417853734783
2026-03-04 00:15:00,1.239326667,1.409944767228843,0.17061810022884294
2026-03-04 00:30:00,1.035713333,1.3036424586975774,0.26792912569757754
2026-03-04 00:45:00,1.293193333,1.1520254207343816,0.14116791226561842
2026-03-04 01:00:00,1.236476667,1.2194893365418344,0.016987330458165584
2026-03-04 01:15:00,1.143643333,1.201179570829726,0.057536237829725945
2026-03-04 01:30:00,2.456796667,1.206444165704387,1.250352501295613
2026-03-04 01:45:00,4.829436667,2.243572484179934,2.5858641828200666
2026-03-04 02:00:00,5.292996667,2.4623650492873943,2.8306316177126054
2026-03-04 02:15:00,5.20401,2.656398153615101,2.5476118463848993
2026-03-04 02:30:00,4.878443333,2.857054464891667,2.0213888681083327
2026-03-04 02:45:00,4.539456667,3.627345586237299,0.9121110807627004
2026-03-04 03:00:00,3.613663333,4.347482489764213,0.7338191567642127
2026-03-04 03:15:00,1.84715,3.6782172269008835,1.8310672269008834
2026-03-04 03:30:00,1.402216667,1.618838096553937,0.21662142955393704
2026-03-04 03:45:00,1.42885,1.400681690056465,0.02816830994353503
2026-03-04 04:00:00,1.140803333,1.478735675824867,0.33793234282486706
2026-03-04 04:15:00,1.29163,1.7326921516083045,0.4410621516083044
2026-03-04 04:30:00,1.36231,1.6736835442397264,0.3113735442397265
2026-03-04 04:45:00,1.1991,1.6769407357652872,0.4778407357652872
2026-03-04 05:00:00,1.188746667,1.5925746411018618,0.4038279741018618
2026-03-04 05:15:00,1.26296,1.599117577153875,0.33615757715387495
2026-03-04 05:30:00,1.399733333,1.6921645699456682,0.2924312369456683
2026-03-04 05:45:00,1.421046667,1.807681799650679,0.38663513265067917
2026-03-04 06:00:00,1.07692,1.8761271395295105,0.7992071395295104
2026-03-04 06:15:00,1.496043333,1.6397892697625425,0.14374593676254244
2026-03-04 06:30:00,1.055526667,1.7106546461301058,0.6551279791301057
2026-03-04 06:45:00,1.120116667,1.4412914731385587,0.32117480613855864
2026-03-04 07:00:00,1.35942,1.4945633611533717,0.13514336115337167
2026-03-04 07:15:00,1.369203333,1.586628581531095,0.21742524853109502
2026-03-04 07:30:00,2.228026667,2.383077106196038,0.1550504391960379
2026-03-04 07:45:00,3.832393333,2.5377597123608724,1.2946336206391278
2026-03-04 08:00:00,1.517486667,3.220680223054969,1.703193556054969
2026-03-04 08:15:00,4.131626667,1.9489734714763889,2.182653195523611
2026-03-04 08:30:00,3.193046667,3.710512615617773,0.5174659486177728
2026-03-04 08:45:00,1.88917,3.1623945274206284,1.2732245274206284
2026-03-04 09:00:00,2.66499,3.5907874836679103,0.9257974836679104
2026-03-04 09:15:00,1.62564,3.554369705615471,1.9287297056154709
2026-03-04 09:30:00,0.806123333,2.5443568678053268,1.7382335348053268
2026-03-04 09:45:00,2.657013333,1.7626152222775169,0.8943981107224832
2026-03-04 10:00:00,2.522953333,2.3244508001107844,0.19850253288921538
2026-03-04 10:15:00,2.85581,2.1592971401941816,0.6965128598058183
2026-03-04 10:30:00,2.570096667,2.220316044177271,0.3497806228227289
2026-03-04 10:45:00,1.493706667,1.9032027309542783,0.4094960639542782
2026-03-04 11:00:00,0.0,1.1158714582985387,1.1158714582985387
2026-03-04 11:15:00,0.1402,0.2437410819851322,0.1035410819851322
2026-03-04 11:30:00,0.621263333,0.5557843055665341,0.0654790274334659
2026-03-04 11:45:00,0.21201,1.8339456127968317,1.6219356127968316
2026-03-04 12:00:00,5.33565,2.4166313197768408,2.9190186802231595
2026-03-04 12:15:00,11.01091667,6.624225804468759,4.386690865531241
2026-03-04 12:30:00,11.40567667,10.960298218463514,0.44537845153648625
2026-03-04 12:45:00,8.709446667,10.774382967509762,2.0649363005097623
2026-03-04 13:00:00,10.00453,8.404306814753888,1.6002231852461133
2026-03-04 13:15:00,9.798523333,7.929930160881409,1.868593172118591
2026-03-04 13:30:00,11.69833667,7.6269180689575276,4.071418601042472
2026-03-04 13:45:00,13.02307,8.692585518336438,4.330484481663563
2026-03-04 14:00:00,9.486986667,8.593530865204942,0.8934558017950582
2026-03-04 14:15:00,10.2658,7.210265430735666,3.055534569264334
2026-03-04 14:30:00,8.165686667,7.614792357242288,0.5508943097577115
2026-03-04 14:45:00,7.031966667,6.33919647357782,0.6927701934221799
2026-03-04 15:00:00,6.198586667,5.883812388737916,0.3147742782620835
2026-03-04 15:15:00,4.4402,5.78259846091511,1.3423984609151098
2026-03-04 15:30:00,3.936716667,4.189107849551393,0.2523911825513929
2026-03-04 15:45:00,1.894436667,4.2627038233383026,2.3682671563383026
2026-03-04 16:00:00,0.43664,2.5073233600903118,2.0706833600903116
2026-03-04 16:15:00,2.84056,2.0321255923902637,0.8084344076097363
2026-03-04 16:30:00,1.35595,3.2934316292739156,1.9374816292739157
2026-03-04 16:45:00,4.148953333,2.0968287669405425,2.052124566059457
2026-03-04 17:00:00,1.861973333,4.329780637044979,2.467807304044979
2026-03-04 17:15:00,1.556316667,2.4754929559258807,0.9191762889258808
2026-03-04 17:30:00,2.898436667,2.485783857711289,0.41265280928871073
2026-03-04 17:45:00,1.79095,3.0864638964797,1.2955138964797
2026-03-04 18:00:00,2.774883333,2.349152086351731,0.4257312466482692
2026-03-04 18:15:00,1.702526667,2.1467850567960265,0.4442583897960264
2026-03-04 18:30:00,0.54326,1.821387105866475,1.2781271058664752
2026-03-04 18:45:00,0.790823333,1.0224417268739436,0.23161839387394367
2026-03-04 19:00:00,1.325406667,1.1411262782435656,0.18428038875643438
2026-03-04 19:15:00,1.47867,1.6619061127152894,0.1832361127152895
2026-03-04 19:30:00,1.69942,1.83042354402383,0.13100354402382997
2026-03-04 19:45:00,2.042823333,1.9073174241193773,0.13550590888062253
2026-03-04 20:00:00,1.644933333,2.194265724727398,0.5493323917273978
2026-03-04 20:15:00,1.704873333,1.957484134017222,0.2526108010172219
2026-03-04 20:30:00,1.382566667,1.9703693887252414,0.5878027217252413
2026-03-04 20:45:00,2.073033333,1.7844089403205676,0.2886243926794325
2026-03-04 21:00:00,1.674096667,2.6581656645417784,0.9840689975417785
2026-03-04 21:15:00,1.92403,2.58686176541238,0.6628317654123801
2026-03-04 21:30:00,1.997873333,2.545367301729684,0.547493968729684
2026-03-04 21:45:00,1.549506667,2.5196387066402526,0.9701320396402526
2026-03-04 22:00:00,1.478283333,2.1455437944398144,0.6672604614398143
2026-03-04 22:15:00,1.47771,1.7573697934009465,0.2796597934009464
2026-03-04 22:30:00,1.499366667,1.7787277298535698,0.27936106285356965
2026-03-04 22:45:00,1.898236667,1.7333559225989617,0.16488074440103828
2026-03-04 23:00:00,1.68189,1.819775442506042,0.13788544250604184
2026-03-04 23:15:00,1.848803333,1.5840823675056537,0.2647209654943463
2026-03-04 23:30:00,1.600123333,1.6220506471174454,0.021927314117445418
2026-03-04 23:45:00,1.569336667,1.5933455926355207,0.024008925635520706
2026-03-05 00:00:00,1.317716667,1.3443935928945998,0.0266769258945998
2026-03-05 00:15:00,1.2584,1.1841260958292767,0.07427390417072322
2026-03-05 00:30:00,1.270296667,1.195716446346337,0.07458022065366299
2026-03-05 00:45:00,1.72069,1.2186506344542698,0.5020393655457303
2026-03-05 01:00:00,1.269603333,1.356177693827617,0.08657436082761705
2026-03-05 01:15:00,0.84485,1.1901860907842827,0.34533609078428273
2026-03-05 01:30:00,2.28946,1.039384077007848,1.250075922992152
2026-03-05 01:45:00,4.851306667,2.2068082048402577,2.6444984621597425
2026-03-05 02:00:00,4.425913333,2.66974810643305,1.7561652265669494
2026-03-05 02:15:00,4.548073333,2.26346805507549,2.2846052779245096
2026-03-05 02:30:00,4.66727,2.5149964909333513,2.152273509066649
2026-03-05 02:45:00,4.983896667,3.475123261648295,1.5087734053517048
2026-03-05 03:00:00,3.713446667,4.338449727954345,0.6250030609543447
2026-03-05 03:15:00,1.42967,3.622648184409847,2.1929781844098466
2026-03-05 03:30:00,1.252796667,1.4153626008222797,0.1625659338222798
2026-03-05 03:45:00,0.974673333,1.326415180994499,0.35174184799449904
2026-03-05 04:00:00,0.803273333,1.17800436076476,0.37473102776475986
2026-03-05 04:15:00,0.941533333,1.3809814153078024,0.4394480823078024
2026-03-05 04:30:00,1.519053333,1.6286832564754272,0.10962992347542722
2026-03-05 04:45:00,1.266406667,1.92222026300949,0.65581359600949
2026-03-05 05:00:00,0.81418,1.9419965622157058,1.1278165622157057
2026-03-05 05:15:00,1.164856667,1.46617774286097,0.3013210758609699
2026-03-05 05:30:00,1.158173333,1.5966702172388905,0.43849688423889055
2026-03-05 05:45:00,0.859626667,1.5739675658146188,0.7143408988146188
2026-03-05 06:00:00,1.341093333,1.2581214883178116,0.08297184468218854
2026-03-05 06:15:00,1.297696667,1.6196722894003999,0.3219756224003998
2026-03-05 06:30:00,1.01095,1.5774806687371639,0.5665306687371638
2026-03-05 06:45:00,0.921876667,1.512790572261192,0.590913905261192
2026-03-05 07:00:00,1.055903333,1.599889977318563,0.543986644318563
2026-03-05 07:15:00,0.985146667,1.2686473652275627,0.28350069822756274
2026-03-05 07:30:00,2.732716667,1.9322668584422982,0.8004498085577019
2026-03-05 07:45:00,2.10663,3.016377453514435,0.9097474535144352
2026-03-05 08:00:00,1.295036667,2.3150330979497267,1.0199964309497267
2026-03-05 08:15:00,1.19177,2.2199597245624187,1.0281897245624187
2026-03-05 08:30:00,1.742476667,2.368951145112885,0.6264744781128848
2026-03-05 08:45:00,2.670643333,1.6889042933541107,0.9817390396458894
2026-03-05 09:00:00,3.474806667,3.445678604275905,0.029128062724095294
2026-03-05 09:15:00,2.993856667,3.723167872627186,0.729311205627186
2026-03-05 09:30:00,3.28452,3.1102838726759137,0.17423612732408644
2026-03-05 09:45:00,2.136876667,3.496643604192401,1.359766937192401
2026-03-05 10:00:00,1.344163333,2.2914372773727836,0.9472739443727836
2026-03-05 10:15:00,0.979913333,1.4577306396873284,0.47781730668732836
2026-03-05 10:30:00,1.149296667,1.224869456270141,0.075572789270141
2026-03-05 10:45:00,0.354683333,0.8621255830087595,0.5074422500087595
2026-03-05 11:00:00,0.305966667,0.32554099232550954,0.019574325325509512
2026-03-05 11:15:00,0.052886667,0.510787675741652,0.45790100874165196
2026-03-05 11:30:00,0.01392,0.5594795328319601,0.54555953283196
2026-03-05 11:45:00,2.881913333,1.073985937863279,1.807927395136721
2026-03-05 12:00:00,11.47914667,5.066715427519661,6.41243124248034
2026-03-05 12:15:00,11.15562333,11.800258614380157,0.6446352843801577
2026-03-05 12:30:00,11.24959333,11.711944640387557,0.4623513103875574
2026-03-05 12:45:00,10.87717667,10.573666784688966,0.3035098853110352
2026-03-05 13:00:00,12.41544667,10.47726555387377,1.9381811161262306
2026-03-05 13:15:00,12.23982667,9.197849460516998,3.041977209483001
2026-03-05 13:30:00,12.92441333,10.006881743163914,2.917531586836086
2026-03-05 13:45:00,14.67007667,10.627908275979655,4.0421683940203454
2026-03-05 14:00:00,15.35936,9.94048693620684,5.418873063793161
2026-03-05 14:15:00,13.2892,10.353683862645344,2.9355161373546554
2026-03-05 14:30:00,10.49146667,9.969921126973023,0.521545543026976
2026-03-05 14:45:00,9.768276667,8.536489704333308,1.2317869626666926
2026-03-05 15:00:00,6.636563333,8.568738577988201,1.9321752449882013
2026-03-05 15:15:00,7.231173333,5.967529185814958,1.2636441471850421
2026-03-05 15:30:00,5.445626667,6.7515069649372945,1.3058802979372945
2026-03-05 15:45:00,5.987613333,5.598821151203434,0.38879218179656583
2026-03-05 16:00:00,5.26152,6.346503768620031,1.084983768620031
2026-03-05 16:15:00,4.586103333,5.577507974285776,0.9914046412857767
2026-03-05 16:30:00,5.29507,5.061039498936634,0.23403050106336565
2026-03-05 16:45:00,3.213423333,5.491136092145789,2.2777127591457886
2026-03-05 17:00:00,3.996813333,3.980551091044074,0.016262241955926182
2026-03-05 17:15:00,5.00234,4.613126348334272,0.3892136516657283
2026-03-05 17:30:00,4.266053333,5.113061631096318,0.8470082980963181
2026-03-05 17:45:00,3.11673,3.9216458081306316,0.8049158081306316
2026-03-05 18:00:00,2.479906667,3.025424780087999,0.5455181130879994
2026-03-05 18:15:00,1.4856,2.4555605880242317,0.9699605880242317
2026-03-05 18:30:00,1.370503333,1.7431838783392644,0.3726805453392643
2026-03-05 18:45:00,1.51909,1.7689896894839083,0.24989968948390828
2026-03-05 19:00:00,2.28345,1.9261982802398914,0.35725171976010883
2026-03-05 19:15:00,2.060393333,2.342256154921159,0.28186282192115897
2026-03-05 19:30:00,2.19608,2.0823581132878726,0.11372188671212724
2026-03-05 19:45:00,2.29436,2.3836768866597335,0.08931688665973336
2026-03-05 20:00:00,2.36793,2.1635720673282073,0.20435793267179259
2026-03-05 20:15:00,2.00831,2.3854798126603898,0.37716981266038996
2026-03-05 20:30:00,2.131443333,2.170896157531578,0.039452824531577946
2026-03-05 20:45:00,1.958246667,2.232760255815716,0.27451358881571597
2026-03-05 21:00:00,1.795856667,2.4152707735644534,0.6194141065644534
2026-03-05 21:15:00,1.917073333,2.4866460458511015,0.5695727128511014
2026-03-05 21:30:00,1.577516667,2.3922546166047667,0.8147379496047666
2026-03-05 21:45:00,1.272853333,2.038293168680814,0.7654398356808141
2026-03-05 22:00:00,1.809296667,1.617084855291881,0.19221181170811885
2026-03-05 22:15:00,1.80954,1.954620106626479,0.14508010662647908
2026-03-05 22:30:00,1.432536667,1.9166100977476712,0.4840734307476713
2026-03-05 22:45:00,1.34992,1.623936822100188,0.27401682210018796
2026-03-05 23:00:00,1.58396,1.4569458107254354,0.12701418927456465
2026-03-05 23:15:00,1.91067,1.5946436305416523,0.31602636945834783
2026-03-05 23:30:00,1.55523,1.7072994079240404,0.15206940792404056
2026-03-05 23:45:00,1.579063333,1.50345266358306,0.07561066941693984
2026-03-06 00:00:00,1.040753333,1.3412322207668201,0.3004788877668201
2026-03-06 00:15:00,0.903113333,1.0801095425641147,0.17699620956411477
2026-03-06 00:30:00,1.24538,1.004663865799219,0.24071613420078086
2026-03-06 00:45:00,1.532806667,1.2051074825354844,0.3276991844645156
2026-03-06 01:00:00,1.217646667,1.3441808907105035,0.1265342237105036
2026-03-06 01:15:00,1.167406667,1.1968658975019837,0.029459230501983624
2026-03-06 01:30:00,1.834983333,1.2963547979740395,0.5386285350259605
2026-03-06 01:45:00,4.60844,1.877991220997852,2.730448779002148
2026-03-06 02:00:00,4.320816667,2.80249030378858,1.5183263632114197
2026-03-06 02:15:00,4.44333,2.7900530929259983,1.6532769070740012
2026-03-06 02:30:00,4.632783333,2.857958593660184,1.7748247393398158
2026-03-06 02:45:00,4.729183333,3.4752296799173568,1.2539536530826432
2026-03-06 03:00:00,3.77218,4.122401278393017,0.350221278393017
2026-03-06 03:15:00,1.54635,3.3480551190835137,1.8017051190835138
2026-03-06 03:30:00,1.8079,1.5131380477479637,0.2947619522520364
2026-03-06 03:45:00,1.193223333,1.575681300488856,0.38245796748885597
2026-03-06 04:00:00,1.099903333,1.5339479837592092,0.43404465075920906
2026-03-06 04:15:00,1.073713333,1.6718586625521676,0.5981453295521677
2026-03-06 04:30:00,1.1947,1.819923087776475,0.6252230877764748
2026-03-06 04:45:00,1.094146667,1.7140239918866105,0.6198773248866105
2026-03-06 05:00:00,1.019453333,1.643541457594471,0.6240881245944709
2026-03-06 05:15:00,1.224806667,1.5638676503643374,0.33906098336433743
2026-03-06 05:30:00,1.0281,1.6777466952182283,0.6496466952182283
2026-03-06 05:45:00,1.113883333,1.441610423963716,0.327727090963716
2026-03-06 06:00:00,1.206126667,1.596424146449833,0.39029747944983306
2026-03-06 06:15:00,1.04067,1.633280957028692,0.5926109570286919
2026-03-06 06:30:00,1.333433333,1.4173723991665879,0.08393906616658775
2026-03-06 06:45:00,1.13085,1.6141627237353229,0.48331272373532297
2026-03-06 07:00:00,1.14774,1.4427143523822834,0.2949743523822834
2026-03-06 07:15:00,1.230133333,1.3706860967002035,0.14055276370020353
2026-03-06 07:30:00,2.000756667,2.9730234107926234,0.9722667437926233
2026-03-06 07:45:00,3.982533333,2.3685517348175114,1.6139815981824888
2026-03-06 08:00:00,1.130396667,2.9218984258336747,1.7915017588336746
2026-03-06 08:15:00,1.004633333,1.7453628589762884,0.7407295259762885
2026-03-06 08:30:00,1.66452,1.7865072331546228,0.12198723315462279
2026-03-06 08:45:00,2.26401,2.2656298855214967,0.0016198855214968333
2026-03-06 09:00:00,3.910833333,3.195479026275732,0.7153543067242678
2026-03-06 09:15:00,3.542393333,3.5914266979861487,0.04903336498614852
2026-03-06 09:30:00,4.755663333,3.378700107077922,1.3769632259220783
2026-03-06 09:45:00,1.659276667,4.030467695821046,2.3711910288210456
2026-03-06 10:00:00,1.069866667,1.950474608542072,0.880607941542072
2026-03-06 10:15:00,1.30759,1.2558749943326974,0.05171500566730258
2026-03-06 10:30:00,1.503436667,1.4054988817358909,0.09793778526410901
2026-03-06 10:45:00,0.682336667,1.447249243603859,0.7649125766038591
2026-03-06 11:00:00,0.958996667,0.8607707166021097,0.09822595039789028
2026-03-06 11:15:00,0.17714,0.909119776018174,0.731979776018174
2026-03-06 11:30:00,0.00948,0.5627215145059952,0.5532415145059951
2026-03-06 11:45:00,0.0,0.47541531354787164,0.47541531354787164
2026-03-06 12:00:00,9.400813333,1.8337102499347162,7.567103083065284
2026-03-06 12:15:00,11.41280333,10.612440633735028,0.8003626962649708
2026-03-06 12:30:00,11.76954,13.065648555086266,1.296108555086267
2026-03-06 12:45:00,8.003813333,12.00757019540082,4.00375686240082
2026-03-06 13:00:00,7.56243,8.839508298674632,1.277078298674632
2026-03-06 13:15:00,7.513416667,8.53367272216031,1.020256055160309
2026-03-06 13:30:00,6.198893333,7.304357232984919,1.105463899984919
2026-03-06 13:45:00,9.301596667,5.352302905333608,3.949293761666392
2026-03-06 14:00:00,10.20720667,5.99179261497722,4.21541405502278
2026-03-06 14:15:00,5.43552,8.362675998575941,2.927155998575941
2026-03-06 14:30:00,6.02797,4.4921354249159435,1.5358345750840563
2026-03-06 14:45:00,6.31235,4.660971931824531,1.651378068175469
2026-03-06 15:00:00,4.60015,4.847816795986843,0.24766679598684238
2026-03-06 15:15:00,2.510433333,4.3226023304710015,1.8121689974710016
2026-03-06 15:30:00,3.34672,3.2817756589678426,0.0649443410321573
2026-03-06 15:45:00,1.492796667,3.3885088602659814,1.8957121932659815
2026-03-06 16:00:00,2.71224,2.398333509408236,0.3139064905917639
2026-03-06 16:15:00,2.537583333,3.0465835443179543,0.5090002113179541
2026-03-06 16:30:00,2.83,2.8293148593131026,0.0006851406868975118
2026-03-06 16:45:00,4.2502,2.9168132708539996,1.3333867291460009
2026-03-06 17:00:00,2.38705,4.133141829437554,1.7460918294375545
2026-03-06 17:15:00,2.45417,2.842996256294549,0.38882625629454903
2026-03-06 17:30:00,6.069753333,2.991363961454431,3.0783893715455695
2026-03-06 17:45:00,5.705203333,4.786745138285373,0.9184581947146269
2026-03-06 18:00:00,3.325743333,5.025377852536429,1.6996345195364286
2026-03-06 18:15:00,2.334366667,3.317981750061155,0.9836150830611552
2026-03-06 18:30:00,1.73855,2.3245186018514894,0.5859686018514894
2026-03-06 18:45:00,2.025866667,1.8561817021623075,0.16968496483769235
2026-03-06 19:00:00,2.04806,2.3568601516157135,0.3088001516157135
2026-03-06 19:15:00,1.901066667,2.3099886399510585,0.4089219729510585
2026-03-06 19:30:00,1.93352,2.2006755815069097,0.26715558150690977
2026-03-06 19:45:00,2.630363333,2.113050035305834,0.5173132976941659
2026-03-06 20:00:00,2.21579,2.481432759794654,0.265642759794654
2026-03-06 20:15:00,1.915333333,2.269943899435177,0.3546105664351771
2026-03-06 20:30:00,1.68546,2.089791370673397,0.40433137067339686
2026-03-06 20:45:00,2.001826667,2.010099783719887,0.008273116719887064
2026-03-06 21:00:00,2.101356667,2.5206165108266845,0.41925984382668435
2026-03-06 21:15:00,2.119053333,2.6176823717886912,0.49862903878869114
2026-03-06 21:30:00,1.564743333,2.342816722226002,0.7780733892260021
2026-03-06 21:45:00,1.991093333,1.984174902576935,0.006918430423064947
2026-03-06 22:00:00,1.841446667,1.9188983940416615,0.07745172704166148
2026-03-06 22:15:00,1.39426,1.897151464402872,0.5028914644028719
2026-03-06 22:30:00,1.59046,1.67137302831381,0.08091302831380998
2026-03-06 22:45:00,1.61921,1.7209703407590877,0.10176034075908769
2026-03-06 23:00:00,1.88254,1.4914169986230694,0.3911230013769307
2026-03-06 23:15:00,1.68128,1.7403873167324238,0.05910731673242364
2026-03-06 23:30:00,1.624873333,1.5931143637854288,0.03175896921457122
2026-03-06 23:45:00,1.626026667,1.4898508173842226,0.13617584961577744
2026-03-07 00:00:00,1.818253333,1.2610251012379818,0.5572282317620181
2026-03-07 00:15:00,1.12917,1.4909123627954668,0.3617423627954668
2026-03-07 00:30:00,1.520213333,1.1986431357873872,0.3215701972126128
2026-03-07 00:45:00,1.61898,1.3527974151800106,0.26618258481998947
2026-03-07 01:00:00,1.45422,1.2968115795925956,0.15740842040740444
2026-03-07 01:15:00,0.889733333,1.234703349888067,0.34497001688806705
2026-03-07 01:30:00,2.235296667,1.0024376987305912,1.2328589682694089
2026-03-07 01:45:00,4.837426667,2.1605325131668933,2.6768941538331066
2026-03-07 02:00:00,4.709816667,2.6227377949776525,2.0870788720223477
2026-03-07 02:15:00,4.55155,2.6847106460883103,1.8668393539116894
2026-03-07 02:30:00,4.35214,2.8539418408041777,1.4981981591958227
2026-03-07 02:45:00,4.48947,3.4786426600067495,1.0108273399932504
2026-03-07 03:00:00,3.649273333,3.9736362777113734,0.3243629447113734
2026-03-07 03:15:00,2.010186667,3.082499874845804,1.072313207845804
2026-03-07 03:30:00,1.849746667,1.6879510048552446,0.16179566214475538
2026-03-07 03:45:00,1.129376667,1.4758114740371575,0.34643480703715746
2026-03-07 04:00:00,1.053806667,1.3465418694072246,0.2927352024072247
2026-03-07 04:15:00,1.369496667,1.4574372336106125,0.08794056661061256
2026-03-07 04:30:00,1.20682,1.675866818003909,0.4690468180039089
2026-03-07 04:45:00,1.095776667,1.5348539712069142,0.43907730420691427
2026-03-07 05:00:00,1.153853333,1.4923856727129536,0.3385323397129536
2026-03-07 05:15:00,1.349116667,1.5326389334900132,0.18352226649001313
2026-03-07 05:30:00,1.305146667,1.631291042761329,0.32614437576132893
2026-03-07 05:45:00,1.275936667,1.6508736739456429,0.3749370069456428
2026-03-07 06:00:00,1.162966667,1.6990649257073775,0.5360982587073775
2026-03-07 06:15:00,1.350576667,1.4914084680699642,0.1408318010699643
2026-03-07 06:30:00,1.200786667,1.656959270980465,0.456172603980465
2026-03-07 06:45:00,1.288703333,1.4611872333075198,0.1724839003075198
2026-03-07 07:00:00,1.27877,1.5184951460258413,0.23972514602584138
2026-03-07 07:15:00,1.314333333,1.5433407646143773,0.2290074316143773
2026-03-07 07:30:00,1.37638,1.6674788217748766,0.29109882177487667
2026-03-07 07:45:00,0.699936667,1.8193448789207123,1.1194082119207123
2026-03-07 08:00:00,1.018076667,0.9565592060549771,0.06151746094502297
2026-03-07 08:15:00,1.43947,1.3865640485606912,0.052905951439308874
2026-03-07 08:30:00,4.801653333,1.775407757552044,3.0262455754479562
2026-03-07 08:45:00,1.805583333,3.2903971238953384,1.4848137908953385
2026-03-07 09:00:00,0.632043333,3.3110257139679504,2.6789823809679505
2026-03-07 09:15:00,2.293,2.234369670695715,0.058630329304285134
2026-03-07 09:30:00,3.821563333,3.370739557104309,0.450823775895691
2026-03-07 09:45:00,2.81517,3.7930171982485135,0.9778471982485133
2026-03-07 10:00:00,2.23417,2.333647887629242,0.09947788762924192
2026-03-07 10:15:00,1.215333333,2.09037124171506,0.8750379087150602
2026-03-07 10:30:00,3.788483333,1.2051680707159,2.5833152622841
2026-03-07 10:45:00,4.60907,2.6153735732431325,1.9936964267568675
2026-03-07 11:00:00,4.157746667,3.3932618545132596,0.76448481248674
2026-03-07 11:15:00,2.82761,3.7462336756358807,0.9186236756358808
2026-03-07 11:30:00,2.003643333,2.98111263317994,0.9774693001799402
2026-03-07 11:45:00,2.524226667,2.2385618370230964,0.2856648299769038
2026-03-07 12:00:00,3.50834,2.216156730154376,1.2921832698456241
2026-03-07 12:15:00,12.81942,4.826802442380954,7.992617557619045
2026-03-07 12:30:00,13.40920333,13.334175532880774,0.07502779711922614
2026-03-07 12:45:00,13.5995,11.689759822545279,1.9097401774547222
2026-03-07 13:00:00,15.03195,11.346515295032031,3.685434704967969
2026-03-07 13:15:00,14.05257,11.167872506461787,2.884697493538212
2026-03-07 13:30:00,16.34942667,10.643403117087528,5.706023552912471
2026-03-07 13:45:00,17.52203,11.55417787090683,5.9678521290931705
2026-03-07 14:00:00,15.37602,11.024060259522608,4.351959740477392
2026-03-07 14:15:00,15.49669667,11.264180307518737,4.232516362481263
2026-03-07 14:30:00,6.09369,11.821613466593895,5.727923466593896
2026-03-07 14:45:00,5.46819,6.199697010192976,0.7315070101929759
2026-03-07 15:00:00,5.644723333,6.063394315230452,0.4186709822304522
2026-03-07 15:15:00,3.97215,6.722773623171848,2.7506236231718475
2026-03-07 15:30:00,3.097146667,4.732666341013343,1.6355196740133429
2026-03-07 15:45:00,1.745953333,4.359743839863181,2.6137905068631806
2026-03-07 16:00:00,3.920966667,3.1537950790986824,0.7671715879013177
2026-03-07 16:15:00,6.357166667,5.0540834061437945,1.303083260856206
2026-03-07 16:30:00,5.830233333,6.716792114226659,0.8865587812266593
2026-03-07 16:45:00,7.47383,6.414673136949205,1.059156863050795
2026-03-07 17:00:00,6.51185,7.404017608465804,0.8921676084658037
2026-03-07 17:15:00,7.982286667,6.060901261519844,1.921385405480156
2026-03-07 17:30:00,7.48177,7.196425497180321,0.2853445028196786
2026-03-07 17:45:00,6.910873333,7.438964413239957,0.5280910802399577
2026-03-07 18:00:00,6.449976667,7.608606881911261,1.1586302149112617
2026-03-07 18:15:00,6.10608,6.788862276036321,0.6827822760363205
2026-03-07 18:30:00,6.487373333,6.7875864896623535,0.3002131566623536
2026-03-07 18:45:00,7.66272,7.242072465379859,0.4206475346201408
2026-03-07 19:00:00,6.346013333,7.485474382288215,1.1394610492882151
2026-03-07 19:15:00,6.56472,5.911675620124665,0.6530443798753351
2026-03-07 19:30:00,11.65772333,6.335397526748094,5.322325803251905
2026-03-07 19:45:00,9.99565,9.718207252729485,0.27744274727051454
2026-03-07 20:00:00,8.45006,7.917327304362176,0.5327326956378249
2026-03-07 20:15:00,6.759513333,7.240936689555357,0.4814233565553572
2026-03-07 20:30:00,7.366123333,6.003456101122915,1.3626672318770847
2026-03-07 20:45:00,3.83901,5.950228105008649,2.111218105008649
2026-03-07 21:00:00,4.097303333,3.833742598055001,0.2635607349449991
2026-03-07 21:15:00,2.569493333,3.8936925806974703,1.3241992476974702
2026-03-07 21:30:00,1.88954,2.42842427092625,0.53888427092625
2026-03-07 21:45:00,4.695406667,2.405513445050807,2.2898932219491934
2026-03-07 22:00:00,5.810993333,4.3169674267090095,1.4940259062909904
2026-03-07 22:15:00,5.364136667,5.089615599778916,0.2745210672210847
2026-03-07 22:30:00,5.068673333,4.919441271594747,0.1492320614052529
2026-03-07 22:45:00,5.321116667,4.872464624624482,0.44865204237551826
2026-03-07 23:00:00,5.381726667,4.735483064972655,0.6462436020273445
2026-03-07 23:15:00,5.550356667,5.126267759353041,0.4240889076469587
2026-03-07 23:30:00,5.014746667,5.065174531487847,0.05042786448784753
2026-03-07 23:45:00,5.346293333,4.510222695108854,0.8360706378911464
2026-03-08 00:00:00,5.10699,4.392231687871456,0.7147583121285441
2026-03-08 00:15:00,5.373646667,4.4727179604815035,0.9009287065184965
2026-03-08 00:30:00,4.969626667,4.820057064337934,0.14956960266206565
2026-03-08 00:45:00,4.896633333,4.497225966111108,0.3994073668888918
2026-03-08 01:00:00,1.316136667,4.195742364138514,2.8796056971385138
2026-03-08 01:15:00,1.304283333,1.4176868517187695,0.11340351871876941
2026-03-08 01:30:00,1.466226667,1.6016188512298684,0.13539218422986843
2026-03-08 01:45:00,4.70852,1.6917699286420531,3.016750071357947
2026-03-08 02:00:00,1.749333333,3.5049619851891713,1.7556286521891713
2026-03-08 02:15:00,1.881333333,1.9786619461681585,0.09732861316815855
2026-03-08 02:30:00,2.000666667,2.033473247422913,0.03280658042291318
2026-03-08 02:45:00,1.977,1.8359430389683273,0.14105696103167276
2026-03-08 03:00:00,3.349333333,2.5131530962321476,0.8361802367678526
2026-03-08 03:15:00,2.399666667,3.317366685664457,0.917700018664457
2026-03-08 03:30:00,1.478,2.7120469895017383,1.2340469895017383
2026-03-08 03:45:00,1.248333333,1.8010435681073806,0.5527102351073807
2026-03-08 04:00:00,1.314666667,1.4032241853622,0.08855751836220005
2026-03-08 04:15:00,0.829666667,1.7399617193617858,0.9102950523617858
2026-03-08 04:30:00,1.212666667,1.3412841296696103,0.12861746266961038
2026-03-08 04:45:00,4.411333333,1.6404248906804744,2.7709084423195254
2026-03-08 05:00:00,3.130333333,2.4173472075611118,0.7129861254388881
2026-03-08 05:15:00,0.998,1.990967253159774,0.992967253159774
2026-03-08 05:30:00,1.434,1.0912362034817342,0.3427637965182657
2026-03-08 05:45:00,1.482333333,1.2325725043731408,0.2497608286268591
2026-03-08 06:00:00,2.718333333,1.5980739489457272,1.1202593840542727
2026-03-08 06:15:00,4.608666667,3.642269387296048,0.9663972797039517
2026-03-08 06:30:00,2.408,2.8588672499220262,0.4508672499220263
2026-03-08 06:45:00,1.222,2.0921815044839382,0.8701815044839383
2026-03-08 07:00:00,1.101666667,1.570060593425621,0.46839392642562117
2026-03-08 07:15:00,0.915666667,1.5743590654755524,0.6586923984755524
2026-03-08 07:30:00,3.512,1.8178964840440326,1.6941035159559674
2026-03-08 07:45:00,4.832113333,3.737826286637927,1.0942870463620729
2026-03-08 08:00:00,1.402626667,3.633756485547792,2.2311298185477924
2026-03-08 08:15:00,2.550846667,1.995576494046898,0.555270172953102
2026-03-08 08:30:00,6.254156667,2.8324526256514297,3.4217040413485704
2026-03-08 08:45:00,6.128193333,4.6186400575651945,1.509553275434805
2026-03-08 09:00:00,11.91015333,5.343756998091334,6.566396331908666
2026-03-08 09:15:00,9.456803333,10.68562812169528,1.228824788695281
2026-03-08 09:30:00,7.67681,7.223703737071147,0.4531062629288529
2026-03-08 09:45:00,10.07361667,6.184576636226117,3.889040033773883
2026-03-08 10:00:00,10.20342667,8.17270378224392,2.030722887756081
2026-03-08 10:15:00,5.692686667,9.63511788811617,3.94243122111617
2026-03-08 10:30:00,3.914786667,4.621779713428754,0.7069930464287544
2026-03-08 10:45:00,6.82834,2.93499282099392,3.89334717900608
2026-03-08 11:00:00,4.38953,5.242642347029162,0.8531123470291622
2026-03-08 11:15:00,5.091056667,3.715131610386541,1.3759250566134593
2026-03-08 11:30:00,4.271296667,3.835858381437135,0.43543828556286446
2026-03-08 11:45:00,6.399116667,3.6852662323218106,2.7138504346781898
2026-03-08 12:00:00,4.58123,5.192088800250423,0.6108588002504236
2026-03-08 12:15:00,4.96015,1.932012636430715,3.0281373635692845
2026-03-08 12:30:00,6.099673333,2.8612493995228054,3.2384239334771947
2026-03-08 12:45:00,7.406436667,4.557182886132784,2.8492537808672163
2026-03-08 13:00:00,6.276266667,6.364484155368969,0.08821748836896948
2026-03-08 13:15:00,5.54448,5.043901362519773,0.5005786374802268
2026-03-08 13:30:00,7.155883333,4.459274905309216,2.6966084276907845
2026-03-08 13:45:00,10.79234,5.606348946513669,5.1859910534863305
2026-03-08 14:00:00,12.98298333,7.339212839761226,5.643770490238774
2026-03-08 14:15:00,11.73014333,8.697916819272109,3.0322265107278916
2026-03-08 14:30:00,10.96687,7.818507041400473,3.1483629585995274
2026-03-08 14:45:00,11.84210333,8.052399156597021,3.7897041734029795
2026-03-08 15:00:00,10.23799333,8.369516770640088,1.8684765593599124
2026-03-08 15:15:00,10.42401333,7.872100406984753,2.551912923015246
2026-03-08 15:30:00,9.59895,8.584802687728397,1.0141473122716036
2026-03-08 15:45:00,6.384,8.437894267379061,2.053894267379061
2026-03-08 16:00:00,5.64393,5.758898286019806,0.11496828601980624
2026-03-08 16:15:00,6.91558,5.0847618995564305,1.8308181004435697
2026-03-08 16:30:00,6.171886667,6.673686923269703,0.5018002562697035
2026-03-08 16:45:00,5.460283333,5.6709806952358335,0.2106973622358339
2026-03-08 17:00:00,5.145253333,4.829278665915163,0.3159746670848369
2026-03-08 17:15:00,6.604526667,4.247227747881839,2.3572989191181613
2026-03-08 17:30:00,3.74705,4.8856520509252315,1.1386020509252313
2026-03-08 17:45:00,6.298416667,3.8653265103610472,2.4330901566389525
2026-03-08 18:00:00,1.518883333,4.819019234670264,3.300135901670264
2026-03-08 18:15:00,2.438653333,2.0364925890414183,0.4021607439585817
2026-03-08 18:30:00,0.869463333,1.9131573866041578,1.043694053604158
2026-03-08 18:45:00,1.14868,1.4180522574760668,0.26937225747606686
2026-03-08 19:00:00,0.852886667,1.5139745154540154,0.6610878484540154
2026-03-08 19:15:00,0.972323333,1.5233730968797037,0.5510497638797037
2026-03-08 19:30:00,1.202023333,1.5694266188590433,0.36740328585904325
2026-03-08 19:45:00,1.71606,1.7382710263669972,0.022211026366997233
2026-03-08 20:00:00,1.686863333,1.6599946917354345,0.026868641264565563
2026-03-08 20:15:00,2.040693333,1.7285903683650767,0.3121029646349234
2026-03-08 20:30:00,2.736093333,1.7882203250923414,0.9478730079076585
2026-03-08 20:45:00,2.166716667,2.3070648593660796,0.14034819236607943
2026-03-08 21:00:00,2.267556667,2.423146040089273,0.1555893730892728
2026-03-08 21:15:00,2.34925,2.602687790088189,0.253437790088189
2026-03-08 21:30:00,1.807636667,2.485688626583275,0.6780519595832752
2026-03-08 21:45:00,1.979873333,2.1959039750909115,0.2160306420909115
2026-03-08 22:00:00,1.583656667,1.7911791950654579,0.2075225280654578
2026-03-08 22:15:00,1.94825,1.6862563161796758,0.2619936838203243
2026-03-08 22:30:00,2.119936667,1.920383184083107,0.19955348291689323
2026-03-08 22:45:00,3.30335,1.8469500841480386,1.4563999158519614
2026-03-08 23:00:00,1.738643333,2.4370933356123268,0.6984500026123268
2026-03-08 23:15:00,1.764196667,1.5317015596325139,0.23249510736748613
2026-03-08 23:30:00,1.78475,1.4569292957844193,0.32782070421558074
2026-03-08 23:45:00,1.720616667,1.3926575369466712,0.3279591300533289
2026-03-09 00:00:00,1.512136667,1.3813555592055675,0.13078110779443253
2026-03-09 00:15:00,1.501993333,1.3352361846159775,0.16675714838402245
2026-03-09 00:30:00,1.69611,1.3762878367932236,0.31982216320677637
2026-03-09 00:45:00,1.251236667,1.4515908282213483,0.20035416122134841
2026-03-09 01:00:00,1.00269,1.2841672030409481,0.28147720304094803
2026-03-09 01:15:00,1.194063333,1.1141355077373694,0.07992782526263054
2026-03-09 01:30:00,2.369866667,1.2916110572983812,1.078255609701619
2026-03-09 01:45:00,4.73324,2.3600722821505444,2.373167717849456
2026-03-09 02:00:00,4.665063333,2.681239292476645,1.9838240405233551
2026-03-09 02:15:00,4.28964,2.609137353113949,1.6805026468860516
2026-03-09 02:30:00,4.498456667,2.601745346858119,1.8967113201418813
2026-03-09 02:45:00,4.12946,3.740202495564401,0.3892575044355988
2026-03-09 03:00:00,2.51072,3.454774674019998,0.944054674019998
2026-03-09 03:15:00,2.05452,2.3944764468516895,0.33995644685168935
2026-03-09 03:30:00,1.436133333,1.7324531607202882,0.2963198277202883
2026-03-09 03:45:00,0.63087,1.5560083672686742,0.9251383672686742
2026-03-09 04:00:00,0.60661,1.0845079110150653,0.4778979110150653
2026-03-09 04:15:00,1.066793333,1.3472624868659113,0.2804691538659114
2026-03-09 04:30:00,0.964893333,1.5900279465890277,0.6251346135890277
2026-03-09 04:45:00,0.934186667,1.5985202745837515,0.6643336075837515
2026-03-09 05:00:00,0.936676667,1.5720525716925977,0.6353759046925977
2026-03-09 05:15:00,1.192786667,1.3454844777296258,0.15269781072962574
2026-03-09 05:30:00,1.1818,1.640457958022691,0.45865795802269105
2026-03-09 05:45:00,1.183273333,1.55888091768763,0.3756075846876299
2026-03-09 06:00:00,1.142396667,1.6533049773410309,0.5109083103410308
2026-03-09 06:15:00,0.747603333,1.6740402775266174,0.9264369445266174
2026-03-09 06:30:00,0.70149,1.1887613052912613,0.4872713052912614
2026-03-09 06:45:00,0.989366667,1.132797706661688,0.14343103966168813
2026-03-09 07:00:00,1.24044,1.19551495373774,0.044925046262259904
2026-03-09 07:15:00,1.24443,1.3475394087601493,0.1031094087601494
2026-03-09 07:30:00,1.897853333,1.8028476816678778,0.09500565133212224
2026-03-09 07:45:00,1.825936667,2.2963689809893806,0.4704323139893807
2026-03-09 08:00:00,2.364146667,1.748325427089093,0.6158212399109069
2026-03-09 08:15:00,1.301143333,2.3016602581850343,1.0005169251850343
2026-03-09 08:30:00,1.059643333,1.7312829184544323,0.6716395854544324
2026-03-09 08:45:00,0.789913333,1.553226060166521,0.7633127271665211
2026-03-09 09:00:00,1.012613333,1.6803191038843024,0.6677057708843024
2026-03-09 09:15:00,0.673376667,1.4367904493722856,0.7634137823722856
2026-03-09 09:30:00,0.136976667,1.4721988298243793,1.3352221628243792
2026-03-09 09:45:00,0.0,0.8041501179981527,0.8041501179981527
2026-03-09 10:00:00,0.0,0.22863997484091836,0.22863997484091836
2026-03-09 10:15:00,0.003366667,0.34000731910132115,0.33664065210132116
2026-03-09 10:30:00,0.0,0.38255202390170934,0.38255202390170934
2026-03-09 10:45:00,0.0,0.3438605552315222,0.3438605552315222
2026-03-09 11:00:00,0.0,0.12324438967739494,0.12324438967739494
2026-03-09 11:15:00,0.0,0.10452177896076081,0.10452177896076081
2026-03-09 11:30:00,0.0,0.29170160042135357,0.29170160042135357
2026-03-09 11:45:00,1.821246667,0.4971967751608555,1.3240498918391446
2026-03-09 12:00:00,8.301733333,2.9978727041602595,5.30386062883974
2026-03-09 12:15:00,5.146433333,9.057235960858948,3.9108026278589483
2026-03-09 12:30:00,7.72757,7.809194809220271,0.08162480922027093
2026-03-09 12:45:00,4.80763,7.240860331755805,2.433230331755805
2026-03-09 13:00:00,4.132476667,5.723845468278761,1.5913688012787617
2026-03-09 13:15:00,4.233413333,5.352683512697802,1.1192701796978026
2026-03-09 13:30:00,3.161636667,5.42015984803027,2.25852318103027
2026-03-09 13:45:00,6.678356667,4.659995327070294,2.0183613399297062
2026-03-09 14:00:00,3.100513333,4.684254010180582,1.583740677180582
2026-03-09 14:15:00,5.008723333,3.266401272950068,1.7423220600499318
2026-03-09 14:30:00,6.641963333,5.180259520461006,1.4617038125389934
2026-03-09 14:45:00,4.755466667,5.588471533410403,0.8330048664104028
2026-03-09 15:00:00,4.414446667,4.691331047909505,0.27688438090950473
2026-03-09 15:15:00,4.604926667,4.501010593776038,0.1039160732239619
2026-03-09 15:30:00,2.93552,4.634999338864543,1.6994793388645433
2026-03-09 15:45:00,5.286573333,2.83413983678858,2.4524334962114196
2026-03-09 16:00:00,3.027803333,5.0757052375730565,2.0479019045730564
2026-03-09 16:15:00,1.916633333,3.265025547797332,1.348392214797332
2026-03-09 16:30:00,4.513043333,2.6543208676623053,1.8587224653376944
2026-03-09 16:45:00,2.969373333,4.47472993182388,1.5053565988238802
2026-03-09 17:00:00,1.49126,3.2113168431156103,1.7200568431156102
2026-03-09 17:15:00,2.479056667,2.532724498396602,0.05366783139660214
2026-03-09 17:30:00,1.613886667,2.6253979442714845,1.0115112772714845
2026-03-09 17:45:00,2.57497,2.1148545979776303,0.46011540202236967
2026-03-09 18:00:00,1.945646667,2.141863286881179,0.196216619881179
2026-03-09 18:15:00,2.614683333,2.063651955286533,0.5510313777134668
2026-03-09 18:30:00,2.199736667,2.087746591458716,0.11199007554128393
2026-03-09 18:45:00,2.287366667,2.1639064826391055,0.12346018436089468
2026-03-09 19:00:00,2.52076,2.2227121000235095,0.2980478999764906
2026-03-09 19:15:00,2.510116667,2.586311652327617,0.07619498532761693
2026-03-09 19:30:00,3.07331,2.5960344696119058,0.47727553038809445
2026-03-09 19:45:00,2.331756667,3.0758071031634886,0.7440504361634885
2026-03-09 20:00:00,2.44297,2.377448378501135,0.06552162149886476
2026-03-09 20:15:00,2.21739,2.4519990074038254,0.2346090074038254
2026-03-09 20:30:00,1.839233333,2.3122974723184124,0.4730641393184125
2026-03-09 20:45:00,2.0388,2.043852018640943,0.005052018640942624
2026-03-09 21:00:00,1.659993333,2.683289645642666,1.0232963126426657
2026-03-09 21:15:00,1.934036667,2.394384099079406,0.4603474320794061
2026-03-09 21:30:00,2.417976667,2.510571138099081,0.09259447109908114
2026-03-09 21:45:00,2.162453333,2.695498316801574,0.5330449838015738
2026-03-09 22:00:00,1.898273333,2.1498774401541634,0.2516041071541635
2026-03-09 22:15:00,2.2325,2.0832636160527542,0.1492363839472457
2026-03-09 22:30:00,2.129763333,2.208665123422374,0.07890179042237389
2026-03-09 22:45:00,1.401016667,2.177039600635773,0.7760229336357729
2026-03-09 23:00:00,1.655893333,1.5425810598681096,0.11331227313189052
2026-03-09 23:15:00,1.777086667,1.6580331451977681,0.11905352180223194
2026-03-09 23:30:00,1.63498,1.7168381355148992,0.08185813551489907
2026-03-09 23:45:00,1.363696667,1.6549998155065218,0.29130314850652184
2026-03-10 00:00:00,1.521716667,1.319964387038112,0.20175227996188805
2026-03-10 00:15:00,1.432993333,1.3592827272004842,0.07371060579951583
2026-03-10 00:30:00,1.296693333,1.478330581613598,0.1816372486135982
2026-03-10 00:45:00,1.519853333,1.3151496639293483,0.20470366907065163
2026-03-10 01:00:00,1.38689,1.3016231936216058,0.08526680637839412
2026-03-10 01:15:00,1.311,1.2526415113100717,0.05835848868992821
2026-03-10 01:30:00,2.382563333,1.274577780338105,1.1079855526618947
2026-03-10 01:45:00,4.689396667,2.0213297509957067,2.668066916004293
2026-03-10 02:00:00,4.4421,2.4827735449136705,1.9593264550863294
2026-03-10 02:15:00,4.533993333,2.6008614468959683,1.9331318861040314
2026-03-10 02:30:00,4.79856,2.9401200301528485,1.8584399698471517
2026-03-10 02:45:00,4.559636667,3.784468868775396,0.7751677982246044
2026-03-10 03:00:00,1.958056667,4.093660751143587,2.135604084143587
2026-03-10 03:15:00,2.321043333,1.8031596831862025,0.5178836498137975
2026-03-10 03:30:00,1.93386,1.6422474575962043,0.29161254240379564
2026-03-10 03:45:00,1.083863333,1.458131008421328,0.3742676754213279
2026-03-10 04:00:00,1.29211,1.4917037631060164,0.1995937631060163
2026-03-10 04:15:00,1.674433333,1.5081521613727986,0.16628117162720146
2026-03-10 04:30:00,1.293956667,1.7756821607193491,0.48172549371934914
2026-03-10 04:45:00,1.02108,1.6411953551557612,0.6201153551557612
2026-03-10 05:00:00,1.0998,1.4696784582275733,0.36987845822757315
2026-03-10 05:15:00,1.204363333,1.5204854741874136,0.31612214118741355
2026-03-10 05:30:00,1.386253333,1.5889844537063171,0.20273112070631716
2026-03-10 05:45:00,1.22006,1.6562084582458045,0.4361484582458046
2026-03-10 06:00:00,1.22718,1.6541631642832315,0.4269831642832316
2026-03-10 06:15:00,1.561193333,1.5992713288731673,0.03807799587316718
2026-03-10 06:30:00,1.47465,1.6842538784319916,0.20960387843199157
2026-03-10 06:45:00,1.62737,1.6586281840618091,0.031258184061809136
2026-03-10 07:00:00,1.3348,1.6897187328797671,0.35491873287976716
2026-03-10 07:15:00,1.602986667,1.5740847972718601,0.028901869728139795
2026-03-10 07:30:00,3.629023333,2.1993269760144627,1.4296963569855374
2026-03-10 07:45:00,4.95133,3.1657391182393635,1.785590881760636
2026-03-10 08:00:00,2.72828,3.802217764327327,1.0739377643273271
2026-03-10 08:15:00,5.45323,2.932695155778394,2.5205348442216056
2026-03-10 08:30:00,3.691343333,4.512515605768843,0.8211722727688429
2026-03-10 08:45:00,3.22576,3.5050219107132463,0.27926191071324613
2026-03-10 09:00:00,3.411803333,3.0124796523104806,0.3993236806895193
2026-03-10 09:15:00,2.46718,3.7129875374083228,1.2458075374083228
2026-03-10 09:30:00,2.640333333,2.6210178971843416,0.01931543581565842
2026-03-10 09:45:00,2.105006667,2.4480962630595857,0.34308959605958567
2026-03-10 10:00:00,1.146273333,1.6646177520658854,0.5183444190658855
2026-03-10 10:15:00,1.298993333,1.2471872691121446,0.05180606388785547
2026-03-10 10:30:00,0.292276667,1.1426485773919068,0.8503719103919068
2026-03-10 10:45:00,0.831756667,0.5125076846259551,0.31924898237404487
2026-03-10 11:00:00,0.0,0.6559660718909789,0.6559660718909789
2026-03-10 11:15:00,0.545626667,0.23232521287028302,0.31330145412971694
2026-03-10 11:30:00,0.515803333,0.5704560552687548,0.05465272226875473
2026-03-10 11:45:00,0.0,1.0306525289767705,1.0306525289767705
2026-03-10 12:00:00,0.0,0.9141976997160329,0.9141976997160329
2026-03-10 12:15:00,9.287593333,1.5111861971125462,7.776407135887454
2026-03-10 12:30:00,11.09608,10.113383060019583,0.9826969399804177
2026-03-10 12:45:00,10.67257333,10.156124527363207,0.516448802636793
2026-03-10 13:00:00,11.96448667,9.623925430953872,2.340561239046128
2026-03-10 13:15:00,11.64007333,9.13776317595845,2.5023101540415507
2026-03-10 13:30:00,10.07585,8.752513708414039,1.3233362915859619
2026-03-10 13:45:00,11.71074333,8.342021073757364,3.368722256242636
2026-03-10 14:00:00,5.251976667,8.72530174730021,3.473325080300209
2026-03-10 14:15:00,6.19537,5.753480773355178,0.4418892266448218
2026-03-10 14:30:00,6.410886667,6.196891686004739,0.2139949809952606
2026-03-10 14:45:00,6.263336667,5.561136625148242,0.702200041851758
2026-03-10 15:00:00,4.01302,5.327941244295408,1.314921244295408
2026-03-10 15:15:00,5.616493333,3.970013898174892,1.6464794348251082
2026-03-10 15:30:00,5.11209,5.385378676384058,0.27328867638405807
2026-03-10 15:45:00,5.254586667,4.6559701613478985,0.5986165056521013
2026-03-10 16:00:00,8.356606667,4.474543814861885,3.882062852138114
2026-03-10 16:15:00,8.068436667,6.56789181508293,1.5005448519170699
2026-03-10 16:30:00,4.732086667,6.972045175989898,2.239958508989898
2026-03-10 16:45:00,5.024843333,4.378499512627444,0.6463438203725556
2026-03-10 17:00:00,0.959836667,4.931748593944949,3.9719119269449488
2026-03-10 17:15:00,0.654916667,1.9419252528609425,1.2870085858609426
2026-03-10 17:30:00,1.363026667,1.1790820080612803,0.1839446589387197
2026-03-10 17:45:00,1.907466667,1.9178365943366846,0.010369927336684626
2026-03-10 18:00:00,3.0815,2.1929617237281467,0.8885382762718534
2026-03-10 18:15:00,3.57048,3.0591833711778973,0.5112966288221026
2026-03-10 18:30:00,3.441736667,3.443503876467761,0.0017672094677609884
2026-03-10 18:45:00,3.465783333,3.340912039025919,0.12487129397408125
2026-03-10 19:00:00,3.563043333,3.1607428263983888,0.4023005066016112
2026-03-10 19:15:00,3.59518,3.061768092394964,0.5334119076050361
2026-03-10 19:30:00,3.06753,3.2073848356762027,0.1398548356762026
2026-03-10 19:45:00,3.30289,2.8166330838871905,0.48625691611280963
2026-03-10 20:00:00,3.240376667,2.7930472470628347,0.44732941993716535
2026-03-10 20:15:00,3.645286667,2.683660959608838,0.9616257073911623
2026-03-10 20:30:00,3.07004,3.2739685956329843,0.20392859563298416
2026-03-10 20:45:00,2.276326667,2.6699308606113683,0.3936041936113681
2026-03-10 21:00:00,2.610346667,2.282714160036749,0.32763250696325086
2026-03-10 21:15:00,3.111556667,2.7503165363183975,0.36124013068160243
2026-03-10 21:30:00,2.824043333,2.9031487670246645,0.07910543402466441
2026-03-10 21:45:00,3.428813333,2.705122529590054,0.7236908034099461
2026-03-10 22:00:00,2.845906667,2.8552717256683735,0.00936505866837356
2026-03-10 22:15:00,2.6084,2.6300467918220267,0.021646791822026668
2026-03-10 22:30:00,2.12279,2.445305259707562,0.3225152597075618
2026-03-10 22:45:00,2.453083333,2.0585383459541364,0.3945449870458635
2026-03-10 23:00:00,2.651676667,2.081008007527404,0.570668659472596
2026-03-10 23:15:00,2.60812,2.1075450748946687,0.5005749251053313
2026-03-10 23:30:00,2.012696667,2.2915570961339005,0.2788604291339003
2026-03-10 23:45:00,1.631083333,1.9022512925155322,0.2711679595155321
2026-03-11 00:00:00,1.54036,1.6699446250449053,0.1295846250449053
2026-03-11 00:15:00,1.348396667,1.4577601790684882,0.10936351206848816
2026-03-11 00:30:00,1.899796667,1.3914483990185442,0.5083482679814557
2026-03-11 00:45:00,1.52749,1.6934160135217309,0.16592601352173086
2026-03-11 01:00:00,1.284666667,1.5082137150307364,0.22354704803073644
2026-03-11 01:15:00,0.99348,1.3190354815082108,0.3255554815082108
2026-03-11 01:30:00,2.626776667,1.2935593557838492,1.333217311216151
2026-03-11 01:45:00,5.551236667,2.7376043030091406,2.81363236399086
2026-03-11 02:00:00,5.708173333,3.186245377934253,2.521927955065747
2026-03-11 02:15:00,5.534623333,3.195621530110591,2.339001802889409
2026-03-11 02:30:00,5.813906667,3.8162678850022864,1.997638781997714
2026-03-11 02:45:00,5.68149,4.942806837052892,0.7386831629471082
2026-03-11 03:00:00,3.230803333,5.381816938131301,2.1510136051313014
2026-03-11 03:15:00,2.896236667,2.317445504553654,0.578791162446346
2026-03-11 03:30:00,2.602166667,2.130903269306913,0.4712633976930869
2026-03-11 03:45:00,2.02526,2.1624671543755922,0.1372071543755924
2026-03-11 04:00:00,1.902816667,2.4952932943660593,0.5924766273660593
2026-03-11 04:15:00,2.253953333,1.9779844353176907,0.27596889768230937
2026-03-11 04:30:00,1.943793333,2.4066515697766677,0.4628582367766678
2026-03-11 04:45:00,1.353036667,2.2643836175012613,0.9113469505012612
2026-03-11 05:00:00,1.012156667,1.8794007372685912,0.8672440702685913
2026-03-11 05:15:00,1.221833333,1.5285827354693533,0.30674940246935334
2026-03-11 05:30:00,1.244116667,1.682429405665157,0.4383127386651571
2026-03-11 05:45:00,1.150233333,1.6947285171258841,0.544495184125884
2026-03-11 06:00:00,1.120486667,1.7017577998498024,0.5812711328498024
2026-03-11 06:15:00,1.2037,1.8858979362276131,0.6821979362276132
2026-03-11 06:30:00,1.119876667,1.886856625061518,0.766979958061518
2026-03-11 06:45:00,1.23379,1.8108846039913151,0.5770946039913152
2026-03-11 07:00:00,1.213866667,1.6894020495955084,0.4755353825955084
2026-03-11 07:15:00,1.467333333,1.677250929024068,0.209917596024068
2026-03-11 07:30:00,3.064,3.0046331779326705,0.05936682206732957
2026-03-11 07:45:00,2.408333333,4.810409612254894,2.402076279254894
2026-03-11 08:00:00,3.46,2.9351750554264013,0.5248249445735986
2026-03-11 08:15:00,5.632333333,4.310976125036999,1.3213572079630014
2026-03-11 08:30:00,3.477243333,4.757576757758388,1.2803334247583877
2026-03-11 08:45:00,2.135856667,3.7355576444173475,1.5997009774173474
2026-03-11 09:00:00,4.683313333,3.390622311069115,1.2926910219308851
2026-03-11 09:15:00,2.912583333,4.683124955409852,1.7705416224098518
2026-03-11 09:30:00,4.39678,3.107576238477429,1.2892037615225709
2026-03-11 09:45:00,2.34796,4.762839057241661,2.4148790572416607
2026-03-11 10:00:00,0.823516667,2.1611158118870657,1.3375991448870657
2026-03-11 10:15:00,0.771703333,1.372541662055028,0.6008383290550279
2026-03-11 10:30:00,0.123636667,1.3102847554071833,1.1866480884071833
2026-03-11 10:45:00,2.183563333,0.33305489986950754,1.8505084331304924
2026-03-11 11:00:00,3.26478,2.0932380265067247,1.1715419734932753
2026-03-11 11:15:00,4.522143333,2.976138389706412,1.5460049432935876
2026-03-11 11:30:00,2.622776667,3.755117727109074,1.132341060109074
2026-03-11 11:45:00,4.444426667,2.2527894919919853,2.191637175008015
2026-03-11 12:00:00,3.713723333,3.513661192551315,0.2000621404486851
2026-03-11 12:15:00,3.9614,3.2168637004151974,0.7445362995848024
2026-03-11 12:30:00,4.132573333,3.158239201210298,0.9743341317897016
2026-03-11 12:45:00,3.64007,4.119026722021212,0.4789567220212114
2026-03-11 13:00:00,3.76837,3.127200212021442,0.6411697879785581
2026-03-11 13:15:00,3.760833333,4.064528863287579,0.30369553028757945
2026-03-11 13:30:00,3.426716667,4.951495357049872,1.5247786900498719
2026-03-11 13:45:00,3.139663333,3.2241265110060935,0.08446317800609338
2026-03-11 14:00:00,2.65852,3.703416450714512,1.044896450714512
2026-03-11 14:15:00,0.0,3.928020775049956,3.928020775049956
2026-03-11 14:30:00,9.440326667,1.4043304533812198,8.03599621361878
2026-03-11 14:45:00,8.553996667,8.106405316820405,0.4475913501795947
2026-03-11 15:00:00,6.63393,7.6181647125753065,0.9842347125753061
2026-03-11 15:15:00,5.664906667,6.367606108979562,0.7026994419795614
2026-03-11 15:30:00,8.783856667,5.016470796232264,3.767385870767736
2026-03-11 15:45:00,13.26135333,7.861916679009358,5.399436650990642
2026-03-11 16:00:00,8.09918,8.456610992135888,0.35743099213588714
2026-03-11 16:15:00,8.532833333,6.587122731781849,1.94571060121815
2026-03-11 16:30:00,9.8012,6.644762330456108,3.156437669543892
2026-03-11 16:45:00,11.44802,8.041575176876112,3.4064448231238877
2026-03-11 17:00:00,6.897636667,8.891672562533254,1.994035895533253
2026-03-11 17:15:00,5.297173333,5.797644792083284,0.5004714590832844
2026-03-11 17:30:00,5.142396667,5.289984959347612,0.14758829234761173
2026-03-11 17:45:00,7.38624,5.103746339736163,2.282493660263837
2026-03-11 18:00:00,5.42277,6.835103041845468,1.4123330418454678
2026-03-11 18:15:00,6.310373333,5.813594602221684,0.496778730778316
2026-03-11 18:30:00,7.27953,6.90590710886136,0.37362289113864033
2026-03-11 18:45:00,4.1543,7.3759413022502125,3.2216413022502124
2026-03-11 19:00:00,6.617036667,4.039328370641513,2.5777082963584865
2026-03-11 19:15:00,4.346656667,6.134892988031942,1.7882363210319419
2026-03-11 19:30:00,6.60009,4.081630676959163,2.5184593230408368
2026-03-11 19:45:00,5.75365,7.039844865611991,1.286194865611991
2026-03-11 20:00:00,6.995736667,5.029350380984163,1.9663862860158368
2026-03-11 20:15:00,6.06247,6.291454785674049,0.228984785674049
2026-03-11 20:30:00,4.971216667,5.02968890027103,0.05847223327103013
2026-03-11 20:45:00,3.386006667,4.550055174979694,1.164048507979694
2026-03-11 21:00:00,2.21934,3.012925839253997,0.7935858392539972
2026-03-11 21:15:00,2.426106667,2.675375455543732,0.2492687885437319
2026-03-11 21:30:00,2.565386667,2.5506937204172364,0.014692946582763433
2026-03-11 21:45:00,1.896436667,2.6298434624023455,0.7334067954023455
2026-03-11 22:00:00,1.80117,2.114850801986487,0.3136808019864872
2026-03-11 22:15:00,2.29677,2.09242651279569,0.20434348720430995
2026-03-11 22:30:00,2.302063333,2.291517521511881,0.01054581148811895
2026-03-11 22:45:00,1.795643333,2.3759923093860116,0.5803489763860117
2026-03-11 23:00:00,1.84343,1.852554747323423,0.009124747323423055
2026-03-11 23:15:00,1.97669,1.8963425490072268,0.0803474509927733
2026-03-11 23:30:00,1.747013333,1.8420559588353975,0.09504262583539758
2026-03-11 23:45:00,1.61615,1.660900430663936,0.044750430663935914
2026-03-12 00:00:00,1.689363333,1.4795219297071742,0.20984140329282575
2026-03-12 00:15:00,1.386786667,1.589231025094604,0.20244435809460404
2026-03-12 00:30:00,1.173596667,1.3795099352684737,0.20591326826847367
2026-03-12 00:45:00,1.62608,1.3505259876587263,0.27555401234127364
2026-03-12 01:00:00,1.19051,1.4511193556484474,0.26060935564844745
2026-03-12 01:15:00,1.278893333,1.222353004837254,0.05654032816274612
2026-03-12 01:30:00,2.522203333,1.5565779720900415,0.9656253609099588
2026-03-12 01:45:00,4.829063333,2.5918223148364223,2.2372410181635773
2026-03-12 02:00:00,4.63085,2.865711900123239,1.7651380998767605
2026-03-12 02:15:00,1.889753333,3.0175327467163804,1.1277794137163804
2026-03-12 02:30:00,2.053083333,1.714742823175697,0.3383405098243031
2026-03-12 02:45:00,1.619713333,1.9371915929987604,0.31747825999876045
2026-03-12 03:00:00,1.95607,1.618416413534903,0.3376535864650969
2026-03-12 03:15:00,2.10943,2.083423404966855,0.026006595033145175
2026-03-12 03:30:00,1.468353333,2.177555454786766,0.7092021217867659
2026-03-12 03:45:00,0.809333333,1.7481086100068497,0.9387752770068497
2026-03-12 04:00:00,1.45682,1.4018537823904245,0.05496621760957554
2026-03-12 04:15:00,1.434206667,1.8165227837461404,0.3823161167461404
2026-03-12 04:30:00,1.327246667,1.8025479092369032,0.4753012422369032
2026-03-12 04:45:00,0.813303333,1.7073968521154854,0.8940935191154854
2026-03-12 05:00:00,1.09902,1.3211471802084098,0.2221271802084097
2026-03-12 05:15:00,1.32375,1.4863167451380894,0.16256674513808944
2026-03-12 05:30:00,1.25936,1.6415243989959605,0.38216439899596044
2026-03-12 05:45:00,1.408433333,1.6024844522171784,0.19405111921717833
2026-03-12 06:00:00,0.934873333,1.6261905920206274,0.6913172590206275
2026-03-12 06:15:00,0.920603333,1.2253647411796098,0.30476140817960984
2026-03-12 06:30:00,0.833623333,1.1138140586986056,0.2801907256986056
2026-03-12 06:45:00,1.190666667,1.1256163213625148,0.06505034563748513
2026-03-12 07:00:00,1.348096667,1.444190178781817,0.09609351178181691
2026-03-12 07:15:00,1.063526667,1.5107260594152894,0.4471993924152893
2026-03-12 07:30:00,3.367666667,3.055624595644694,0.31204207135530604
2026-03-12 07:45:00,4.16477,2.8187614640570615,1.3460085359429383
2026-03-12 08:00:00,3.55787,3.207574401236447,0.350295598763553
2026-03-12 08:15:00,1.579556667,3.504817363267494,1.9252606962674939
2026-03-12 08:30:00,1.9659,2.6678187409969074,0.7019187409969074
2026-03-12 08:45:00,3.336683333,2.4341051711839587,0.9025781618160411
2026-03-12 09:00:00,5.368953333,4.042084935978446,1.3268683970215545
2026-03-12 09:15:00,1.77625,4.89584400869319,3.1195940086931895
2026-03-12 09:30:00,3.217123333,2.9151241092188807,0.3019992237811193
2026-03-12 09:45:00,1.886093333,3.276466226146916,1.390372893146916
2026-03-12 10:00:00,2.478396667,1.7359227035855782,0.742473963414422
2026-03-12 10:15:00,1.061036667,1.6467314709864669,0.5856948039864669
2026-03-12 10:30:00,0.0704,1.4299045886977337,1.3595045886977337
2026-03-12 10:45:00,0.081306667,0.3683404171523644,0.2870337501523644
2026-03-12 11:00:00,0.06209,0.43993355622021413,0.37784355622021415
2026-03-12 11:15:00,0.98169,0.9253174956784961,0.05637250432150387
2026-03-12 11:30:00,0.0,1.6763141173796203,1.6763141173796203
2026-03-12 11:45:00,6.181816667,1.790253526141728,4.391563140858271
2026-03-12 12:00:00,11.41659,12.150228742754848,0.7336387427548487
2026-03-12 12:15:00,11.107,11.32529721163812,0.2182972116381201
2026-03-12 12:30:00,9.943916667,10.760504375164727,0.816587708164727
2026-03-12 12:45:00,9.676783333,8.462693391098622,1.2140899419013778
2026-03-12 13:00:00,9.534256667,8.349542112398973,1.184714554601026
2026-03-12 13:15:00,10.0397,8.599151508842795,1.4405484911572053
2026-03-12 13:30:00,10.91251667,8.47764091278875,2.43487575721125
2026-03-12 13:45:00,12.24489667,8.42225853091364,3.8226381390863597
2026-03-12 14:00:00,12.11230667,9.15145975334977,2.9608469166502314
2026-03-12 14:15:00,9.59661,8.655863708716948,0.9407462912830518
2026-03-12 14:30:00,5.75837,7.521565897039267,1.7631958970392665
2026-03-12 14:45:00,6.712656667,4.088510502782133,2.6241461642178674
2026-03-12 15:00:00,6.146736667,5.457261633354239,0.6894750336457607
2026-03-12 15:15:00,3.541756667,5.146542244092541,1.604785577092541
2026-03-12 15:30:00,0.849593333,3.486292003381971,2.636698670381971
2026-03-12 15:45:00,0.691236667,3.3729745388296046,2.6817378718296045
2026-03-12 16:00:00,0.0,2.3325694418834484,2.3325694418834484
2026-03-12 16:15:00,1.033196667,1.165515128526554,0.13231846152655402
2026-03-12 16:30:00,1.390616667,2.7450555511077086,1.3544388841077086
2026-03-12 16:45:00,1.356893333,2.7236496777144072,1.3667563447144073
2026-03-12 17:00:00,0.776123333,2.2618297929617928,1.4857064599617926
2026-03-12 17:15:00,1.81461,1.6750330809769143,0.13957691902308578
2026-03-12 17:30:00,3.69394,2.081251410967238,1.612688589032762
2026-03-12 17:45:00,4.005486667,3.4362751554037416,0.5692115115962579
2026-03-12 18:00:00,4.117393333,3.1388896584980053,0.9785036745019946
2026-03-12 18:15:00,2.50253,2.685845703659908,0.183315703659908
2026-03-12 18:30:00,2.02655,2.3117417079314317,0.2851917079314319
2026-03-12 18:45:00,1.46021,2.117312049662807,0.6571020496628068
2026-03-12 19:00:00,1.351526667,1.5591919505210219,0.20766528352102198
2026-03-12 19:15:00,1.89975,1.832939614815979,0.06681038518402116
2026-03-12 19:30:00,2.257813333,2.093632783249165,0.16418054975083507
2026-03-12 19:45:00,1.857956667,2.2612212597688597,0.4032645927688596
2026-03-12 20:00:00,1.77158,2.017617636769887,0.2460376367698871
2026-03-12 20:15:00,1.784546667,1.9379628079250164,0.15341614092501632
2026-03-12 20:30:00,1.548286667,2.066460138393109,0.5181734713931092
2026-03-12 20:45:00,1.839773333,1.925203247067306,0.08542991406730605
2026-03-12 21:00:00,1.539733333,2.5740128337422257,1.0342795007422256
2026-03-12 21:15:00,1.949923333,2.5725964646891013,0.6226731316891012
2026-03-12 21:30:00,1.493803333,2.5153908993635077,1.0215875663635077
2026-03-12 21:45:00,1.919726667,2.0462584050239108,0.12653173802391082
2026-03-12 22:00:00,1.82652,1.943325140542777,0.11680514054277702
2026-03-12 22:15:00,1.64548,1.8906574375444758,0.24517743754447574
2026-03-12 22:30:00,1.535863333,1.8503531336082912,0.31448980060829124
2026-03-12 22:45:00,2.122763333,1.7701457781837888,0.35261755481621115
2026-03-12 23:00:00,2.040236667,1.8731049236304465,0.1671317433695534
2026-03-12 23:15:00,2.011443333,1.8784603662270036,0.13298296677299626
2026-03-12 23:30:00,1.419473333,1.8086159512086306,0.3891426182086306
2026-03-12 23:45:00,1.82257,1.4277026108525983,0.3948673891474017
2026-03-13 00:00:00,1.62496,1.5112311852305127,0.11372881476948726
2026-03-13 00:15:00,1.504003333,1.3749291028227908,0.1290742301772092
2026-03-13 00:30:00,1.55536,1.3448958525338692,0.21046414746613085
2026-03-13 00:45:00,1.52614,1.3931710063772669,0.13296899362273318
2026-03-13 01:00:00,1.07398,1.2852310553052566,0.21125105530525667
2026-03-13 01:15:00,0.804846667,1.1197866125899592,0.3149399455899592
2026-03-13 01:30:00,2.703326667,1.0836795386613671,1.6196471283386327
2026-03-13 01:45:00,4.951053333,2.132798570534721,2.818254762465279
2026-03-13 02:00:00,4.72585,2.6350799721140907,2.0907700278859096
2026-03-13 02:15:00,4.75939,2.531754994917265,2.227635005082735
2026-03-13 02:30:00,4.7444,2.8101659665376286,1.934234033462371
2026-03-13 02:45:00,4.522246667,3.778316750275264,0.7439299167247362
2026-03-13 03:00:00,1.926263333,4.181013252067863,2.2547499190678626
2026-03-13 03:15:00,1.776376667,1.882111417978849,0.10573475097884888
2026-03-13 03:30:00,1.49653,1.5418787611401663,0.045348761140166394
2026-03-13 03:45:00,1.24906,1.2978019150843914,0.048741915084391296
2026-03-13 04:00:00,1.256073333,1.6652758978974638,0.40920256489746376
2026-03-13 04:15:00,1.33056,1.6646834017619774,0.3341234017619774
2026-03-13 04:30:00,1.249126667,1.6637636645306,0.4146369975305999
2026-03-13 04:45:00,1.267936667,1.5412437788243898,0.2733071118243897
2026-03-13 05:00:00,1.312613333,1.5940530927367151,0.2814397597367151
2026-03-13 05:15:00,1.35238,1.6177011346086123,0.2653211346086124
2026-03-13 05:30:00,1.070356667,1.6414017615681653,0.5710450945681653
2026-03-13 05:45:00,1.33955,1.4449327453184788,0.1053827453184788
2026-03-13 06:00:00,0.992533333,1.7191679634369983,0.7266346304369983
2026-03-13 06:15:00,1.197726667,1.3576041266324146,0.15987745963241462
2026-03-13 06:30:00,1.354913333,1.492516708094755,0.13760337509475495
2026-03-13 06:45:00,0.860786667,1.5158784310765818,0.6550917640765819
2026-03-13 07:00:00,1.273183333,1.205500141140408,0.06768319185959193
2026-03-13 07:15:00,1.036386667,1.4571722738913655,0.42078560689136557
2026-03-13 07:30:00,2.85963,1.8984558665552254,0.9611741334447748
2026-03-13 07:45:00,3.243743333,3.2210629391623953,0.022680393837604562
2026-03-13 08:00:00,2.173436667,3.1726923531899756,0.9992556861899757
2026-03-13 08:15:00,1.536606667,2.065053181967487,0.5284465149674871
2026-03-13 08:30:00,1.336513333,1.9498164634286197,0.6133031304286196
2026-03-13 08:45:00,3.015873333,2.333458932942062,0.682414400057938
2026-03-13 09:00:00,3.719833333,3.996828055037559,0.2769947220375588
2026-03-13 09:15:00,4.063123333,3.7832335161915487,0.2798898168084514
2026-03-13 09:30:00,3.909876667,4.160001325270206,0.2501246582702059
2026-03-13 09:45:00,2.176723333,3.52550778323028,1.34878445023028
2026-03-13 10:00:00,1.709443333,1.9651530187903161,0.25570968579031605
2026-03-13 10:15:00,0.770093333,1.8854318982074152,1.115338565207415
2026-03-13 10:30:00,0.659876667,1.4643818797542931,0.8045052127542931
2026-03-13 10:45:00,1.332386667,1.0941122220391888,0.23827444496081118
2026-03-13 11:00:00,1.17823,1.321691899418796,0.14346189941879595
2026-03-13 11:15:00,1.265113333,1.081684778602497,0.18342855439750294
2026-03-13 11:30:00,0.93696,1.2748530347629452,0.3378930347629452
2026-03-13 11:45:00,1.72262,0.5048233366261126,1.2177966633738875
2026-03-13 12:00:00,0.384596667,0.5761688058510739,0.19157213885107388
2026-03-13 12:15:00,0.345893333,0.6144547668110715,0.26856143381107145
2026-03-13 12:30:00,4.177226667,2.367890701587476,1.809335965412524
2026-03-13 12:45:00,10.23386,4.998963501250378,5.234896498749622
2026-03-13 13:00:00,10.36292,10.051683683868506,0.31123631613149527
2026-03-13 13:15:00,9.902776667,10.368379964410606,0.46560329741060613
2026-03-13 13:30:00,11.05735667,8.514822224331036,2.5425344456689647
2026-03-13 13:45:00,13.15671667,8.053549575327606,5.1031670946723935
2026-03-13 14:00:00,14.05345,8.56651487816967,5.48693512183033
2026-03-13 14:15:00,9.618733333,9.501416049238424,0.11731728376157591
2026-03-13 14:30:00,9.373746667,7.385456928930401,1.9882897380696
2026-03-13 14:45:00,9.927213333,7.073997037773721,2.853216295226278
2026-03-13 15:00:00,4.413386667,7.883087082404245,3.469700415404245
2026-03-13 15:15:00,5.61363,4.474230579682869,1.1393994203171305
2026-03-13 15:30:00,3.533613333,5.72337179770924,2.1897584647092403
2026-03-13 15:45:00,3.244876667,4.166637092989645,0.9217604259896448
2026-03-13 16:00:00,3.74197,3.880986758947228,0.13901675894722842
2026-03-13 16:15:00,1.64874,3.7300750533837137,2.0813350533837136
2026-03-13 16:30:00,2.30616,2.6374480188097595,0.33128801880975933
2026-03-13 16:45:00,2.531293333,3.021560951980993,0.49026761898099336
2026-03-13 17:00:00,3.140533333,2.3652403461735854,0.7752929868264147
2026-03-13 17:15:00,2.834406667,3.03770457341519,0.20329790641519008
2026-03-13 17:30:00,2.528863333,2.6863445049172356,0.15748117191723576
2026-03-13 17:45:00,1.785036667,2.6884070562514983,0.9033703892514984
2026-03-13 18:00:00,1.49648,2.674837436535835,1.1783574365358351
2026-03-13 18:15:00,2.351216667,1.587432970258667,0.7637836967413332
2026-03-13 18:30:00,2.27954,1.9999510183380735,0.27958898166192636
2026-03-13 18:45:00,1.774883333,2.0366313816597215,0.26174804865972146
2026-03-13 19:00:00,1.979423333,1.886680215909509,0.09274311709049088
2026-03-13 19:15:00,2.437803333,2.040175188951475,0.3976281440485252
2026-03-13 19:30:00,2.123786667,2.436660924524388,0.3128742575243879
2026-03-13 19:45:00,2.112566667,2.244979839042779,0.13241317204277925
2026-03-13 20:00:00,2.200493333,2.1560583102098594,0.044435022790140444
2026-03-13 20:15:00,2.567823333,2.213630688154187,0.35419264484581303
2026-03-13 20:30:00,2.126616667,2.3632496385083512,0.23663297150835128
2026-03-13 20:45:00,1.86594,2.1720044557973375,0.30606445579733754
2026-03-13 21:00:00,1.71636,2.422401603225166,0.706041603225166
2026-03-13 21:15:00,1.715213333,2.3982849764363148,0.6830716434363149
2026-03-13 21:30:00,1.61772,2.157175171053891,0.5394551710538911
2026-03-13 21:45:00,1.827963333,2.0702846039619804,0.24232127096198042
2026-03-13 22:00:00,1.787293333,1.9841619121165885,0.1968685791165885
2026-03-13 22:15:00,1.716333333,1.884599869576857,0.1682665365768572
2026-03-13 22:30:00,1.570383333,1.821252363301407,0.25086903030140695
2026-03-13 22:45:00,1.625446667,1.7701714374521256,0.1447247704521255
2026-03-13 23:00:00,1.56687,1.5773750238335595,0.010505023833559557
2026-03-13 23:15:00,2.02994,1.5599138426565553,0.47002615734344455
2026-03-13 23:30:00,1.934546667,1.782095589658639,0.15245107734136099
2026-03-13 23:45:00,2.25864,1.7493483043385336,0.5092916956614666
2026-03-14 00:00:00,1.579563333,1.7554793559577873,0.1759160229577872
2026-03-14 00:15:00,1.67996,1.3675852400384958,0.3123747599615041
2026-03-14 00:30:00,1.631776667,1.4400001735223005,0.19177649347769954
2026-03-14 00:45:00,1.68545,1.48858831908132,0.19686168091867984
2026-03-14 01:00:00,1.43864,1.4381425918215822,0.000497408178417702
2026-03-14 01:15:00,1.292933333,1.3263072451601354,0.03337391216013552
2026-03-14 01:30:00,2.539373333,1.5880668843303323,0.9513064486696676
2026-03-14 01:45:00,4.446936667,2.545925765289052,1.901010901710948
2026-03-14 02:00:00,4.48563,2.6903488260025923,1.7952811739974073
2026-03-14 02:15:00,4.78491,2.739368085073881,2.045541914926119
2026-03-14 02:30:00,5.06221,3.0496623424981273,2.012547657501873
2026-03-14 02:45:00,4.80062,4.236209220320721,0.564410779679279
2026-03-14 03:00:00,3.706033333,4.395211248314433,0.6891779153144326
2026-03-14 03:15:00,2.026146667,3.469971574289109,1.443824907289109
2026-03-14 03:30:00,1.784223333,1.6831226080244495,0.10110072497555045
2026-03-14 03:45:00,1.43186,1.4653013851075876,0.03344138510758765
2026-03-14 04:00:00,1.09777,1.520021248770676,0.422251248770676
2026-03-14 04:15:00,1.111076667,1.618368811779936,0.5072921447799359
2026-03-14 04:30:00,1.315946667,1.5135107679808755,0.1975641009808755
2026-03-14 04:45:00,1.36092,1.6323781894204432,0.2714581894204433
2026-03-14 05:00:00,1.249876667,1.660356938289427,0.4104802712894269
2026-03-14 05:15:00,1.29439,1.577731439319139,0.28334143931913913
2026-03-14 05:30:00,1.21538,1.623845592139717,0.4084655921397171
2026-03-14 05:45:00,1.322146667,1.6068104668653034,0.28466379986530344
2026-03-14 06:00:00,1.140663333,1.7425133776449078,0.6018500446449078
2026-03-14 06:15:00,1.256176667,1.589431510548253,0.33325484354825297
2026-03-14 06:30:00,1.225386667,1.6359588479940237,0.4105721809940237
2026-03-14 06:45:00,1.233396667,1.5549475942572804,0.3215509272572803
2026-03-14 07:00:00,1.206736667,1.5349716443474972,0.3282349773474973
2026-03-14 07:15:00,1.244533333,1.4468543223153467,0.2023209893153468
2026-03-14 07:30:00,1.422886667,2.040781000440841,0.6178943334408411
2026-03-14 07:45:00,0.97442,1.9412323774202604,0.9668123774202605
2026-03-14 08:00:00,0.860063333,1.2988275441363657,0.43876421113636566
2026-03-14 08:15:00,1.041253333,1.0370176364184729,0.004235696581527115
2026-03-14 08:30:00,3.730106667,1.4733702382879958,2.2567364287120038
2026-03-14 08:45:00,1.514433333,3.3328216575373832,1.8183883245373833
2026-03-14 09:00:00,4.559296667,2.7495387166854868,1.8097579503145131
2026-03-14 09:15:00,3.623973333,3.4937177248185725,0.13025560818142745
2026-03-14 09:30:00,4.05135,3.788049304714882,0.263300695285118
2026-03-14 09:45:00,2.197576667,3.832335925940751,1.634759258940751
2026-03-14 10:00:00,3.68275,2.076057320856429,1.606692679143571
2026-03-14 10:15:00,2.781996667,2.943398932558272,0.16140226555827208
2026-03-14 10:30:00,3.28482,2.3228605923075674,0.9619594076924325
2026-03-14 10:45:00,3.142776667,2.8537432204809927,0.2890334465190074
2026-03-14 11:00:00,2.336176667,2.4941596574418465,0.15798299044184638
2026-03-14 11:15:00,0.61075,1.9560053083087883,1.3452553083087881
2026-03-14 11:30:00,0.17437,0.5973219451601406,0.42295194516014056
2026-03-14 11:45:00,0.90189,0.24791629034822144,0.6539737096517786
2026-03-14 12:00:00,0.886163333,0.9551680944366348,0.0690047614366347
2026-03-14 12:15:00,1.36453,1.1383729769902422,0.22615702300975782
2026-03-14 12:30:00,1.26494,1.3344852245299772,0.06954522452997725
2026-03-14 12:45:00,1.4075,0.8379811218762371,0.5695188781237629
2026-03-14 13:00:00,0.98395,0.8475281805777091,0.13642181942229092
2026-03-14 13:15:00,1.186633333,0.7514836395944962,0.4351496934055039
2026-03-14 13:30:00,1.507703333,0.7424023232946318,0.7653010097053682
2026-03-14 13:45:00,4.928366667,1.2908478127359821,3.6375188542640178
2026-03-14 14:00:00,4.491813333,2.2991776433950717,2.192635689604928
2026-03-14 14:15:00,3.57235,3.8526883318241802,0.2803383318241801
2026-03-14 14:30:00,3.56641,3.019920401470488,0.546489598529512
2026-03-14 14:45:00,4.26844,2.743350276195629,1.525089723804371
2026-03-14 15:00:00,4.080793333,4.134568706938675,0.053775373938675486
2026-03-14 15:15:00,3.91257,4.266511369372065,0.3539413693720648
2026-03-14 15:30:00,1.41598,3.8240059324047215,2.4080259324047217
2026-03-14 15:45:00,0.873143333,2.221351559111881,1.348208226111881
2026-03-14 16:00:00,1.052853333,1.2295426783815377,0.1766893453815377
2026-03-14 16:15:00,1.131973333,1.6557701760683508,0.5237968430683508
2026-03-14 16:30:00,1.101196667,1.819059306268823,0.717862639268823
2026-03-14 16:45:00,0.935826667,2.460333050241905,1.5245063832419052
2026-03-14 17:00:00,1.142443333,2.249947218399495,1.1075038853994952
2026-03-14 17:15:00,1.27834,2.4405823436735243,1.1622423436735243
2026-03-14 17:30:00,1.38372,2.421080528096338,1.037360528096338
2026-03-14 17:45:00,1.288356667,2.147496786718436,0.8591401197184361
2026-03-14 18:00:00,1.298996667,2.3252527120238975,1.0262560450238976
2026-03-14 18:15:00,1.51686,2.341829125258573,0.8249691252585729
2026-03-14 18:30:00,1.38562,2.7799835691515575,1.3943635691515575
2026-03-14 18:45:00,1.612323333,2.503469926276466,0.8911465932764662
2026-03-14 19:00:00,1.297676667,2.135865063883346,0.8381883968833461
2026-03-14 19:15:00,2.90893,2.1765038395498024,0.7324261604501974
2026-03-14 19:30:00,4.97781,2.9519712840275347,2.025838715972465
2026-03-14 19:45:00,5.119543333,3.796020940919523,1.323522392080477
2026-03-14 20:00:00,2.306013333,3.7234214331837983,1.4174081001837981
2026-03-14 20:15:00,2.211403333,2.479552060196224,0.2681487271962242
2026-03-14 20:30:00,2.124893333,2.289623473223172,0.16473014022317178
2026-03-14 20:45:00,2.077703333,2.219148417850388,0.1414450848503881
2026-03-14 21:00:00,2.207793333,2.6160503244907534,0.40825699149075323
2026-03-14 21:15:00,1.904613333,2.6487667127538463,0.7441533797538464
2026-03-14 21:30:00,1.930963333,2.3475335993381847,0.4165702663381847
2026-03-14 21:45:00,1.918756667,2.4323600701511063,0.5136034031511063
2026-03-14 22:00:00,1.858976667,2.0889967542288153,0.23002008722881517
2026-03-14 22:15:00,1.888703333,2.078283534761571,0.18958020176157087
2026-03-14 22:30:00,1.777103333,2.0096957593285287,0.23259242632852883
2026-03-14 22:45:00,1.731363333,2.03434647252138,0.30298313952138
2026-03-14 23:00:00,1.73053,1.756605077499819,0.026075077499819077
2026-03-14 23:15:00,1.819333333,1.8446915931958732,0.02535826019587306
2026-03-14 23:30:00,2.006026667,1.9110313691204015,0.09499529787959848
2026-03-14 23:45:00,1.821046667,2.029584418507487,0.2085377515074871
2026-03-15 00:00:00,1.512346667,1.5771341044507454,0.06478743745074533
2026-03-15 00:15:00,1.798346667,1.5465090268078077,0.25183764019219224
2026-03-15 00:30:00,1.555333333,1.651481727860808,0.09614839486080795
2026-03-15 00:45:00,1.749,1.5241575441718558,0.22484245582814433
2026-03-15 01:00:00,1.622,1.4593375617955358,0.16266243820446435
2026-03-15 01:15:00,1.211666667,1.3409149462156003,0.12924827921560023
2026-03-15 01:30:00,2.251,1.467390626039937,0.7836093739600629
2026-03-15 01:45:00,4.430666667,2.180433366686612,2.2502333003133876
2026-03-15 02:00:00,4.524,2.61853938699116,1.9054606130088398
2026-03-15 02:15:00,4.641,2.645528856647078,1.9954711433529222
2026-03-15 02:30:00,4.496666667,2.8788425980944545,1.6178240689055459
2026-03-15 02:45:00,4.185,3.6816225422392894,0.5033774577607102
2026-03-15 03:00:00,4.518333333,3.7447957729798493,0.7735375600201508
2026-03-15 03:15:00,4.947,4.082200837786832,0.8647991622131679
2026-03-15 03:30:00,3.394,3.987991022225873,0.5939910222258731
2026-03-15 03:45:00,1.088666667,2.9894746924920517,1.9008080254920516
2026-03-15 04:00:00,1.258666667,1.3435583978705037,0.08489173087050372
2026-03-15 04:15:00,1.377,1.328106966476691,0.04889303352330909
2026-03-15 04:30:00,1.131333333,1.4745272796032436,0.34319394660324365
2026-03-15 04:45:00,1.274,1.8312260309663253,0.5572260309663253
2026-03-15 05:00:00,1.091,1.8167765407043142,0.7257765407043142
2026-03-15 05:15:00,1.492666667,1.5553103715580932,0.0626437045580932
2026-03-15 05:30:00,1.215,1.7308053684370106,0.5158053684370105
2026-03-15 05:45:00,0.980666667,1.6164778779373168,0.6358112109373167
2026-03-15 06:00:00,1.499,1.7074149615819172,0.20841496158191708
2026-03-15 06:15:00,1.125333333,2.054355819096344,0.9290224860963439
2026-03-15 06:30:00,1.244,1.706913888757644,0.46291388875764405
2026-03-15 06:45:00,1.198,1.6093922763216815,0.4113922763216815
2026-03-15 07:00:00,1.219666667,1.6276324921694527,0.4079658251694527
2026-03-15 07:15:00,1.455333333,1.623879832259321,0.16854649925932108
2026-03-15 07:30:00,1.077666667,2.0476980958723736,0.9700314288723737
2026-03-15 07:45:00,1.136666667,1.406309762621053,0.26964309562105293
2026-03-15 08:00:00,1.01026,1.3783203301701066,0.36806033017010664
2026-03-15 08:15:00,4.89797,1.3106559178858757,3.5873140821141245
2026-03-15 08:30:00,1.525496667,3.949054328163691,2.423557661163691
2026-03-15 08:45:00,1.36591,2.1913360200784844,0.8254260200784844
2026-03-15 09:00:00,3.93977,3.1805489637886413,0.759221036211359
2026-03-15 09:15:00,2.778983333,4.170834083619712,1.3918507506197124
2026-03-15 09:30:00,1.829066667,3.6152124688700376,1.7861458018700376
2026-03-15 09:45:00,1.70358,2.465736043570866,0.7621560435708661
2026-03-15 10:00:00,3.456176667,1.2286553869793528,2.227521280020647
2026-03-15 10:15:00,1.038596667,2.8126432922623996,1.7740466252623996
2026-03-15 10:30:00,2.50946,1.2823205953870132,1.2271394046129867
2026-03-15 10:45:00,2.15653,1.9924935606862595,0.16403643931374057
2026-03-15 11:00:00,1.775053333,1.5288482819858904,0.2462050510141096
2026-03-15 11:15:00,1.651383333,1.9047852832609813,0.2534019502609812
2026-03-15 11:30:00,0.960203333,1.5915514882957664,0.6313481552957664
2026-03-15 11:45:00,2.218253333,0.9629413252950899,1.25531200770491
2026-03-15 12:00:00,1.115903333,2.2227987400394325,1.1068954070394323
2026-03-15 12:15:00,0.793463333,1.2051856862211248,0.4117223532211247
2026-03-15 12:30:00,0.168973333,1.3420747069763623,1.1731013739763623
2026-03-15 12:45:00,7.002696667,1.2941158131477704,5.70858085385223
2026-03-15 13:00:00,7.172896667,9.033897691378849,1.861001024378849
2026-03-15 13:15:00,6.980963333,8.90751314772314,1.9265498147231401
2026-03-15 13:30:00,9.966196667,8.720117936323543,1.246078730676457
2026-03-15 13:45:00,11.45031,9.002339357863214,2.447970642136786
2026-03-15 14:00:00,6.848073333,8.020543917673235,1.1724705846732348
2026-03-15 14:15:00,8.10015,6.943443604300814,1.1567063956991852
2026-03-15 14:30:00,8.906103333,6.1138961314432,2.792207201556801
2026-03-15 14:45:00,11.67559667,7.8995984885272925,3.7759981814727066
2026-03-15 15:00:00,11.20479667,7.7586425185445895,3.446154151455411
2026-03-15 15:15:00,11.43771333,7.768902031308558,3.668811298691441
2026-03-15 15:30:00,4.565016667,8.915462556558793,4.350445889558793
2026-03-15 15:45:00,6.459406667,4.748454128436437,1.7109525385635624
2026-03-15 16:00:00,8.61072,6.493584073941609,2.117135926058392
2026-03-15 16:15:00,7.550903333,7.716319365079867,0.16541603207986721
2026-03-15 16:30:00,5.87597,6.459949755539511,0.5839797555395112
2026-03-15 16:45:00,4.860056667,5.550873297694326,0.690816630694326
2026-03-15 17:00:00,4.16897,4.90045595269167,0.7314859526916697
2026-03-15 17:15:00,3.373183333,4.321831847497684,0.948648514497684
2026-03-15 17:30:00,0.821106667,3.5631239753280877,2.7420173083280877
2026-03-15 17:45:00,0.976766667,1.7496947399398803,0.7729280729398803
2026-03-15 18:00:00,0.490773333,1.6200123209439747,1.1292389879439748
2026-03-15 18:15:00,0.655253333,1.037542953554614,0.3822896205546139
2026-03-15 18:30:00,0.975526667,1.1395238515723134,0.16399718457231338
2026-03-15 18:45:00,1.204026667,1.2147491878003174,0.010722520800317437
2026-03-15 19:00:00,1.295573333,1.4388886483446492,0.14331531534464914
2026-03-15 19:15:00,1.101216667,1.5381195325568913,0.4369028655568912
2026-03-15 19:30:00,2.025306667,1.397421242962831,0.6278854240371692
2026-03-15 19:45:00,1.783416667,2.015007543646627,0.23159087664662703
2026-03-15 20:00:00,1.414283333,1.9033761426792348,0.48909280967923485
2026-03-15 20:15:00,1.837366667,1.7201402247803552,0.11722644221964473
2026-03-15 20:30:00,1.88427,1.969841524255139,0.08557152425513914
2026-03-15 20:45:00,1.460806667,2.0191537934883375,0.5583471264883375
2026-03-15 21:00:00,1.7626,2.200420844959325,0.43782084495932505
2026-03-15 21:15:00,1.445676667,2.3738296586664296,0.9281529916664295
2026-03-15 21:30:00,1.515656667,1.9952310823466437,0.4795744153466437
2026-03-15 21:45:00,1.687403333,1.9797387893962313,0.29233545639623126
2026-03-15 22:00:00,1.524146667,1.7930246508486918,0.2688779838486919
2026-03-15 22:15:00,1.959683333,1.701628731896169,0.25805460110383116
2026-03-15 22:30:00,1.38375,1.9587165422058739,0.5749665422058738
2026-03-15 22:45:00,1.888023333,1.698335450994078,0.18968788200592201
2026-03-15 23:00:00,1.663306667,1.7160597909577018,0.05275312395770171
2026-03-15 23:15:00,1.62651,1.5629583757458496,0.06355162425415029
2026-03-15 23:30:00,1.240616667,1.4988925384870284,0.25827587148702835
2026-03-15 23:45:00,1.56062,1.3228693682182668,0.23775063178173306
2026-03-16 00:00:00,1.401666667,1.2749453003190725,0.12672136668092748
2026-03-16 00:15:00,1.48675,1.2979819630826377,0.18876803691736233
2026-03-16 00:30:00,1.454946667,1.3065643370037683,0.1483823299962317
2026-03-16 00:45:00,1.11863,1.264995180788526,0.146365180788526
2026-03-16 01:00:00,1.166706667,1.0815885057361414,0.08511816126385852
2026-03-16 01:15:00,1.32664,1.131124198082799,0.19551580191720097
2026-03-16 01:30:00,2.734203333,1.3061070927892695,1.4280962402107304
2026-03-16 01:45:00,4.672483333,2.1366615174109946,2.535821815589005
2026-03-16 02:00:00,4.726233333,2.4833626823249344,2.2428706506750653
2026-03-16 02:15:00,4.329,2.73350939880479,1.59549060119521
2026-03-16 02:30:00,4.493883333,2.9257000593685647,1.5681832736314356
2026-03-16 02:45:00,4.322456667,3.7140463306786176,0.6084103363213824
2026-03-16 03:00:00,4.55367,3.817831461454741,0.7358385385452593
2026-03-16 03:15:00,3.851853333,3.6272350303439067,0.2246183026560935
2026-03-16 03:30:00,1.341543333,3.077904950188147,1.736361617188147
2026-03-16 03:45:00,0.920036667,1.3244496668412118,0.4044129998412118
2026-03-16 04:00:00,1.324413333,1.1600148459725967,0.16439848702740334
2026-03-16 04:15:00,1.21592,1.3184788582435782,0.10255885824357835
2026-03-16 04:30:00,1.230913333,1.4970747129322177,0.2661613799322178
2026-03-16 04:45:00,1.34263,1.5275149567001365,0.1848849567001365
2026-03-16 05:00:00,0.917913333,1.5646776718031563,0.6467643388031563
2026-03-16 05:15:00,1.154726667,1.3872303758141065,0.23250370881410642
2026-03-16 05:30:00,1.162083333,1.5078662215007823,0.3457828885007823
2026-03-16 05:45:00,1.191183333,1.49898947060392,0.30780613760392006
2026-03-16 06:00:00,1.291043333,1.6217070706842585,0.3306637376842585
2026-03-16 06:15:00,1.337193333,1.5657400795200032,0.22854674652000306
2026-03-16 06:30:00,1.175896667,1.6151201031106293,0.4392234361106293
2026-03-16 06:45:00,1.416916667,1.4794222944698932,0.06250562746989319
2026-03-16 07:00:00,1.088046667,1.651090162342386,0.563043495342386
2026-03-16 07:15:00,1.386883333,1.3515311588148062,0.035352174185193874
2026-03-16 07:30:00,1.699023333,1.5090955935066155,0.18992773949338448
2026-03-16 07:45:00,1.38949,1.6623608467634294,0.27287084676342954
2026-03-16 08:00:00,1.0425,1.6274868558963143,0.5849868558963143
2026-03-16 08:15:00,0.95565,1.295679686126515,0.34002968612651496
2026-03-16 08:30:00,3.12799,1.1257530412305312,2.002236958769469
2026-03-16 08:45:00,2.018796667,2.4098734914730824,0.39107682447308223
2026-03-16 09:00:00,1.188306667,2.6080472217538544,1.4197405547538544
2026-03-16 09:15:00,2.815466667,2.112409758239546,0.7030569087604541
2026-03-16 09:30:00,3.009186667,2.667486611898208,0.3417000551017919
2026-03-16 09:45:00,1.555113333,3.014292758684424,1.459179425684424
2026-03-16 10:00:00,0.25496,1.215175096034633,0.960215096034633
2026-03-16 10:15:00,0.0,0.28891756023674847,0.28891756023674847
2026-03-16 10:30:00,0.0,0.32996961113870266,0.32996961113870266
2026-03-16 10:45:00,0.0,0.3583458261951438,0.3583458261951438
2026-03-16 11:00:00,2.888486667,0.36211688750967896,2.526369779490321
2026-03-16 11:15:00,10.40916,5.7807749139073,4.6283850860927
2026-03-16 11:30:00,12.21204,10.595124168587626,1.6169158314123742
2026-03-16 11:45:00,12.27412,11.076656891367579,1.1974631086324212
2026-03-16 12:00:00,12.06152667,10.671174451566415,1.3903522184335841
2026-03-16 12:15:00,7.28361,9.774282841653003,2.4906728416530024
2026-03-16 12:30:00,7.921693333,6.320434127573246,1.6012592054267545
2026-03-16 12:45:00,4.80594,6.470378787560105,1.6644387875601057
2026-03-16 13:00:00,3.565573333,5.185175441260843,1.619602108260843
2026-03-16 13:15:00,1.53918,4.251531745367829,2.7123517453678287
2026-03-16 13:30:00,2.51007,2.190244747874571,0.3198252521254288
2026-03-16 13:45:00,5.72153,2.3259473133815427,3.395582686618457
2026-03-16 14:00:00,5.64269,4.20918991944551,1.4335000805544897
2026-03-16 14:15:00,4.338843333,3.3978611085641504,0.9409822244358494
2026-03-16 14:30:00,4.537313333,2.633786459613475,1.9035268733865252
2026-03-16 14:45:00,5.432333333,2.912303022099343,2.520030310900657
2026-03-16 15:00:00,4.871263333,4.046738212510445,0.8245251204895547
2026-03-16 15:15:00,1.311706667,3.319866323554349,2.0081596565543487
2026-03-16 15:30:00,6.73083,1.848996396802952,4.881833603197048
2026-03-16 15:45:00,4.58825,5.066262556265428,0.47801255626542805
2026-03-16 16:00:00,3.29633,3.423811211907469,0.12748121190746886
2026-03-16 16:15:00,3.225773333,3.0306814455125597,0.1950918874874401
2026-03-16 16:30:00,5.506406667,3.0946355891232495,2.4117710778767507
2026-03-16 16:45:00,2.802306667,4.743952237715829,1.9416455707158295
2026-03-16 17:00:00,3.657453333,3.1534638388233485,0.5039894941766514
2026-03-16 17:15:00,2.788176667,3.726413527886,0.9382368608860001
2026-03-16 17:30:00,1.931403333,3.0857706938953373,1.1543673608953373
2026-03-16 17:45:00,3.555636667,2.3557441583624383,1.1998925086375616
2026-03-16 18:00:00,1.283426667,3.149436837913025,1.8660101709130248
2026-03-16 18:15:00,2.471383333,1.6747850930230002,0.7965982399769997
2026-03-16 18:30:00,3.945216667,2.3036623932822873,1.6415542737177127
2026-03-16 18:45:00,1.142553333,3.6892726247724705,2.5467192917724706
2026-03-16 19:00:00,1.541646667,1.4195233163160992,0.12212335068390079
2026-03-16 19:15:00,2.2338,1.6074074843031405,0.6263925156968595
2026-03-16 19:30:00,2.434663333,2.2242586297600853,0.21040470323991478
2026-03-16 19:45:00,2.300423333,2.463610671814091,0.1631873388140912
2026-03-16 20:00:00,2.245273333,2.3049762603379236,0.059702927337923484
2026-03-16 20:15:00,2.376583333,2.2577806103532967,0.11880272264670344
2026-03-16 20:30:00,1.921366667,2.3573904372843004,0.4360237702843004
2026-03-16 20:45:00,2.126093333,2.0071616806941215,0.11893165230587854
2026-03-16 21:00:00,1.988783333,2.504076519871277,0.5152931868712771
2026-03-16 21:15:00,1.517743333,2.271700760297128,0.7539574272971279
2026-03-16 21:30:00,1.789986667,2.076954491358245,0.28696782435824497
2026-03-16 21:45:00,2.302626667,2.2985183507292453,0.004108316270754919
2026-03-16 22:00:00,1.58957,2.1675828089398963,0.5780128089398964
2026-03-16 22:15:00,1.672416667,1.831969467852225,0.1595528008522249
2026-03-16 22:30:00,1.89158,1.8272700643851807,0.06430993561481935
2026-03-16 22:45:00,2.23961,1.9372372149028474,0.3023727850971525
2026-03-16 23:00:00,1.445,2.0049098325059704,0.5599098325059704
2026-03-16 23:15:00,2.407053333,1.5127658246880415,0.8942875083119584
2026-03-16 23:30:00,1.690426667,1.9891227842363735,0.29869611723637335
2026-03-16 23:45:00,2.23404,1.5574786396245166,0.6765613603754832
2026-03-17 00:00:00,4.87078,1.6145218127793608,3.256258187220639
2026-03-17 00:15:00,1.484703333,2.3953261279469418,0.9106227949469419
2026-03-17 00:30:00,1.52923,1.2617057141766586,0.26752428582334153
2026-03-17 00:45:00,1.653026667,1.2037934148052443,0.44923325219475574
2026-03-17 01:00:00,1.381636667,1.3075226243833848,0.07411404261661514
2026-03-17 01:15:00,1.390926667,1.3174582571990303,0.07346840980096969
2026-03-17 01:30:00,1.6752,1.6353254983874237,0.03987450161257633
2026-03-17 01:45:00,2.16244,1.8507705100620442,0.31166948993795596
2026-03-17 02:00:00,1.843503333,2.2550111968638324,0.41150786386383253
2026-03-17 02:15:00,1.694323333,2.086394598490881,0.3920712654908811
2026-03-17 02:30:00,1.583506667,2.0340342437542196,0.4505275767542196
2026-03-17 02:45:00,2.044573333,2.062753454781645,0.018180121781644853
2026-03-17 03:00:00,2.112173333,2.1625551150816444,0.050381782081644566
2026-03-17 03:15:00,2.056913333,2.2874737462228323,0.2305604132228325
2026-03-17 03:30:00,1.74572,1.988828049066484,0.2431080490664841
2026-03-17 03:45:00,1.322616667,1.6965965020290432,0.3739798350290433
2026-03-17 04:00:00,1.227053333,1.5153238340603592,0.28827050106035923
2026-03-17 04:15:00,0.963716667,1.5066396007963265,0.5429229337963265
2026-03-17 04:30:00,1.09712,1.2850609215287458,0.18794092152874575
2026-03-17 04:45:00,1.278026667,1.3434513765713838,0.0654247095713838
2026-03-17 05:00:00,1.12827,1.4726241656917458,0.3443541656917457
2026-03-17 05:15:00,1.089403333,1.3987522427632735,0.30934890976327356
2026-03-17 05:30:00,1.52628,1.3251109701204367,0.20116902987956342
2026-03-17 05:45:00,1.09062,1.4751724340342889,0.38455243403428896
2026-03-17 06:00:00,1.288766667,1.3005240454893985,0.011757378489398507
2026-03-17 06:15:00,1.300476667,1.4019899122125794,0.10151324521257932
2026-03-17 06:30:00,1.202996667,1.3967510172421431,0.19375435024214305
2026-03-17 06:45:00,1.10307,1.381880986205881,0.27881098620588096
2026-03-17 07:00:00,1.13475,1.2805458855603349,0.14579588556033496
2026-03-17 07:15:00,1.30496,1.4197653487815967,0.11480534878159676
2026-03-17 07:30:00,3.555753333,2.063069963953957,1.492683369046043
2026-03-17 07:45:00,3.51987,2.933988896302693,0.5858811036973068
2026-03-17 08:00:00,2.65537,2.5911580417899693,0.06421195821003067
2026-03-17 08:15:00,1.94256,2.834419114957609,0.8918591149576087
2026-03-17 08:30:00,1.342423333,2.4856886563566682,1.1432653233566683
2026-03-17 08:45:00,1.771743333,1.801833638420265,0.030090305420264807
2026-03-17 09:00:00,3.260326667,2.3893675005474044,0.8709591664525957
2026-03-17 09:15:00,2.957483333,3.2337586301649037,0.27627529716490384
2026-03-17 09:30:00,3.15353,3.034321847489504,0.11920815251049577
2026-03-17 09:45:00,4.58318,3.057847156822294,1.5253328431777056
2026-03-17 10:00:00,3.991306667,2.952061830103567,1.039244836896433
2026-03-17 10:15:00,3.14686,2.675535769363253,0.4713242306367471
2026-03-17 10:30:00,5.017873333,2.2453005220675264,2.7725728109324734
2026-03-17 10:45:00,5.123383333,3.4626950215457044,1.6606883114542952
2026-03-17 11:00:00,5.998886667,4.670425868312232,1.3284607986877681
2026-03-17 11:15:00,5.847826667,5.016357793083962,0.8314688739160374
2026-03-17 11:30:00,5.835953333,4.684713787821828,1.1512395451781723
2026-03-17 11:45:00,10.55539,5.242186870723522,5.313203129276477
2026-03-17 12:00:00,12.58382,8.52444303509684,4.059376964903159
2026-03-17 12:15:00,12.5196,8.76910142068358,3.750498579316421
2026-03-17 12:30:00,10.99102,8.281854832168163,2.709165167831838
2026-03-17 12:45:00,11.74293333,8.345818947261785,3.3971143827382146
2026-03-17 13:00:00,12.35326,8.546300148854083,3.8069598511459173
2026-03-17 13:15:00,12.18861667,10.629817029439216,1.5587996405607836
2026-03-17 13:30:00,13.22231667,9.366882945083477,3.855433724916523
2026-03-17 13:45:00,13.06819667,7.755432007538209,5.312764662461792
2026-03-17 14:00:00,10.8273,8.214767949299443,2.6125320507005565
2026-03-17 14:15:00,5.63545,7.716920147446136,2.0814701474461366
2026-03-17 14:30:00,6.409103333,4.853683807320875,1.5554195256791248
2026-03-17 14:45:00,5.370836667,5.788099038365837,0.41726237136583677
2026-03-17 15:00:00,5.453803333,4.6716586966094855,0.7821446363905142
2026-03-17 15:15:00,3.971346667,4.884322229276196,0.9129755622761961
2026-03-17 15:30:00,1.872623333,3.7859930873337397,1.9133697543337398
2026-03-17 15:45:00,4.111536667,2.6248136914027387,1.4867229755972615
2026-03-17 16:00:00,2.771126667,3.7950809990326384,1.0239543320326385
2026-03-17 16:15:00,2.48594,2.833679934095861,0.34773993409586135
2026-03-17 16:30:00,3.47481,3.558301811803989,0.0834918118039889
2026-03-17 16:45:00,2.550793333,3.2002357544649085,0.6494424214649084
2026-03-17 17:00:00,2.61043,3.1339491726424837,0.5235191726424837
2026-03-17 17:15:00,3.32433,3.0136125849090982,0.31071741509090156
2026-03-17 17:30:00,2.71801,3.562573711449078,0.8445637114490778
2026-03-17 17:45:00,3.37165,2.6686017265905773,0.7030482734094226
2026-03-17 18:00:00,2.482823333,2.835218011202176,0.35239467820217607
2026-03-17 18:15:00,2.433196667,2.4242783400157677,0.008918326984232117
2026-03-17 18:30:00,3.0768,2.642921845157476,0.4338781548425241
2026-03-17 18:45:00,2.160696667,2.6002751695789823,0.43957850257898246
2026-03-17 19:00:00,1.55481,2.049966798312687,0.495156798312687
2026-03-17 19:15:00,2.066893333,1.6907479405749393,0.3761453924250606
2026-03-17 19:30:00,2.621266667,2.152287797501482,0.46897886949851797
2026-03-17 19:45:00,2.435743333,2.473815193107492,0.03807186010749186
2026-03-17 20:00:00,2.332543333,2.4050227174071006,0.07247938440710078
2026-03-17 20:15:00,2.370723333,2.3997254426597436,0.029002109659743702
2026-03-17 20:30:00,2.160706667,2.3532105264702468,0.19250385947024684
2026-03-17 20:45:00,2.457123333,2.1997097155278036,0.2574136174721966
2026-03-17 21:00:00,1.986023333,2.801538045510553,0.8155147125105531
2026-03-17 21:15:00,2.23886,2.2464730566316145,0.007613056631614601
2026-03-17 21:30:00,2.089726667,2.381496970157909,0.2917703031579091
2026-03-17 21:45:00,1.885043333,2.423499709096873,0.5384563760968728
2026-03-17 22:00:00,2.172783333,1.9343176733610545,0.2384656596389454
2026-03-17 22:15:00,1.91085,2.1998594241976352,0.2890094241976353
2026-03-17 22:30:00,1.717516667,2.0204422547708654,0.3029255877708654
2026-03-17 22:45:00,1.588723333,1.9140327997422864,0.32530946674228645
2026-03-17 23:00:00,1.513356667,1.5630082514044834,0.04965158440448336
2026-03-17 23:15:00,1.950023333,1.6258943247455508,0.32412900825444924
2026-03-17 23:30:00,1.84297,1.7748739873692925,0.06809601263070753
2026-03-17 23:45:00,1.732196667,1.6352404255872584,0.09695624141274162
2026-03-18 00:00:00,1.33403,1.4932233543518432,0.15919335435184312
2026-03-18 00:15:00,1.53752,1.3963705353702371,0.14114946462976286
2026-03-18 00:30:00,1.274603333,1.490259914449171,0.2156565814491711
2026-03-18 00:45:00,1.679973333,1.348448903606076,0.3315244293939239
2026-03-18 01:00:00,1.139046667,1.5388870476164218,0.3998403806164219
2026-03-18 01:15:00,1.036323333,1.2688177488940504,0.2324944158940505
2026-03-18 01:30:00,2.566193333,1.2445388216528606,1.3216545113471396
2026-03-18 01:45:00,4.42398,2.51181450290546,1.91216549709454
2026-03-18 02:00:00,4.92068,2.6165304516385985,2.3041495483614014
2026-03-18 02:15:00,4.74678,2.866556294707744,1.8802237052922561
2026-03-18 02:30:00,4.689126667,3.090591723341667,1.5985349436583332
2026-03-18 02:45:00,4.39518,3.739408127028804,0.6557718729711959
2026-03-18 03:00:00,2.63327,4.11741691886623,1.4841469188662297
2026-03-18 03:15:00,1.78507,2.551962752462799,0.7668927524627989
2026-03-18 03:30:00,1.860786667,1.7354704801070804,0.12531618689291957
2026-03-18 03:45:00,0.963276667,1.7955599595403193,0.8322832925403193
2026-03-18 04:00:00,1.404363333,1.767308164235287,0.362944831235287
2026-03-18 04:15:00,0.93364,1.9387446827484673,1.0051046827484673
2026-03-18 04:30:00,1.26773,1.5719213074170235,0.3041913074170235
2026-03-18 04:45:00,0.931313333,1.6605071057848566,0.7291937727848566
2026-03-18 05:00:00,1.020826667,1.5279944158693655,0.5071677488693656
2026-03-18 05:15:00,1.033056667,1.517491039706919,0.4844343727069189
2026-03-18 05:30:00,1.246133333,1.5213755241381137,0.27524219113811377
2026-03-18 05:45:00,1.12349,1.5514476258720313,0.42795762587203123
2026-03-18 06:00:00,1.065746667,1.577241474632921,0.5114948076329211
2026-03-18 06:15:00,1.270486667,1.4957853119871112,0.22529864498711127
2026-03-18 06:30:00,1.221776667,1.6338922025089124,0.41211553550891233
2026-03-18 06:45:00,1.06364,1.4042485195062795,0.3406085195062796
2026-03-18 07:00:00,1.08556,1.3157171326660753,0.23015713266607518
2026-03-18 07:15:00,1.227773333,1.4853289711298687,0.2575556381298687
2026-03-18 07:30:00,2.080853333,3.011206154508478,0.9303528215084782
2026-03-18 07:45:00,5.0692,3.0881509601822037,1.9810490398177967
2026-03-18 08:00:00,3.27483,4.570808827675615,1.2959788276756146
2026-03-18 08:15:00,1.480776667,3.3329450849997126,1.8521684179997127
2026-03-18 08:30:00,4.093683333,2.1381455682174297,1.9555377647825707
2026-03-18 08:45:00,4.72384,3.3052693573054595,1.4185706426945406
2026-03-18 09:00:00,2.869073333,4.5472359951290375,1.6781626621290378
2026-03-18 09:15:00,2.47398,3.5551905224414564,1.0812105224414563
2026-03-18 09:30:00,2.73217,3.2725131359727393,0.5403431359727393
2026-03-18 09:45:00,2.20558,3.1746750819514844,0.9690950819514845
2026-03-18 10:00:00,0.924446667,2.131594768615573,1.2071481016155732
2026-03-18 10:15:00,2.731336667,1.1818528640755823,1.5494838029244176
2026-03-18 10:30:00,2.180126667,1.8020156225292778,0.3781110444707223
2026-03-18 10:45:00,1.44153,1.8734670759638727,0.43193707596387276
2026-03-18 11:00:00,2.32849,0.8834700984740513,1.4450199015259486
2026-03-18 11:15:00,2.750743333,2.1105495523886013,0.6401937806113986
2026-03-18 11:30:00,3.31078,2.934506787395677,0.3762732126043229
2026-03-18 11:45:00,13.07435667,4.3415636685811805,8.73279300141882
2026-03-18 12:00:00,14.81977333,12.039617427130075,2.780155902869925
2026-03-18 12:15:00,16.82983333,11.912144265018016,4.9176890649819835
2026-03-18 12:30:00,16.77541667,12.35840668453291,4.417009985467088
2026-03-18 12:45:00,17.17929333,11.156743888626119,6.022549441373881
2026-03-18 13:00:00,12.67845667,11.78601179659679,0.8924448734032087
2026-03-18 13:15:00,16.99869333,10.5920338899541,6.406659440045898
2026-03-18 13:30:00,15.14023,10.944078654494312,4.1961513455056885
2026-03-18 13:45:00,17.90005,10.179073090270567,7.720976909729433
2026-03-18 14:00:00,10.27762667,10.316753003479095,0.039126333479094555
2026-03-18 14:15:00,13.39029,7.756666644942804,5.633623355057196
2026-03-18 14:30:00,7.542483333,8.968573036684594,1.4260897036845943
2026-03-18 14:45:00,8.01104,7.963355261739504,0.047684738260495685
2026-03-18 15:00:00,7.516786667,8.56741205468764,1.0506253876876404
2026-03-18 15:15:00,9.459313333,7.456105183293914,2.0032081497060865
2026-03-18 15:30:00,11.37217333,8.691555888909734,2.6806174410902663
2026-03-18 15:45:00,15.2814,8.331375833478074,6.950024166521926
2026-03-18 16:00:00,15.34714667,10.234265134793272,5.1128815352067285
2026-03-18 16:15:00,12.6746,10.949824278326144,1.724775721673856
2026-03-18 16:30:00,12.08856,9.34822885468204,2.7403311453179597
2026-03-18 16:45:00,8.87908,9.637284622516217,0.7582046225162173
2026-03-18 17:00:00,6.84247,7.183896296441022,0.3414262964410222
2026-03-18 17:15:00,7.308436667,7.22127948125441,0.08715718574558995
2026-03-18 17:30:00,10.92699,6.343598498524458,4.583391501475542
2026-03-18 17:45:00,13.20137667,7.97629705160251,5.225079618397491
2026-03-18 18:00:00,7.165983333,10.124172042283996,2.9581887092839967
2026-03-18 18:15:00,6.21076,6.687929601350224,0.4771696013502247
2026-03-18 18:30:00,5.824586667,6.118163138428794,0.2935764714287936
2026-03-18 18:45:00,7.067143333,5.5598629314689685,1.5072804015310313
2026-03-18 19:00:00,6.140786667,6.6468968549127965,0.506110187912796
2026-03-18 19:15:00,9.710783333,5.59813007546303,4.11265325753697
2026-03-18 19:30:00,10.31022333,7.975637136676189,2.33458619332381
2026-03-18 19:45:00,13.04360667,8.244653490619543,4.798953179380458
2026-03-18 20:00:00,9.17094,8.967706854075132,0.20323314592486774
2026-03-18 20:15:00,10.62436667,7.549793096481204,3.074573573518797
2026-03-18 20:30:00,8.980676667,8.121224289256219,0.8594523777437804
2026-03-18 20:45:00,7.077166667,7.096599414491706,0.01943274749170598
2026-03-18 21:00:00,6.69448,6.241902713177143,0.4525772868228577
2026-03-18 21:15:00,7.66193,5.856369012681899,1.8055609873181009
2026-03-18 21:30:00,3.68938,6.862387154508941,3.173007154508941
2026-03-18 21:45:00,2.42989,3.753390947749743,1.3235009477497433
2026-03-18 22:00:00,4.308266667,2.6828073854846357,1.6254592815153641
2026-03-18 22:15:00,1.800763333,4.179616628330577,2.378853295330577
2026-03-18 22:30:00,2.193996667,2.122904057283187,0.07109260971681275
2026-03-18 22:45:00,2.287823333,2.2810012904931067,0.006822042506893222
2026-03-18 23:00:00,2.062486667,1.9806619459411625,0.08182472105883742
2026-03-18 23:15:00,1.90583,2.38432349242946,0.47849349242946015
2026-03-18 23:30:00,1.619073333,2.174537953959949,0.5554646209599492
2026-03-18 23:45:00,1.68683,1.8121829116689636,0.12535291166896356
2026-03-19 00:00:00,1.74477,1.7308236805469126,0.01394631945308733
2026-03-19 00:15:00,1.564956667,1.6641618612503677,0.09920519425036778
2026-03-19 00:30:00,2.670266667,1.5764096300898789,1.093857036910121
2026-03-19 00:45:00,1.5943,2.2895627670539564,0.6952627670539564
2026-03-19 01:00:00,1.42865,1.489709244871556,0.06105924487155612
2026-03-19 01:15:00,1.111203333,1.2695803990453103,0.15837706604531032
2026-03-19 01:30:00,2.677143333,1.6793647164763126,0.9977786165236875
2026-03-19 01:45:00,4.69543,2.8230543760594218,1.8723756239405782
2026-03-19 02:00:00,4.774,2.8182228155850337,1.9557771844149663
2026-03-19 02:15:00,5.002616667,2.848681279357585,2.1539353876424148
2026-03-19 02:30:00,4.742286667,3.6363120222479135,1.1059746447520866
2026-03-19 02:45:00,5.046113333,4.213004057729566,0.8331092752704343
2026-03-19 03:00:00,4.66318,4.289722990609475,0.37345700939052495
2026-03-19 03:15:00,1.924066667,4.36851801370586,2.4444513467058604
2026-03-19 03:30:00,1.886333333,1.855502750440255,0.030830582559745023
2026-03-19 03:45:00,1.994333333,1.521740886090404,0.4725924469095959
2026-03-19 04:00:00,2.199333333,1.5658227154194586,0.6335106175805412
2026-03-19 04:15:00,1.685,2.0589351268771265,0.3739351268771265
2026-03-19 04:30:00,2.724666667,1.9373203264974808,0.7873463405025194
2026-03-19 04:45:00,1.152666667,2.275012461343647,1.122345794343647
2026-03-19 05:00:00,1.551333333,1.7497481993602746,0.1984148663602745
2026-03-19 05:15:00,1.196666667,1.7769680130696497,0.5803013460696498
2026-03-19 05:30:00,1.454666667,1.6299305665499118,0.17526389954991184
2026-03-19 05:45:00,1.097666667,1.7221236008012348,0.6244569338012349
2026-03-19 06:00:00,1.288,1.7163093356020074,0.42830933560200735
2026-03-19 06:15:00,1.476,2.049745214435803,0.5737452144358031
2026-03-19 06:30:00,1.441,2.0544412341126854,0.6134412341126854
2026-03-19 06:45:00,1.52,1.9848687851128504,0.46486878511285035
2026-03-19 07:00:00,2.363333333,1.9258300711291303,0.43750326187086963
2026-03-19 07:15:00,1.538666667,3.0034551744939457,1.4647885074939457
2026-03-19 07:30:00,4.165623333,3.0272608831143986,1.1383624498856015
2026-03-19 07:45:00,2.769286667,4.3649794663028585,1.5956927993028587
2026-03-19 08:00:00,2.45095,3.12572536820783,0.6747753682078299
2026-03-19 08:15:00,3.513073333,2.2565877405570367,1.2564855924429632
2026-03-19 08:30:00,4.81124,2.6569771394284087,2.154262860571591
2026-03-19 08:45:00,2.974626667,3.958462781854173,0.983836114854173
2026-03-19 09:00:00,3.27758,3.0729287607933804,0.20465123920661954
2026-03-19 09:15:00,1.656746667,3.0094750996686024,1.3527284326686024
2026-03-19 09:30:00,2.034166667,2.2093406814564243,0.17517401445642422
2026-03-19 09:45:00,2.145316667,2.1673798275069274,0.02206316050692747
2026-03-19 10:00:00,3.234453333,2.0340169167895827,1.200436416210417
2026-03-19 10:15:00,5.25734,2.197649114748967,3.059690885251033
2026-03-19 10:30:00,5.78099,3.0638661183631006,2.7171238816368994
2026-03-19 10:45:00,5.255716667,3.6261168852882597,1.62959978171174
2026-03-19 11:00:00,6.353413333,3.5389953852096205,2.8144179477903792
2026-03-19 11:15:00,5.663823333,5.687034644939187,0.02321131193918724
2026-03-19 11:30:00,6.597683333,4.7349098585399085,1.8627734744600914
2026-03-19 11:45:00,6.248826667,6.560763031897992,0.31193636489799204
2026-03-19 12:00:00,7.84773,6.199567968385648,1.6481620316143522
2026-03-19 12:15:00,5.846003333,7.711607245668556,1.865603912668556
2026-03-19 12:30:00,14.48245,5.72518585904336,8.75726414095664
2026-03-19 12:45:00,15.41919,9.23608295232335,6.18310704767665
2026-03-19 13:00:00,14.07189333,10.87412712818573,3.19776620181427
2026-03-19 13:15:00,14.58264333,8.952484067555579,5.630159262444421
2026-03-19 13:30:00,14.23215667,10.568694989270261,3.663461680729739
2026-03-19 13:45:00,12.47490667,8.659436596747735,3.815470073252264
2026-03-19 14:00:00,10.56741333,9.781843959673376,0.7855693703266251
2026-03-19 14:15:00,8.061076667,7.295197158648115,0.765879508351885
2026-03-19 14:30:00,6.571866667,5.450096150801032,1.1217705161989677
2026-03-19 14:45:00,5.637943333,5.053147880710333,0.5847954522896668
2026-03-19 15:00:00,3.694573333,4.1224074760119445,0.42783414301194433
2026-03-19 15:15:00,3.378373333,4.453956907705514,1.0755835747055142
2026-03-19 15:30:00,1.77016,3.201504941136241,1.431344941136241
2026-03-19 15:45:00,3.538983333,3.623982784588366,0.08499945158836608
2026-03-19 16:00:00,4.33756,4.014924146338515,0.3226358536614846
2026-03-19 16:15:00,3.68927,4.174074290473147,0.4848042904731469
2026-03-19 16:30:00,2.848846667,4.1248720703481245,1.2760254033481244
2026-03-19 16:45:00,1.771926667,2.7865528864434195,1.0146262194434195
2026-03-19 17:00:00,2.9239,2.3404792425063663,0.5834207574936339
2026-03-19 17:15:00,3.170686667,2.7631731947507867,0.4075134722492133
2026-03-19 17:30:00,6.102323333,3.832955177062113,2.269368155937887
2026-03-19 17:45:00,4.591653333,4.472912490384244,0.11874084261575568
2026-03-19 18:00:00,5.04193,4.169386969938435,0.8725430300615651
2026-03-19 18:15:00,4.10976,4.057670653589417,0.05208934641058249
2026-03-19 18:30:00,3.408773333,3.4265481713076618,0.01777483830766169
2026-03-19 18:45:00,2.93492,2.8138488791722684,0.12107112082773153
2026-03-19 19:00:00,1.656303333,2.1656646395166095,0.5093613065166094
2026-03-19 19:15:00,1.76087,1.6449831655658278,0.11588683443417214
2026-03-19 19:30:00,1.797806667,2.2061253674585712,0.4083187004585713
2026-03-19 19:45:00,2.243996667,2.327346334461286,0.08334966746128636
2026-03-19 20:00:00,2.49721,2.2729664373939524,0.2242435626060475
2026-03-19 20:15:00,2.26442,2.177950774537278,0.08646922546272195
2026-03-19 20:30:00,2.19718,2.2538560060497765,0.05667600604977663
2026-03-19 20:45:00,2.182026667,2.456254758051535,0.2742280910515347
2026-03-19 21:00:00,1.866443333,2.7099727692899367,0.8435294362899366
2026-03-19 21:15:00,1.82702,2.6248086848457177,0.7977886848457176
2026-03-19 21:30:00,2.155513333,2.291812166813349,0.13629883381334906
2026-03-19 21:45:00,1.638163333,2.5194365980374687,0.8812732650374686
2026-03-19 22:00:00,1.728123333,1.9624532327066104,0.23432989970661033
2026-03-19 22:15:00,2.098576667,1.857586939929126,0.24098972707087407
2026-03-19 22:30:00,1.676493333,2.0569391361006195,0.3804458031006195
2026-03-19 22:45:00,1.68233,1.8473554958742466,0.16502549587424653
2026-03-19 23:00:00,1.897203333,1.6145294274756676,0.28267390552433236
2026-03-19 23:15:00,2.37863,1.8076565887039788,0.570973411296021
2026-03-19 23:30:00,1.838113333,2.0509956827239977,0.21288234972399778
2026-03-19 23:45:00,1.764896667,1.770686003222237,0.005789336222236985
2026-03-20 00:00:00,1.420233333,1.640072213229394,0.2198388802293938
2026-03-20 00:15:00,1.619866667,1.3873658688470314,0.23250079815296854
2026-03-20 00:30:00,1.273356667,1.5576295892668528,0.28427292226685275
2026-03-20 00:45:00,1.530953333,1.3081113194882166,0.22284201351178345
2026-03-20 01:00:00,1.495673333,1.3807815010795017,0.11489183192049834
2026-03-20 01:15:00,1.419113333,1.3326804839423418,0.08643284905765825
2026-03-20 01:30:00,1.245353333,1.619111646523508,0.3737583135235081
2026-03-20 01:45:00,1.240276667,1.666830911826151,0.426554244826151
2026-03-20 02:00:00,1.305373333,1.7134490571563386,0.40807572415633864
2026-03-20 02:15:00,1.245723333,1.7175201705511527,0.47179683755115276
2026-03-20 02:30:00,1.26765,1.6950950935242144,0.42744509352421445
2026-03-20 02:45:00,1.057036667,1.7667301733501863,0.7096935063501864
2026-03-20 03:00:00,1.253203333,1.2415592753617326,0.01164405763826748
2026-03-20 03:15:00,1.35562,1.3118002184660513,0.04381978153394872
2026-03-20 03:30:00,1.13913,1.3967124846261754,0.2575824846261754
2026-03-20 03:45:00,1.182083333,1.2070650338368394,0.02498170083683937
2026-03-20 04:00:00,1.23213,1.2313361583382991,0.0007938416617008226
2026-03-20 04:15:00,1.28576,1.274040677632926,0.011719322367073959
2026-03-20 04:30:00,1.288913333,1.4193188865688788,0.13040555356887884
2026-03-20 04:45:00,1.24979,1.283009964661411,0.03321996466141108
2026-03-20 05:00:00,1.226443333,1.2780361031787566,0.05159277017875663
2026-03-20 05:15:00,1.35417,1.2707400721836772,0.08342992781632286
2026-03-20 05:30:00,1.2642,1.3125510763360082,0.048351076336008214
2026-03-20 05:45:00,1.250396667,1.3080650784957606,0.05766841149576063
2026-03-20 06:00:00,1.168633333,1.2505300908517247,0.08189675785172468
2026-03-20 06:15:00,1.482633333,1.2617473664764816,0.22088596652351855
2026-03-20 06:30:00,0.867436667,1.4070875131767226,0.5396508461767227
2026-03-20 06:45:00,0.927656667,1.1101088435148299,0.1824521765148298
2026-03-20 07:00:00,1.46967,1.2047524661571698,0.26491753384283023
2026-03-20 07:15:00,1.368573333,1.4930294442517955,0.12445611125179545
2026-03-20 07:30:00,1.822166667,2.895798527149389,1.073631860149389
2026-03-20 07:45:00,3.883873333,3.100958487212973,0.782914845787027
2026-03-20 08:00:00,2.092026667,3.1007485879748193,1.0087219209748195
2026-03-20 08:15:00,2.00891,2.315038020851865,0.30612802085186486
2026-03-20 08:30:00,3.965716667,2.5761618608368866,1.3895548061631136
2026-03-20 08:45:00,5.310916667,3.3617200924974293,1.9491965745025706
2026-03-20 09:00:00,1.844133333,4.692770326460517,2.8486369934605165
2026-03-20 09:15:00,3.19117,2.4941054228543744,0.6970645771456256
2026-03-20 09:30:00,0.844983333,3.4779162473959992,2.632932914395999
2026-03-20 09:45:00,2.324066667,1.6390500269068515,0.6850166400931483
2026-03-20 10:00:00,1.961016667,2.1303645316084387,0.16934786460843876
2026-03-20 10:15:00,1.04658,1.5574218676808238,0.5108418676808237
2026-03-20 10:30:00,1.60009,1.0207735435826653,0.5793164564173348
2026-03-20 10:45:00,1.172746667,0.9574481085244017,0.2152985584755983
2026-03-20 11:00:00,3.242653333,0.8982101231483347,2.344443209851665
2026-03-20 11:15:00,15.50781,2.30782087702565,13.19998912297435
2026-03-20 11:30:00,17.15764333,10.450599275512229,6.7070440544877705
2026-03-20 11:45:00,17.57268,11.676498154539072,5.8961818454609265
2026-03-20 12:00:00,17.80209,12.09853348388988,5.703556516110119
2026-03-20 12:15:00,17.5238,10.436748609231394,7.0870513907686075
2026-03-20 12:30:00,17.93379333,10.46813730256241,7.465656027437591
2026-03-20 12:45:00,18.5073,10.907732130293953,7.599567869706048
2026-03-20 13:00:00,17.75064667,11.087111453141642,6.663535216858357
2026-03-20 13:15:00,15.73392667,10.94098711268143,4.7929395573185705
2026-03-20 13:30:00,12.78239667,9.398450167890552,3.383946502109449
2026-03-20 13:45:00,19.32561,8.920440600048616,10.405169399951385
2026-03-20 14:00:00,20.82208,9.23113713714916,11.59094286285084
2026-03-20 14:15:00,15.57350667,10.840713047961973,4.732793622038027
2026-03-20 14:30:00,11.46683333,9.387898875043396,2.0789344549566042
2026-03-20 14:45:00,11.85921,8.37373909862551,3.485470901374489
2026-03-20 15:00:00,8.014233333,8.563959957433566,0.5497266244335659
2026-03-20 15:15:00,12.56437667,6.546781546187538,6.017595123812462
2026-03-20 15:30:00,12.07887667,11.230853143120685,0.8480235268793148
2026-03-20 15:45:00,10.77891,9.016279934082425,1.762630065917575
2026-03-20 16:00:00,12.14368,8.209058590188237,3.934621409811763
2026-03-20 16:15:00,11.68305,9.707436791058248,1.975613208941752
2026-03-20 16:30:00,8.670943333,9.656914270865503,0.9859709378655026
2026-03-20 16:45:00,10.89736,7.516055439524091,3.38130456047591
2026-03-20 17:00:00,12.94174667,8.498491913989215,4.443254756010786
2026-03-20 17:15:00,9.734116667,8.603373641737198,1.1307430252628023
2026-03-20 17:30:00,7.81709,7.639251308519629,0.17783869148037112
2026-03-20 17:45:00,7.800203333,6.115831333802295,1.6843719991977046
2026-03-20 18:00:00,5.129623333,6.59028047906344,1.4606571460634408
2026-03-20 18:15:00,4.918933333,5.026887527009589,0.10795419400958917
2026-03-20 18:30:00,8.28896,4.895315596351836,3.393644403648163
2026-03-20 18:45:00,8.31578,7.12978655256274,1.1859934474372604
2026-03-20 19:00:00,6.748116667,6.7259886315543405,0.022128035445659222
2026-03-20 19:15:00,7.077853333,5.965048596058724,1.1128047369412766
2026-03-20 19:30:00,7.395076667,6.139043091961844,1.2560335750381553
2026-03-20 19:45:00,11.65266,6.253391158690526,5.399268841309473
2026-03-20 20:00:00,10.6986,9.210735815556971,1.4878641844430298
2026-03-20 20:15:00,7.914353333,7.974438750817507,0.06008541781750676
2026-03-20 20:30:00,8.321036667,6.928548857892459,1.392487809107541
2026-03-20 20:45:00,6.408203333,6.833086787981626,0.42488345498162605
2026-03-20 21:00:00,2.288093333,5.418174714360362,3.1300813813603616
2026-03-20 21:15:00,2.936783333,2.712573920271983,0.2242094127280172
2026-03-20 21:30:00,1.785706667,2.864089995145779,1.078383328145779
2026-03-20 21:45:00,2.15604,2.167139823680883,0.011099823680883247
2026-03-20 22:00:00,1.63139,2.297269018171729,0.6658790181717291
2026-03-20 22:15:00,1.787386667,2.1351797310590497,0.34779306405904964
2026-03-20 22:30:00,1.60155,2.0325782870397298,0.43102828703972973
2026-03-20 22:45:00,1.405043333,1.8455386425235814,0.4404953095235813
2026-03-20 23:00:00,1.857043333,1.8082320635225018,0.048811269477498254
2026-03-20 23:15:00,1.64999,1.9993445505232772,0.34935455052327713
2026-03-20 23:30:00,2.092443333,1.838196743267482,0.2542465897325179
2026-03-20 23:45:00,2.473063333,1.926456701631827,0.5466066313681728
2026-03-21 00:00:00,2.539553333,1.890298856556579,0.6492544764434212
2026-03-21 00:15:00,2.851163333,2.2053890789079214,0.6457742540920788
2026-03-21 00:30:00,2.21337,2.4993742864344126,0.2860042864344128
2026-03-21 00:45:00,1.69831,2.0757780786748614,0.37746807867486143
2026-03-21 01:00:00,1.323133333,1.723740390000514,0.400607057000514
2026-03-21 01:15:00,1.046013333,1.42970549090801,0.3836921579080099
2026-03-21 01:30:00,2.861613333,1.5168320034286458,1.3447813295713544
2026-03-21 01:45:00,4.848063333,2.7022242294125793,2.1458391035874205
2026-03-21 02:00:00,4.789946667,2.962363026856453,1.8275836401435468
2026-03-21 02:15:00,3.83128,3.289754209291306,0.5415257907086941
2026-03-21 02:30:00,2.154023333,2.611252852641093,0.45722951964109315
2026-03-21 02:45:00,1.90209,1.631218701001834,0.2708712989981661
2026-03-21 03:00:00,1.979133333,1.7907125182853336,0.18842081471466643
2026-03-21 03:15:00,1.69272,1.9794735330030846,0.2867535330030846
2026-03-21 03:30:00,2.034286667,2.0391575062497767,0.004870839249776715
2026-03-21 03:45:00,1.786546667,2.128284425298363,0.34173775829836295
2026-03-21 04:00:00,2.14718,2.0206174401280625,0.12656255987193754
2026-03-21 04:15:00,1.862773333,2.200826355505431,0.338053022505431
2026-03-21 04:30:00,1.89262,2.1411412163809413,0.24852121638094138
2026-03-21 04:45:00,1.133066667,2.050059769258626,0.9169931022586262
2026-03-21 05:00:00,1.387243333,1.6115208074669118,0.22427747446691182
2026-03-21 05:15:00,1.365693333,1.7177657929230297,0.3520724599230296
2026-03-21 05:30:00,1.472333333,1.7422370804724503,0.2699037474724504
2026-03-21 05:45:00,1.373333333,1.805864811627686,0.43253147862768615
2026-03-21 06:00:00,1.145333333,2.025594799720989,0.8802614667209889
2026-03-21 06:15:00,1.399666667,1.6844052242353262,0.28473855723532626
2026-03-21 06:30:00,1.450333333,1.8319023920991948,0.3815690590991949
2026-03-21 06:45:00,1.025333333,1.7488397986804367,0.7235064656804366
2026-03-21 07:00:00,1.488,1.5701024690977528,0.08210246909775276
2026-03-21 07:15:00,0.955333333,1.8340305615687065,0.8786972285687065
2026-03-21 07:30:00,0.842,1.3157701317883792,0.47377013178837923
2026-03-21 07:45:00,1.048,1.5231247924290194,0.4751247924290194
2026-03-21 08:00:00,1.439653333,1.2453020485876656,0.1943512844123345
2026-03-21 08:15:00,1.572713333,1.5246277916382593,0.0480855413617407
2026-03-21 08:30:00,5.118696667,2.360082281248589,2.758614385751411
2026-03-21 08:45:00,4.33893,3.6487597299281034,0.690170270071897
2026-03-21 09:00:00,2.586183333,3.8500879788870095,1.2639046458870093
2026-03-21 09:15:00,3.414116667,3.321415974724606,0.09270069227539413
2026-03-21 09:30:00,0.978086667,3.1874150306003317,2.209328363600332
2026-03-21 09:45:00,3.01863,1.8906286975412678,1.128001302458732
2026-03-21 10:00:00,0.697023333,2.53630344238882,1.83928010938882
2026-03-21 10:15:00,1.312583333,0.667759774844977,0.6448235581550231
2026-03-21 10:30:00,1.881553333,1.4157058720453182,0.4658474609546819
2026-03-21 10:45:00,1.675266667,2.0425239155814285,0.3672572485814285
2026-03-21 11:00:00,0.707266667,1.092653067252375,0.38538640025237514
2026-03-21 11:15:00,1.136863333,0.41411876510092105,0.7227445678990789
2026-03-21 11:30:00,0.832203333,0.5120717203571574,0.3201316126428426
2026-03-21 11:45:00,0.822776667,0.6595361315401872,0.16324053545981276
2026-03-21 12:00:00,1.68295,0.9428256545927262,0.7401243454072738
2026-03-21 12:15:00,2.54042,1.1933711507942308,1.3470488492057693
2026-03-21 12:30:00,2.239896667,1.3691361131361386,0.8707605538638614
2026-03-21 12:45:00,2.112156667,1.825096315235906,0.2870603517640937
2026-03-21 13:00:00,1.90918,1.8738244907242285,0.03535550927577158
2026-03-21 13:15:00,2.388436667,1.8190201832622634,0.5694164837377367
2026-03-21 13:30:00,4.591893333,3.057958997330831,1.5339343356691688
2026-03-21 13:45:00,7.626636667,3.693886851330267,3.9327498156697325
2026-03-21 14:00:00,12.61689667,4.114943325428686,8.501953344571312
2026-03-21 14:15:00,10.16696,9.434790563035705,0.7321694369642948
2026-03-21 14:30:00,7.043956667,8.103211171880595,1.0592545048805952
2026-03-21 14:45:00,6.721836667,5.368306782204005,1.3535298847959947
2026-03-21 15:00:00,7.905273333,6.125723883244013,1.7795494497559874
2026-03-21 15:15:00,8.068383333,6.861038538221557,1.207344794778443
2026-03-21 15:30:00,4.000953333,5.863316234350992,1.8623629013509921
2026-03-21 15:45:00,4.582176667,3.256754935647615,1.3254217313523848
2026-03-21 16:00:00,8.669313333,3.7706786277944215,4.898634705205579
2026-03-21 16:15:00,15.26818667,7.355446550580137,7.912740119419864
2026-03-21 16:30:00,13.37934,9.76893521762954,3.610404782370459
2026-03-21 16:45:00,16.289,10.928403702135762,5.360596297864239
2026-03-21 17:00:00,11.45164667,12.244826496568146,0.7931798265681458
2026-03-21 17:15:00,12.57874,10.348155114957413,2.230584885042587
2026-03-21 17:30:00,10.15207333,9.573003151434625,0.5790701785653756
2026-03-21 17:45:00,12.41874,8.454341358639619,3.964398641360381
2026-03-21 18:00:00,6.887006667,9.391593143916266,2.5045864769162662
2026-03-21 18:15:00,9.569823333,7.334083686143258,2.235739646856742
2026-03-21 18:30:00,9.354553333,9.165350663639673,0.18920266936032704
2026-03-21 18:45:00,7.327713333,9.741555435957242,2.4138421029572417
2026-03-21 19:00:00,9.005243333,6.740541850839793,2.2647014821602065
2026-03-21 19:15:00,9.363793333,7.421973648687533,1.9418196843124669
2026-03-21 19:30:00,9.48493,7.0825902532652645,2.402339746734736
2026-03-21 19:45:00,2.466153333,7.225583925811144,4.759430592811144
2026-03-21 20:00:00,3.17677,2.7608298317318005,0.41594016826819935
2026-03-21 20:15:00,3.241566667,3.799775707896798,0.5582090408967981
2026-03-21 20:30:00,2.573666667,3.8617925378886335,1.2881258708886336
2026-03-21 20:45:00,2.939343333,2.6878153710972454,0.2515279619027546
2026-03-21 21:00:00,3.189773333,3.054755364795289,0.13501796820471101
2026-03-21 21:15:00,2.750056667,3.2685471575200395,0.5184904905200396
2026-03-21 21:30:00,2.488656667,2.6278350190290607,0.13917835202906081
2026-03-21 21:45:00,2.278743333,2.5378848177491644,0.25914148474916443
2026-03-21 22:00:00,2.212296667,2.2644226607906948,0.052125993790694825
2026-03-21 22:15:00,1.768453333,2.214317931301345,0.44586459830134473
2026-03-21 22:30:00,1.994346667,2.0038426527515947,0.009495985751594604
2026-03-21 22:45:00,2.190286667,2.112923856666437,0.07736281033356329
2026-03-21 23:00:00,2.307836667,2.243428327904697,0.06440833909530319
2026-03-21 23:15:00,2.245586667,2.1464725142903878,0.09911415270961221
2026-03-21 23:30:00,2.361306667,2.207574639983485,0.153732027016515
2026-03-21 23:45:00,1.719493333,2.2511551782137107,0.5316618452137107
2026-03-22 00:00:00,1.610093333,1.6251790338952363,0.01508570089523631
2026-03-22 00:15:00,1.845973333,1.6586527627102203,0.18732057028977978
2026-03-22 00:30:00,1.634833333,1.6876294712020425,0.05279613820204254
2026-03-22 00:45:00,1.414746667,1.6762260151420891,0.2614793481420892
2026-03-22 01:00:00,1.203613333,1.4704002997477863,0.26678696674778624
2026-03-22 01:15:00,1.307106667,1.2753743722725102,0.03173229472748984
2026-03-22 01:30:00,2.713366667,1.4505696722203636,1.2627969947796363
2026-03-22 01:45:00,4.707053333,2.5236144414072847,2.1834388915927154
2026-03-22 02:00:00,4.4858,2.6829413905409294,1.8028586094590708
2026-03-22 02:15:00,4.781773333,2.7561357110877065,2.025637621912294
2026-03-22 02:30:00,4.099903333,3.2441446751514524,0.8557586578485479
2026-03-22 02:45:00,2.190153333,3.384244270688326,1.1940909376883257
2026-03-22 03:00:00,2.173993333,2.1151006637475187,0.058892669252481156
2026-03-22 03:15:00,2.28496,1.8206991306776603,0.46426086932233956
2026-03-22 03:30:00,1.783046667,2.3867423176588325,0.6036956506588325
2026-03-22 03:45:00,2.002386667,1.9591278147368132,0.04325885226318693
2026-03-22 04:00:00,1.892666667,2.1914192973954285,0.29875263039542843
2026-03-22 04:15:00,1.979333333,2.1485505073234603,0.16921717432346028
2026-03-22 04:30:00,1.650666667,2.21039219736807,0.5597255303680699
2026-03-22 04:45:00,1.387,1.9540815380447696,0.5670815380447696
2026-03-22 05:00:00,1.032666667,1.7865690658859068,0.7539023988859068
2026-03-22 05:15:00,1.404333333,1.5923602172643625,0.18802688426436243
2026-03-22 05:30:00,1.301666667,1.7958151007866843,0.49414843378668416
2026-03-22 05:45:00,1.652333333,1.7915332648405555,0.13919993184055546
2026-03-22 06:00:00,1.105,2.0541834331350355,0.9491834331350355
2026-03-22 06:15:00,1.585333333,1.6750289540283203,0.0896956210283204
2026-03-22 06:30:00,1.400666667,1.7803170314909513,0.37965036449095124
2026-03-22 06:45:00,1.306666667,1.8272401330290213,0.5205734660290213
2026-03-22 07:00:00,1.503333333,1.7219438653485006,0.21861053234850059
2026-03-22 07:15:00,1.349,1.6574412720553644,0.3084412720553644
2026-03-22 07:30:00,1.35368,1.5546236391051484,0.20094363910514845
2026-03-22 07:45:00,0.87826,1.5801473342360715,0.7018873342360714
2026-03-22 08:00:00,0.51212,1.3457578078528953,0.8336378078528953
2026-03-22 08:15:00,1.77281,1.3431072339180605,0.42970276608193947
2026-03-22 08:30:00,3.541693333,1.949061814626742,1.592631518373258
2026-03-22 08:45:00,2.521193333,2.365518561202661,0.1556747717973388
2026-03-22 09:00:00,3.239793333,3.4423464873650342,0.20255315436503407
2026-03-22 09:15:00,1.189943333,3.690339336635645,2.500396003635645
2026-03-22 09:30:00,1.659143333,1.69457562025826,0.035432287258259976
2026-03-22 09:45:00,2.22297,2.5074181483753835,0.28444814837538335
2026-03-22 10:00:00,2.463706667,2.025876701054267,0.437829965945733
2026-03-22 10:15:00,5.10852,2.2473215568884,2.8611984431116
2026-03-22 10:30:00,3.499376667,4.039403819873849,0.540027152873849
2026-03-22 10:45:00,1.958866667,3.270334368628293,1.311467701628293
2026-03-22 11:00:00,4.64001,1.8586874229539792,2.781322577046021
2026-03-22 11:15:00,4.64586,3.7939654354582175,0.8518945645417824
2026-03-22 11:30:00,5.707496667,3.8992938238631867,1.8082028431368133
2026-03-22 11:45:00,3.257673333,5.140562878516091,1.882889545516091
2026-03-22 12:00:00,1.445463333,4.247359742480734,2.801896409480734
2026-03-22 12:15:00,0.0,2.409961543899471,2.409961543899471
2026-03-22 12:30:00,0.0,1.8532721371244543,1.8532721371244543
2026-03-22 12:45:00,0.05125,1.2562154723268777,1.2049654723268777
2026-03-22 13:00:00,4.70613,1.4946782353256651,3.211451764674335
2026-03-22 13:15:00,8.300203333,6.869532313607521,1.4306710193924799
2026-03-22 13:30:00,11.82838333,8.523539879127386,3.304843450872614
2026-03-22 13:45:00,15.3047,10.917319431464907,4.387380568535093
2026-03-22 14:00:00,13.78080333,12.679222768321045,1.1015805616789542
2026-03-22 14:15:00,13.93033667,10.96314924816563,2.967187421834371
2026-03-22 14:30:00,11.99743667,10.113883684460513,1.8835529855394881
2026-03-22 14:45:00,13.70559667,9.729467810870577,3.976128859129423
2026-03-22 15:00:00,9.55399,9.958408429444685,0.404418429444684
2026-03-22 15:15:00,9.091476667,8.733906450402518,0.3575702165974821
2026-03-22 15:30:00,6.90432,8.803333183641753,1.8990131836417525
2026-03-22 15:45:00,6.181746667,7.44055819765353,1.2588115306535306
2026-03-22 16:00:00,9.218583333,5.774437842813971,3.4441454901860284
2026-03-22 16:15:00,11.11623667,7.023226976430285,4.093009693569714
2026-03-22 16:30:00,9.031523333,7.551478884072815,1.4800444489271856
2026-03-22 16:45:00,6.703113333,4.281548308749684,2.4215650242503157
2026-03-22 17:00:00,7.778013333,5.590845192686884,2.1871681403131156
2026-03-22 17:15:00,4.87593,5.853016157154418,0.9770861571544174
2026-03-22 17:30:00,6.952626667,4.864632386857134,2.0879942801428655
2026-03-22 17:45:00,5.329376667,4.917445934002588,0.411930732997412
2026-03-22 18:00:00,2.650576667,4.358610775132562,1.708034108132562
2026-03-22 18:15:00,1.274126667,2.5192079926594766,1.2450813256594766
2026-03-22 18:30:00,0.753993333,1.6445821595384364,0.8905888265384364
2026-03-22 18:45:00,0.945663333,1.4938431021084508,0.5481797691084508
2026-03-22 19:00:00,1.214673333,1.518736802490135,0.3040634694901352
2026-03-22 19:15:00,1.28752,1.9353894996306789,0.6478694996306789
2026-03-22 19:30:00,1.717823333,2.0964371307610663,0.3786137977610664
2026-03-22 19:45:00,1.895103333,2.107440457745332,0.21233712474533184
2026-03-22 20:00:00,2.828056667,2.1031714716299392,0.7248851953700606
2026-03-22 20:15:00,2.60755,2.639802765302172,0.032252765302172026
2026-03-22 20:30:00,2.399156667,2.562904355694124,0.16374768869412382
2026-03-22 20:45:00,2.16574,2.419170974646774,0.2534309746467742
2026-03-22 21:00:00,2.758323333,2.4606401588369584,0.29768317416304146
2026-03-22 21:15:00,2.30716,2.8077101732717473,0.5005501732717472
2026-03-22 21:30:00,2.088086667,2.437810546281048,0.3497238792810484
2026-03-22 21:45:00,2.369203333,2.3237154466335577,0.04548788636644252
2026-03-22 22:00:00,2.683886667,2.244056361066604,0.43983030593339567
2026-03-22 22:15:00,2.318266667,2.5087603309172026,0.19049366391720257
2026-03-22 22:30:00,1.939906667,2.19846216074552,0.2585554937455201
2026-03-22 22:45:00,1.95968,2.0109509657846774,0.05127096578467727
2026-03-22 23:00:00,2.28685,1.816983558086555,0.46986644191344484
2026-03-22 23:15:00,2.22538,2.01835560615032,0.20702439384968008
2026-03-22 23:30:00,1.76998,1.987372555319153,0.2173925553191529
2026-03-22 23:45:00,1.492116667,1.7116214663396379,0.21950479933963796
2026-03-23 00:00:00,1.099203333,1.4468863255901996,0.34768299259019964
2026-03-23 00:15:00,1.552196667,1.1509905475133915,0.40120611948660856
2026-03-23 00:30:00,1.19055,1.4766460071692595,0.28609600716925954
2026-03-23 00:45:00,1.22744,1.3022357307196468,0.07479573071964674
2026-03-23 01:00:00,1.047663333,1.2891009239432125,0.2414375909432125
2026-03-23 01:15:00,1.23296,1.1810497606729216,0.0519102393270785
2026-03-23 01:30:00,2.269766667,1.3883517975122441,0.8814148694877557
2026-03-23 01:45:00,4.52984,2.2124150932093753,2.3174249067906247
2026-03-23 02:00:00,4.501083333,2.7259803431508756,1.7751029898491248
2026-03-23 02:15:00,4.991203333,2.937608044249328,2.0535952887506714
2026-03-23 02:30:00,4.396933333,3.4109719680318165,0.9859613649681833
2026-03-23 02:45:00,4.218946667,3.62054989153886,0.5983967754611399
2026-03-23 03:00:00,4.582316667,3.777637719171423,0.8046789478285765
2026-03-23 03:15:00,3.972586667,4.290831862650614,0.31824519565061404
2026-03-23 03:30:00,1.52508,3.570531088791681,2.045451088791681
2026-03-23 03:45:00,1.907983333,1.7041298509053766,0.2038534820946234
2026-03-23 04:00:00,1.92465,1.7662662415435002,0.15838375845649977
2026-03-23 04:15:00,2.084026667,1.9978801796205312,0.08614648737946862
2026-03-23 04:30:00,1.610136667,2.049431372275428,0.43929470527542813
2026-03-23 04:45:00,1.0944,1.8778493776891831,0.7834493776891831
2026-03-23 05:00:00,1.193766667,1.5218483000351164,0.3280816330351164
2026-03-23 05:15:00,1.30146,1.610669737431355,0.30920973743135494
2026-03-23 05:30:00,1.01666,1.667928798003661,0.6512687980036611
2026-03-23 05:45:00,1.040796667,1.5142456996195544,0.4734490326195544
2026-03-23 06:00:00,1.114843333,1.5739521200433055,0.4591087870433055
2026-03-23 06:15:00,1.219,1.6097540278576004,0.3907540278576003
2026-03-23 06:30:00,1.020266667,1.7145323121741602,0.6942656451741602
2026-03-23 06:45:00,1.096086667,1.485371404904409,0.3892847379044091
2026-03-23 07:00:00,1.254936667,1.5707764349196414,0.3158397679196414
2026-03-23 07:15:00,1.196256667,1.5062942167527822,0.3100375497527821
2026-03-23 07:30:00,1.450793333,1.5010375186711233,0.05024418567112332
2026-03-23 07:45:00,0.986106667,1.4532333466502585,0.46712667965025845
2026-03-23 08:00:00,0.946083333,1.1992203993040456,0.25313706630404553
2026-03-23 08:15:00,0.538333333,1.1918443505642498,0.6535110175642498
2026-03-23 08:30:00,0.110653333,1.3176885665012452,1.2070352335012453
2026-03-23 08:45:00,0.0,0.8314621817405053,0.8314621817405053
2026-03-23 09:00:00,0.0,0.8530899319095274,0.8530899319095274
2026-03-23 09:15:00,0.0,0.6133160734768813,0.6133160734768813
2026-03-23 09:30:00,0.0,0.40063401215179045,0.40063401215179045
2026-03-23 09:45:00,0.0,0.393735078693116,0.393735078693116
2026-03-23 10:00:00,0.0,0.1406651213386454,0.1406651213386454
2026-03-23 10:15:00,0.0,0.1732937495674933,0.1732937495674933
2026-03-23 10:30:00,0.0,0.3927158522293988,0.3927158522293988
2026-03-23 10:45:00,0.0,0.35380414969658364,0.35380414969658364
2026-03-23 11:00:00,8.15483,0.6714439912066661,7.483386008793334
2026-03-23 11:15:00,5.346676667,6.698905050829525,1.3522283838295257
2026-03-23 11:30:00,5.280213333,7.355262487345364,2.075049154345364
2026-03-23 11:45:00,2.941236667,6.801103315670997,3.859866648670997
2026-03-23 12:00:00,3.765633333,2.664155367953018,1.101477965046982
2026-03-23 12:15:00,3.67966,2.5419271950714504,1.1377328049285498
2026-03-23 12:30:00,2.63756,2.9401403831159376,0.3025803831159375
2026-03-23 12:45:00,2.27846,2.053740535174282,0.2247194648257178
2026-03-23 13:00:00,2.341976667,1.5153577384393349,0.8266189285606651
2026-03-23 13:15:00,2.88539,1.9363385261578916,0.9490514738421085
2026-03-23 13:30:00,4.266393333,1.2126655337907737,3.053727799209226
2026-03-23 13:45:00,4.440136667,1.3545443421705625,3.0855923248294372
2026-03-23 14:00:00,5.384133333,1.6641945198572226,3.719938813142778
2026-03-23 14:15:00,4.451903333,2.2018887681913073,2.2500145648086924
2026-03-23 14:30:00,4.102793333,2.82287565381776,1.27991767918224
2026-03-23 14:45:00,5.196843333,2.5077197209838578,2.6891236120161426
2026-03-23 15:00:00,4.567183333,3.7540593837582126,0.8131239492417874
2026-03-23 15:15:00,2.410006667,3.8074094935734135,1.3974028265734133
2026-03-23 15:30:00,1.53562,2.339531381143684,0.8039113811436842
2026-03-23 15:45:00,4.722003333,2.0545226091105375,2.6674807238894624
2026-03-23 16:00:00,3.436953333,4.409143276543006,0.9721899435430057
2026-03-23 16:15:00,3.60154,3.4219375768846394,0.17960242311536057
2026-03-23 16:30:00,4.42242,3.762396622809341,0.660023377190659
2026-03-23 16:45:00,2.361273333,3.682248847999272,1.320975514999272
2026-03-23 17:00:00,2.74897,3.439787549671523,0.690817549671523
2026-03-23 17:15:00,3.798543333,3.2418718724249156,0.5566714605750844
2026-03-23 17:30:00,3.634046667,4.383739879149798,0.7496932121497979
2026-03-23 17:45:00,4.233063333,4.090678321563383,0.14238501143661697
2026-03-23 18:00:00,5.395263333,4.3452089588255385,1.0500543741744615
2026-03-23 18:15:00,6.261333333,4.879577533234404,1.381755799765596
2026-03-23 18:30:00,5.442023333,6.428631576509764,0.9866082435097638
2026-03-23 18:45:00,6.90677,5.065607435898658,1.8411625641013423
2026-03-23 19:00:00,7.41685,6.304550922964317,1.1122990770356829
2026-03-23 19:15:00,5.944663333,6.981189177265028,1.0365258442650278
2026-03-23 19:30:00,5.762273333,5.596063525476161,0.16620980752383918
2026-03-23 19:45:00,7.5065,5.540634572012712,1.9658654279872882
2026-03-23 20:00:00,8.845463333,6.616883697490829,2.2285796355091705
2026-03-23 20:15:00,4.745073333,7.008693475625228,2.2636201426252285
2026-03-23 20:30:00,2.740123333,4.066027659247712,1.3259043262477115
2026-03-23 20:45:00,2.84161,2.697088814439268,0.14452118556073223
2026-03-23 21:00:00,2.2588,2.839366637309042,0.5805666373090421
2026-03-23 21:15:00,1.559133333,2.479726739521095,0.920593406521095
2026-03-23 21:30:00,1.635076667,2.1828092337321494,0.5477325667321493
2026-03-23 21:45:00,2.221433333,2.133471942754818,0.0879613902451819
2026-03-23 22:00:00,2.264766667,2.2977546313824893,0.0329879643824893
2026-03-23 22:15:00,2.03078,2.35906129621574,0.32828129621574
2026-03-23 22:30:00,2.128213333,2.272353169968015,0.1441398369680149
2026-03-23 22:45:00,2.001506667,2.240970310356355,0.23946364335635506
2026-03-23 23:00:00,2.549256667,2.023291426010979,0.525965240989021
2026-03-23 23:15:00,2.392006667,2.311834529927143,0.0801721370728572
2026-03-23 23:30:00,1.919193333,2.176845283548604,0.2576519505486039
2026-03-23 23:45:00,1.4621,1.8292272307686657,0.3671272307686657
2026-03-24 00:00:00,1.536943333,1.3521533813901692,0.1847899516098308
2026-03-24 00:15:00,1.509463333,1.4708529610307775,0.03861037196922257
2026-03-24 00:30:00,1.68345,1.403635416896621,0.2798145831033789
2026-03-24 00:45:00,1.664753333,1.5591129782259046,0.10564035477409539
2026-03-24 01:00:00,1.37936,1.4714734812300436,0.0921134812300437
2026-03-24 01:15:00,1.365823333,1.3318147388337616,0.03400859416623847
2026-03-24 01:30:00,1.43326,1.520070437343822,0.0868104373438221
2026-03-24 01:45:00,1.39361,1.7233150373841561,0.32970503738415613
2026-03-24 02:00:00,1.43223,1.7679386079537813,0.33570860795378143
2026-03-24 02:15:00,1.331716667,1.5433075243403285,0.21159085734032845
2026-03-24 02:30:00,1.43702,1.6954652836854174,0.2584452836854174
2026-03-24 02:45:00,1.581026667,1.623428575066673,0.0424019080666731
2026-03-24 03:00:00,1.628526667,1.7801209786099315,0.15159431160993142
2026-03-24 03:15:00,1.884796667,1.7968773299799368,0.08791933702006327
2026-03-24 03:30:00,1.74428,1.6414878077339707,0.10279219226602931
2026-03-24 03:45:00,1.770586667,1.6607435963275858,0.10984307067241406
2026-03-24 04:00:00,1.576093333,1.762935175508384,0.18684184250838398
2026-03-24 04:15:00,1.75743,1.570844020516973,0.18658597948302713
2026-03-24 04:30:00,1.898116667,1.6907565598631087,0.20736010713689135
2026-03-24 04:45:00,1.78739,1.7662105728898077,0.021179427110192384
2026-03-24 05:00:00,1.572573333,1.801897723104804,0.22932439010480388
2026-03-24 05:15:00,1.880326667,1.660006553086947,0.22032011391305306
2026-03-24 05:30:00,1.946746667,1.8508929286241869,0.09585373837581312
2026-03-24 05:45:00,1.89117,1.881626542736445,0.0095434572635551
2026-03-24 06:00:00,1.678623333,1.931555365017753,0.25293203201775305
2026-03-24 06:15:00,1.81602,1.9020427180697947,0.08602271806979478
2026-03-24 06:30:00,1.849883333,1.969428319211241,0.11954498621124099
2026-03-24 06:45:00,1.860066667,2.0268853710756827,0.16681870407568278
2026-03-24 07:00:00,1.856656667,2.0944117848551547,0.23775511785515469
2026-03-24 07:15:00,1.920393333,2.1334460136820845,0.2130526806820845
2026-03-24 07:30:00,1.624543333,2.4365410443580116,0.8119977113580115
2026-03-24 07:45:00,2.66021,2.122341796424278,0.5378682035757221
2026-03-24 08:00:00,0.976256667,2.1942070440395747,1.2179503770395748
2026-03-24 08:15:00,1.171756667,1.4718146137088481,0.3000579467088482
2026-03-24 08:30:00,1.310896667,1.6259146604641739,0.3150179934641739
2026-03-24 08:45:00,0.867596667,1.676409538916935,0.8088128719169349
2026-03-24 09:00:00,0.460346667,1.1770187031917112,0.7166720361917112
2026-03-24 09:15:00,0.008118922,0.9880479191023831,0.9799289971023831
2026-03-24 09:30:00,-0.000397824,0.41401589233268743,0.4144137163326874
2026-03-24 09:45:00,6.85762e-05,0.39545515599416914,0.39538657979416914
2026-03-24 10:00:00,0.000212421,0.2543575804045318,0.2541451594045318
2026-03-24 10:15:00,0.000107801,0.25690709689378116,0.25679929589378114
2026-03-24 10:30:00,1.960778225,0.8137626951275864,1.1470155298724136
2026-03-24 10:45:00,9.073746667,4.003183691290914,5.070562975709086
2026-03-24 11:00:00,10.54295667,7.979059301963508,2.5638973680364927
2026-03-24 11:15:00,10.16781333,9.338365307242029,0.8294480227579708
2026-03-24 11:30:00,10.07066667,9.327640944008788,0.7430257259912114
2026-03-24 11:45:00,9.959106667,8.07720575494018,1.8819009120598196
2026-03-24 12:00:00,9.305876667,7.888279187955326,1.417597479044674
2026-03-24 12:15:00,5.728433333,6.876119500469354,1.1476861674693541
2026-03-24 12:30:00,3.557893333,4.443039297660087,0.8851459646600874
2026-03-24 12:45:00,5.630376667,3.5711635379464424,2.059213129053558
2026-03-24 13:00:00,4.020853333,4.068110704938423,0.047257371938423276
2026-03-24 13:15:00,5.20726,2.9033239311224284,2.3039360688775714
2026-03-24 13:30:00,4.470063333,3.8040492047480425,0.6660141282519572
2026-03-24 13:45:00,2.07529,3.9079757343399937,1.8326857343399938
2026-03-24 14:00:00,5.199473333,2.2568889916029398,2.9425843413970605
2026-03-24 14:15:00,1.123813333,4.3591654108440006,3.2353520778440004
2026-03-24 14:30:00,3.489916667,1.0192012300305862,2.4707154369694138
2026-03-24 14:45:00,0.794566667,2.4088246999058636,1.6142580329058636
2026-03-24 15:00:00,2.071376667,1.4983096123877262,0.5730670546122738
2026-03-24 15:15:00,2.192446667,2.128805894081605,0.06364077291839498
2026-03-24 15:30:00,2.074053333,2.054375144941065,0.019678188058934953
2026-03-24 15:45:00,1.995633333,2.2719506217320604,0.2763172887320604
2026-03-24 16:00:00,1.332193333,1.9159646979915075,0.5837713649915075
2026-03-24 16:15:00,4.29597,2.173965475747066,2.1220045242529335
2026-03-24 16:30:00,4.41068,3.624178081460772,0.7865019185392281
2026-03-24 16:45:00,2.71427,3.961873951937092,1.247603951937092
2026-03-24 17:00:00,2.526303333,2.604614448108283,0.07831111510828315
2026-03-24 17:15:00,3.72555,2.728426546626915,0.9971234533730851
2026-03-24 17:30:00,3.424093333,3.638529770076647,0.21443643707664695
2026-03-24 17:45:00,3.623686667,3.5221894622154504,0.10149720478454949
2026-03-24 18:00:00,3.93416,3.3727496177809284,0.5614103822190715
2026-03-24 18:15:00,1.675913333,3.189549041406734,1.513635708406734
2026-03-24 18:30:00,1.669186667,2.082176730755274,0.41299006375527414
2026-03-24 18:45:00,1.482423333,1.8780368911100556,0.3956135581100555
2026-03-24 19:00:00,1.483483333,1.312797042441553,0.17068629055844697
2026-03-24 19:15:00,1.844696667,1.5662796332043305,0.2784170337956695
2026-03-24 19:30:00,2.32216,1.881626871706775,0.4405331282932248
2026-03-24 19:45:00,2.3668,2.2028109515897047,0.16398904841029527
2026-03-24 20:00:00,2.693223333,2.301325053753891,0.3918982792461092
2026-03-24 20:15:00,2.744156667,2.5555867708136146,0.1885698961863853
2026-03-24 20:30:00,1.414306667,2.5410342417730836,1.1267275747730836
2026-03-24 20:45:00,1.74525,1.939942635429184,0.19469263542918402
2026-03-24 21:00:00,2.242396667,2.2298497384629083,0.012546928537091606
2026-03-24 21:15:00,2.07187,2.583234125047097,0.511364125047097
2026-03-24 21:30:00,2.01753,2.352046977401725,0.33451697740172515
2026-03-24 21:45:00,1.998196667,2.444457508566835,0.4462608415668352
2026-03-24 22:00:00,2.036003333,2.0321311940886893,0.003872138911310774
2026-03-24 22:15:00,2.008393333,2.0761061002343575,0.0677127672343576
2026-03-24 22:30:00,1.980176667,2.3166124665259784,0.33643579952597835
2026-03-24 22:45:00,1.800856667,1.9942337487759774,0.19337708177597746
2026-03-24 23:00:00,1.300646667,1.8478190560590846,0.5471723890590845
2026-03-24 23:15:00,1.437666667,1.5672321748582378,0.12956550785823784
2026-03-24 23:30:00,1.14797,1.493270938248198,0.34530093824819796
2026-03-24 23:45:00,1.33242,1.3034586689944487,0.028961331005551205
2026-03-25 00:00:00,1.438236667,1.1455066730273058,0.29272999397269417
2026-03-25 00:15:00,1.01442,1.2178113879505457,0.20339138795054557
2026-03-25 00:30:00,1.027913333,1.0067169948600394,0.02119633813996069
2026-03-25 00:45:00,1.283936667,1.0834044348288485,0.20053223217115157
2026-03-25 01:00:00,1.165573333,1.204131021477501,0.03855768847750096
2026-03-25 01:15:00,1.042666667,1.1392572935461909,0.09659062654619088
2026-03-25 01:30:00,1.1568,1.1411469249561743,0.015653075043825737
2026-03-25 01:45:00,1.26025,1.2398363843678737,0.020413615632126403
2026-03-25 02:00:00,1.132726667,1.317774588933219,0.18504792193321906
2026-03-25 02:15:00,0.99239,1.2764416101968918,0.28405161019689185
2026-03-25 02:30:00,1.085996667,1.1477874695490273,0.061790802549027246
2026-03-25 02:45:00,1.113023333,1.2458641323528943,0.1328407993528944
2026-03-25 03:00:00,1.15119,1.3356070930476518,0.18441709304765186
2026-03-25 03:15:00,0.932436667,1.2015632461247108,0.2691265791247107
2026-03-25 03:30:00,1.138916667,0.9849084403479726,0.1540082266520273
2026-03-25 03:45:00,1.300676667,1.1699187966249258,0.13075787037507425
2026-03-25 04:00:00,1.203123333,1.240580623011673,0.03745729001167297
2026-03-25 04:15:00,1.013316667,1.2105903813829608,0.19727371438296082
2026-03-25 04:30:00,1.09869,1.031328901846987,0.06736109815301305
2026-03-25 04:45:00,1.04511,1.1027441633250297,0.057634163325029686
2026-03-25 05:00:00,1.34852,1.1042132976182815,0.24430670238171848
2026-03-25 05:15:00,1.012636667,1.2374268813711735,0.22479021437117352
2026-03-25 05:30:00,1.154256667,1.0480847272911658,0.10617193970883432
2026-03-25 05:45:00,1.047116667,1.1220796190795788,0.0749629520795787
2026-03-25 06:00:00,1.30957,1.1328363347609374,0.17673366523906253
2026-03-25 06:15:00,0.853533333,1.252829802397532,0.39929646939753194
2026-03-25 06:30:00,1.13324,1.0186101816259223,0.11462981837407771
2026-03-25 06:45:00,1.158616667,1.1416207006998087,0.01699596630019129
2026-03-25 07:00:00,1.35996,1.2470565141927772,0.11290348580722287
2026-03-25 07:15:00,0.75053,1.4383822955949204,0.6878522955949203
2026-03-25 07:30:00,0.76349,1.3718975698273472,0.6084075698273472
2026-03-25 07:45:00,3.663406667,2.348183151819313,1.315223515180687
2026-03-25 08:00:00,1.061836667,2.2615799801149716,1.1997433131149717
2026-03-25 08:15:00,1.522476667,1.3201001669187444,0.20237650008125563
2026-03-25 08:30:00,1.647956667,1.5787313282624194,0.06922533873758074
2026-03-25 08:45:00,2.688073333,1.939070573949042,0.7490027590509583
2026-03-25 09:00:00,7.100913333,3.10370536006947,3.9972079729305303
2026-03-25 09:15:00,6.012253333,5.537390100523231,0.4748632324767694
2026-03-25 09:30:00,4.07465,5.364243540448907,1.289593540448907
2026-03-25 09:45:00,3.151446667,3.8851425705986236,0.7336959035986235
2026-03-25 10:00:00,2.679466667,2.432094517422495,0.24737214957750497
2026-03-25 10:15:00,3.784023333,2.1325915100702777,1.6514318229297222
2026-03-25 10:30:00,3.772756667,3.689524341113873,0.08323232588612672
2026-03-25 10:45:00,3.604006667,3.0072033109667533,0.5968033560332469
2026-03-25 11:00:00,2.79725,2.3483307402970226,0.4489192597029774
2026-03-25 11:15:00,3.416323333,2.562263236098917,0.8540600969010828
2026-03-25 11:30:00,3.121083333,2.6760808496377058,0.4450024833622943
2026-03-25 11:45:00,6.29902,3.203451536163066,3.0955684638369334
2026-03-25 12:00:00,8.3608,6.493053088038043,1.867746911961956
2026-03-25 12:15:00,9.024656667,7.75932215372285,1.2653345132771507
2026-03-25 12:30:00,11.09430333,7.614998396634717,3.4793049333652837
2026-03-25 12:45:00,11.55514667,9.683435665487384,1.8717110045126155
2026-03-25 13:00:00,9.90565,9.156967673015787,0.7486823269842127
2026-03-25 13:15:00,8.20319,7.754655790337548,0.4485342096624514
2026-03-25 13:30:00,6.54224,7.191493008164093,0.6492530081640933
2026-03-25 13:45:00,4.849656667,5.335438792638577,0.48578212563857726
2026-03-25 14:00:00,1.60916636,4.395088012442383,2.785921652442383
2026-03-25 14:15:00,2.364444641,2.0064871741739876,0.35795746682601237
2026-03-25 14:30:00,1.032823553,2.1238287167865884,1.0910051637865883
2026-03-25 14:45:00,1.606173333,1.4228578724900929,0.1833154605099072
2026-03-25 15:00:00,2.222643333,2.1441631276453665,0.07848020535463363
2026-03-25 15:15:00,1.927970863,2.1883416265873548,0.26037076358735467
2026-03-25 15:30:00,4.864823333,2.164137488466372,2.7006858445336284
2026-03-25 15:45:00,5.4763,4.5779679419619255,0.8983320580380747
2026-03-25 16:00:00,2.553223333,4.406337342599688,1.8531140095996879
2026-03-25 16:15:00,3.602123333,2.9744729838357418,0.6276503491642584
2026-03-25 16:30:00,8.035973333,3.424803385888696,4.6111699471113035
2026-03-25 16:45:00,5.84708,6.4238499193528,0.5767699193527998
2026-03-25 17:00:00,6.00183,5.901988732228321,0.09984126777167912
2026-03-25 17:15:00,5.99623,5.66760386503686,0.3286261349631401
2026-03-25 17:30:00,6.838653333,5.7299615228310925,1.1086918101689074
2026-03-25 17:45:00,3.67215,5.828353171832133,2.1562031718321335
2026-03-25 18:00:00,7.29374,4.907408314436177,2.386331685563823
2026-03-25 18:15:00,5.399433333,5.794759571946426,0.39532623894642605
2026-03-25 18:30:00,1.966201957,4.558574929140083,2.592372972140083
2026-03-25 18:45:00,5.127633333,2.6228139711316785,2.504819361868322
2026-03-25 19:00:00,5.523336667,4.939381935629858,0.5839547313701416
2026-03-25 19:15:00,5.736693333,5.389898771232271,0.34679456176772927
2026-03-25 19:30:00,6.08286,5.223609827073725,0.8592501729262754
2026-03-25 19:45:00,6.279913333,5.3941063073472835,0.8858070256527162
2026-03-25 20:00:00,4.1328,5.343106172016824,1.210306172016824
2026-03-25 20:15:00,6.51497,3.7370992458802252,2.7778707541197747
2026-03-25 20:30:00,3.665283333,5.824002179481128,2.1587188464811278
2026-03-25 20:45:00,6.609033333,3.826807403008265,2.782225929991735
2026-03-25 21:00:00,3.32223,5.228131759119931,1.905901759119931
2026-03-25 21:15:00,2.744473333,3.0236086808418228,0.2791353478418226
2026-03-25 21:30:00,1.988603333,2.629126921660562,0.640523588660562
2026-03-25 21:45:00,2.00345,2.403035174039527,0.39958517403952687
2026-03-25 22:00:00,2.09211,2.3421049530141747,0.24999495301417474
2026-03-25 22:15:00,2.183693333,2.339107254178663,0.15541392117866293
2026-03-25 22:30:00,1.986423333,2.3922921907535852,0.40586885775358517
2026-03-25 22:45:00,2.095463333,1.9679713329996797,0.12749200000032035
2026-03-25 23:00:00,1.742213333,2.0238950384170247,0.28168170541702464
2026-03-25 23:15:00,1.850826667,1.7634491850239111,0.08737748197608886
2026-03-25 23:30:00,1.436893333,1.7325752667260554,0.29568193372605545
2026-03-25 23:45:00,1.603343333,1.571677351386641,0.03166598161335887
2026-03-26 00:00:00,1.221326667,1.4178553881323157,0.19652872113231568
2026-03-26 00:15:00,1.66555,1.242010973287439,0.42353902671256116
2026-03-26 00:30:00,1.534113333,1.6442166476946256,0.11010331469462553
2026-03-26 00:45:00,1.43152,1.4479344702765873,0.01641447027658738
2026-03-26 01:00:00,1.06118,1.3821848607193166,0.32100486071931655
2026-03-26 01:15:00,1.268266667,1.1620114514347883,0.10625521556521167
2026-03-26 01:30:00,1.197193333,1.3194757785610511,0.12228244556105117
2026-03-26 01:45:00,1.241906667,1.298582505925626,0.05667583892562589
2026-03-26 02:00:00,1.12613,1.2322680149084566,0.10613801490845653
2026-03-26 02:15:00,1.369943333,1.196205375109695,0.17373795789030488
2026-03-26 02:30:00,1.195706667,1.2867990993824203,0.09109243238242026
2026-03-26 02:45:00,1.20732,1.251366556342544,0.04404655634254406
2026-03-26 03:00:00,1.226233333,1.3143403139205292,0.08810698092052927
2026-03-26 03:15:00,1.391343333,1.274739760915587,0.11660357208441297
2026-03-26 03:30:00,0.993793333,1.3480768212725194,0.35428348827251943
2026-03-26 03:45:00,1.11302,1.1268156222257426,0.01379562222574271
2026-03-26 04:00:00,1.100346667,1.3303916610414859,0.23004499404148593
2026-03-26 04:15:00,1.408726667,1.1478803610631187,0.2608463059368813
2026-03-26 04:30:00,0.897776667,1.4007084267894683,0.5029317597894682
2026-03-26 04:45:00,1.060133333,1.005717048641264,0.05441628435873591
2026-03-26 05:00:00,1.126553333,1.160678417001422,0.034125084001422
2026-03-26 05:15:00,1.12702,1.1554378318614944,0.02841783186149449
2026-03-26 05:30:00,1.220453333,1.178547106502179,0.04190622649782094
2026-03-26 05:45:00,1.252886667,1.2289325354545848,0.023954131545415258
2026-03-26 06:00:00,0.943683333,1.2470478507539986,0.30336451775399864
2026-03-26 06:15:00,1.160996667,1.024306539268133,0.13669012773186706
2026-03-26 06:30:00,1.11449,1.187798005046252,0.07330800504625201
2026-03-26 06:45:00,1.29125,1.1982617535413196,0.09298824645868042
2026-03-26 07:00:00,1.062426667,1.8440896779924016,0.7816630109924017
2026-03-26 07:15:00,1.077786667,1.188188069257679,0.11040140225767892
2026-03-26 07:30:00,2.604146667,1.6604647426989165,0.9436819243010837
2026-03-26 07:45:00,3.028393333,2.8445778248559295,0.18381550814407044
2026-03-26 08:00:00,1.224823333,2.07073124228836,0.8459079092883599
2026-03-26 08:15:00,4.49292,1.8338320855944887,2.659087914405511
2026-03-26 08:30:00,2.78923,3.6252659730250016,0.8360359730250018
2026-03-26 08:45:00,3.521246667,2.7569778054415206,0.7642688615584796
2026-03-26 09:00:00,3.831063333,3.4015000449607884,0.4295632880392115
2026-03-26 09:15:00,3.59988,3.7088017107261786,0.1089217107261784
2026-03-26 09:30:00,3.707066667,3.6189945430335286,0.08807212396647124
2026-03-26 09:45:00,4.01568,3.9949077632767143,0.02077223672328543
2026-03-26 10:00:00,3.418216667,3.4549324496474565,0.036715782647456674
2026-03-26 10:15:00,2.105683333,2.7309784777072244,0.6252951447072244
2026-03-26 10:30:00,0.043600211,1.7898771421217061,1.7462769311217061
2026-03-26 10:45:00,2.39424,1.0297286650868032,1.3645113349131968
2026-03-26 11:00:00,2.699246667,1.6373191738962236,1.0619274931037765
2026-03-26 11:15:00,1.650426667,1.8769555334036696,0.22652886640366954
2026-03-26 11:30:00,1.77347,3.03503897819257,1.26156897819257
2026-03-26 11:45:00,6.803763333,4.421175259861121,2.382588073138879
2026-03-26 12:00:00,13.39581667,9.317609736226125,4.078206933773876
2026-03-26 12:15:00,12.96524,10.902510748787938,2.062729251212062
2026-03-26 12:30:00,11.14216667,11.452815410966776,0.3106487409667764
2026-03-26 12:45:00,12.03185667,10.949051879506156,1.082804790493844
2026-03-26 13:00:00,9.07488,8.783207939317101,0.29167206068289886
2026-03-26 13:15:00,5.825686667,8.511557839055644,2.685871172055644
2026-03-26 13:30:00,9.3387,6.634648452334002,2.7040515476659976
2026-03-26 13:45:00,9.01146,7.0835103156168095,1.92794968438319
2026-03-26 14:00:00,7.02241,7.499168061588258,0.4767580615882583
2026-03-26 14:15:00,3.935563333,5.445277475643891,1.5097141426438911
2026-03-26 14:30:00,3.11469,3.448109699939668,0.33341969993966813
2026-03-26 14:45:00,1.969925547,3.537509034568932,1.567583487568932
2026-03-26 15:00:00,1.061543333,2.298568349025515,1.2370250160255152
2026-03-26 15:15:00,0.50903352,1.8478878776203576,1.3388543576203575
2026-03-26 15:30:00,1.98379,1.744512627098391,0.2392773729016089
2026-03-26 15:45:00,6.25053,2.715170609665897,3.5353593903341034
2026-03-26 16:00:00,8.08042,6.016001813726684,2.0644181862733157
2026-03-26 16:15:00,8.437683333,7.24224174722376,1.1954415857762406
2026-03-26 16:30:00,8.161666667,7.508547323551785,0.6531193434482159
2026-03-26 16:45:00,4.97160268,6.548863548412739,1.577260868412739
2026-03-26 17:00:00,3.611653333,4.752673338321953,1.1410200053219532
2026-03-26 17:15:00,4.630788908,4.077897217891432,0.5528916901085683
2026-03-26 17:30:00,3.811852721,3.692529298710736,0.11932342228926407
2026-03-26 17:45:00,3.047353333,4.008545292278286,0.9611919592782856
2026-03-26 18:00:00,4.550506667,3.4306612848595814,1.1198453821404182
2026-03-26 18:15:00,4.9112,4.367648011492165,0.5435519885078346
2026-03-26 18:30:00,7.325763333,4.857207749205326,2.468555583794674
2026-03-26 18:45:00,7.743863333,6.630224036041683,1.1136392969583175
2026-03-26 19:00:00,6.12411,6.2571640153355075,0.13305401533550754
2026-03-26 19:15:00,5.572273333,5.436355035602545,0.1359182973974553
2026-03-26 19:30:00,5.85536,4.974726050841977,0.8806339491580228
2026-03-26 19:45:00,5.163866667,5.257423065835211,0.0935563988352115
2026-03-26 20:00:00,4.979586667,4.496142377870905,0.4834442891290953
2026-03-26 20:15:00,4.832193333,4.1108968374414605,0.7212964955585397
2026-03-26 20:30:00,4.935516667,4.1764009644699325,0.7591157025300674
2026-03-26 20:45:00,5.389793333,4.301390372155551,1.0884029608444488
2026-03-26 21:00:00,4.902116667,4.889342260355271,0.012774406644728842
2026-03-26 21:15:00,6.281986667,4.16216943118311,2.11981723581689
2026-03-26 21:30:00,5.187393333,4.957986827317968,0.22940650568203225
2026-03-26 21:45:00,5.360066667,4.422739310404597,0.9373273565954028
2026-03-26 22:00:00,5.110003333,4.574236598256294,0.5357667347437056
2026-03-26 22:15:00,5.328463333,4.379965190033525,0.9484981429664749
2026-03-26 22:30:00,5.33218,4.855547609594114,0.4766323904058858
2026-03-26 22:45:00,5.610463333,4.702516944111877,0.9079463888881234
2026-03-26 23:00:00,5.601346667,5.048479106659011,0.5528675603409887
2026-03-26 23:15:00,5.2278,4.9258706935132155,0.30192930648678473
2026-03-26 23:30:00,5.012183333,4.779401013625586,0.2327823193744143
2026-03-26 23:45:00,5.216313333,4.350458735293607,0.8658545977063934
2026-03-27 00:00:00,5.015343333,4.4882764421497985,0.5270668908502012
2026-03-27 00:15:00,4.87835,4.447530203407338,0.43081979659266256
2026-03-27 00:30:00,4.568086667,4.324171188382836,0.243915478617164
2026-03-27 00:45:00,5.006166667,4.1572633367819005,0.848903330218099
2026-03-27 01:00:00,4.774163333,4.558840943044318,0.21532238995568154
2026-03-27 01:15:00,4.40156,4.635102923742176,0.233542923742176
2026-03-27 01:30:00,4.465166667,4.170542391415671,0.29462427558432935
2026-03-27 01:45:00,4.506583333,4.168862324448288,0.3377210085517124
2026-03-27 02:00:00,4.42662,4.156157881002311,0.27046211899768835
2026-03-27 02:15:00,4.878833333,4.193875422846552,0.6849579101534484
2026-03-27 02:30:00,4.6495,4.959232519753977,0.3097325197539771
2026-03-27 02:45:00,4.643443333,4.463317947700282,0.18012538529971778
2026-03-27 03:00:00,4.49884,4.61101317174188,0.11217317174187968
2026-03-27 03:15:00,4.842426667,4.443449163756866,0.39897750324313375
2026-03-27 03:30:00,4.37625,4.985606489036603,0.6093564890366032
2026-03-27 03:45:00,4.973876667,4.023082565604179,0.9507941013958208
2026-03-27 04:00:00,4.64027,4.589369193773887,0.05090080622611293
2026-03-27 04:15:00,4.914743333,3.896854576979851,1.0178887560201488
2026-03-27 04:30:00,4.426773333,4.150794858305712,0.2759784746942877
2026-03-27 04:45:00,4.842483333,3.716859765801161,1.1256235671988386
2026-03-27 05:00:00,5.054433333,4.310449362669663,0.743983970330337
2026-03-27 05:15:00,4.63054,4.431555110028968,0.19898488997103225
2026-03-27 05:30:00,2.272553333,3.9402300675241495,1.6676767345241497
2026-03-27 05:45:00,1.265433333,1.9933075806357627,0.7278742476357627
2026-03-27 06:00:00,2.65502,1.758182242665133,0.8968377573348669
2026-03-27 06:15:00,4.652813333,2.8339312272152855,1.8188821057847147
2026-03-27 06:30:00,4.563486667,4.161045678801726,0.4024409881982747
2026-03-27 06:45:00,4.89787,4.126623969645804,0.7712460303541961
2026-03-27 07:00:00,4.47472,4.775729526998574,0.3010095269985742
2026-03-27 07:15:00,4.749313333,4.23858703047508,0.5107263025249198
2026-03-27 07:30:00,5.444036667,5.116161757379619,0.32787490962038035
2026-03-27 07:45:00,7.790016667,5.434769893288165,2.3552467737118343
2026-03-27 08:00:00,5.143446667,7.05230704452497,1.9088603775249702
2026-03-27 08:15:00,5.112036667,4.626580328034017,0.4854563389659825
2026-03-27 08:30:00,5.399186667,4.752181417053516,0.647005249946484
2026-03-27 08:45:00,5.673533333,4.886576670890204,0.7869566621097963
2026-03-27 09:00:00,3.665213333,5.095902876418541,1.430689543418541
2026-03-27 09:15:00,2.683743333,3.5106265658706652,0.8268832328706655
2026-03-27 09:30:00,2.9744,2.808860426725442,0.16553957327455837
2026-03-27 09:45:00,2.147013333,2.9905852332936456,0.8435719002936457
2026-03-27 10:00:00,3.326576667,2.0956439904683166,1.2309326765316833
2026-03-27 10:15:00,2.309906667,2.7911958125544145,0.4812891455544146
2026-03-27 10:30:00,4.594543333,2.4761778460587824,2.1183654869412174
2026-03-27 10:45:00,2.577076667,3.5556017036382737,0.9785250366382736
2026-03-27 11:00:00,1.695803333,1.6674729279686573,0.028330405031342654
2026-03-27 11:15:00,1.276336667,1.6058829327461792,0.3295462657461792
2026-03-27 11:30:00,0.289620976,1.5123660762781728,1.2227451002781728
2026-03-27 11:45:00,3.145795062,2.7095193004476674,0.4362757615523325
2026-03-27 12:00:00,12.27002,6.492393419827228,5.777626580172773
2026-03-27 12:15:00,9.039503333,11.025637564015728,1.9861342310157273
2026-03-27 12:30:00,10.33961,10.008077274580872,0.3315327254191285
2026-03-27 12:45:00,10.31372,10.028071806433749,0.28564819356625115
2026-03-27 13:00:00,9.64884,8.616168380667407,1.0326716193325929
2026-03-27 13:15:00,6.703883333,6.8166357795930805,0.11275244659308026
2026-03-27 13:30:00,6.71761,5.681817543337108,1.0357924566628913
2026-03-27 13:45:00,4.897573333,4.689040298423538,0.20853303457646266
2026-03-27 14:00:00,3.286873333,3.096942829268702,0.18993050373129794
2026-03-27 14:15:00,1.762486667,2.5335302210698276,0.7710435540698277
2026-03-27 14:30:00,1.533776667,1.5237252073098708,0.010051459690129105
2026-03-27 14:45:00,1.699856667,1.7043768390348646,0.004520172034864656
2026-03-27 15:00:00,1.27469138,1.8297060380301549,0.5550146580301549
2026-03-27 15:15:00,1.374956169,1.2160769641145093,0.1588792048854908
2026-03-27 15:30:00,0.531609568,1.3679379950702013,0.8363284270702013
2026-03-27 15:45:00,1.187657854,1.2630971227035732,0.0754392687035732
2026-03-27 16:00:00,0.675347996,1.1472921158818876,0.47194411988188767
2026-03-27 16:15:00,0.726811296,1.3372153035380872,0.6104040075380871
2026-03-27 16:30:00,1.29944056,1.4193883867886783,0.11994782678867821
2026-03-27 16:45:00,0.820586667,1.5634837542130855,0.7428970872130854
2026-03-27 17:00:00,1.476103333,1.3581538450763846,0.11794948792361537
2026-03-27 17:15:00,2.213146667,1.9958205279658818,0.21732613903411835
2026-03-27 17:30:00,3.433263333,2.135421088692241,1.297842244307759
2026-03-27 17:45:00,3.07424,2.6320042910123798,0.4422357089876203
2026-03-27 18:00:00,2.962356667,2.499561787663039,0.46279487933696073
2026-03-27 18:15:00,0.912293333,1.7958972071268118,0.8836038741268117
2026-03-27 18:30:00,1.467676667,1.4570471256154627,0.010629541384537422
2026-03-27 18:45:00,1.026093333,1.4180835297053533,0.3919901967053534
2026-03-27 19:00:00,0.656666667,1.4163670189069915,0.7597003519069915
2026-03-27 19:15:00,1.13152,1.3432891497487491,0.21176914974874905
2026-03-27 19:30:00,1.616596667,1.528922853980136,0.08767381301986399
2026-03-27 19:45:00,2.005296667,2.054328783138329,0.049032116138328696
2026-03-27 20:00:00,2.296433333,2.2858791170335793,0.0105542159664207
2026-03-27 20:15:00,1.85213,2.5233727654138693,0.6712427654138693
2026-03-27 20:30:00,1.576603333,2.2525946251924935,0.6759912921924935
2026-03-27 20:45:00,1.817096667,2.2145233305349814,0.39742666353498146
2026-03-27 21:00:00,1.975426667,2.810024829113806,0.8345981621138059
2026-03-27 21:15:00,2.23335,2.5628642982366703,0.3295142982366701
2026-03-27 21:30:00,2.776963333,2.744673571652047,0.032289761347952695
2026-03-27 21:45:00,1.99482,3.0567696314586135,1.0619496314586134
2026-03-27 22:00:00,2.18691,2.066043908910204,0.12086609108979607
2026-03-27 22:15:00,1.918783333,2.250522402163592,0.33173906916359197
2026-03-27 22:30:00,1.96206,1.9116238045670568,0.05043619543294309
2026-03-27 22:45:00,1.70488,1.9240554683855298,0.21917546838552981
2026-03-27 23:00:00,1.300743333,1.7079652479562784,0.40722191495627835
2026-03-27 23:15:00,1.525223333,1.453491192263553,0.07173214073644707
2026-03-27 23:30:00,1.346593333,1.621780805313385,0.27518747231338514
2026-03-27 23:45:00,1.667883333,1.5855679992339933,0.08231533376600675
2026-03-28 00:00:00,1.17615,1.2942790621048732,0.11812906210487317
2026-03-28 00:15:00,1.170556667,1.186579451758405,0.016022784758404907
2026-03-28 00:30:00,1.343263333,1.1785112742621948,0.16475205873780507
2026-03-28 00:45:00,1.192083333,1.2694179696684533,0.0773346366684533
2026-03-28 01:00:00,1.163853333,1.0582622730545617,0.10559105994543838
2026-03-28 01:15:00,0.997043333,1.0578975693362682,0.060854236336268186
2026-03-28 01:30:00,1.394313333,1.065572660701789,0.3287406722982109
2026-03-28 01:45:00,1.014706667,1.434641257175993,0.419934590175993
2026-03-28 02:00:00,1.10911,1.3092528054038843,0.2001428054038843
2026-03-28 02:15:00,1.01768,1.2619703154100204,0.24429031541002044
2026-03-28 02:30:00,1.15602,1.2028345369424986,0.0468145369424986
2026-03-28 02:45:00,1.179243333,1.0931552236285893,0.08608810937141076
2026-03-28 03:00:00,0.95943,1.1446571753083636,0.18522717530836363
2026-03-28 03:15:00,1.21257,1.1432372103936241,0.06933278960637579
2026-03-28 03:30:00,1.151946667,1.3262372785406955,0.17429061154069547
2026-03-28 03:45:00,1.13703,1.1720869575816177,0.035056957581617754
2026-03-28 04:00:00,1.003806667,1.3621969534470144,0.3583902864470143
2026-03-28 04:15:00,0.989453333,1.2292279789981437,0.2397746459981437
2026-03-28 04:30:00,1.132686667,1.13106597843287,0.0016206885671299354
2026-03-28 04:45:00,1.0911,1.1413825127957875,0.05028251279578755
2026-03-28 05:00:00,1.194543333,1.128235362275163,0.06630797072483685
2026-03-28 05:15:00,0.953636667,1.1334393162517191,0.17980264925171907
2026-03-28 05:30:00,1.107433333,0.9785573100929255,0.12887602290707445
2026-03-28 05:45:00,1.207733333,1.1384322562584481,0.06930107674155184
2026-03-28 06:00:00,0.987926667,1.209005967501616,0.22107930050161606
2026-03-28 06:15:00,1.064603333,1.0385482671306927,0.02605506586930728
2026-03-28 06:30:00,1.056223333,1.0574689408030673,0.0012456078030673723
2026-03-28 06:45:00,1.099166667,1.093057734493996,0.006108932506003972
2026-03-28 07:00:00,1.027676667,1.2885203478904392,0.2608436808904393
2026-03-28 07:15:00,0.878316667,1.1928530590657782,0.3145363920657782
2026-03-28 07:30:00,2.86603,1.4573113530054318,1.408718646994568
2026-03-28 07:45:00,3.529693333,2.280003415134434,1.2496899178655658
2026-03-28 08:00:00,1.215023333,1.7537783665806799,0.5387550335806799
2026-03-28 08:15:00,1.51266,1.7324109291002414,0.21975092910024152
2026-03-28 08:30:00,0.83868,2.1093063249161585,1.2706263249161585
2026-03-28 08:45:00,1.942678002,1.9268430177164435,0.015834984283556564
2026-03-28 09:00:00,4.932496667,2.56841976571052,2.36407690128948
2026-03-28 09:15:00,5.24298,4.105254943866976,1.137725056133024
2026-03-28 09:30:00,3.840313333,4.6828592352975145,0.8425459022975144
2026-03-28 09:45:00,2.625566667,3.662945027073355,1.0373783600733546
2026-03-28 10:00:00,1.057486015,1.8726986628606894,0.8152126478606894
2026-03-28 10:15:00,0.000150117,0.9745338992990619,0.9743837822990619
2026-03-28 10:30:00,0.941463893,0.6890035202373558,0.2524603727626442
2026-03-28 10:45:00,6.51053,2.6066394888799502,3.90389051112005
2026-03-28 11:00:00,7.352563333,7.010707001603734,0.3418563313962659
2026-03-28 11:15:00,6.219133333,7.631572887192172,1.4124395541921722
2026-03-28 11:30:00,7.472443333,6.578907822331124,0.893535510668876
2026-03-28 11:45:00,7.358246667,6.88208189816834,0.47616476883166037
2026-03-28 12:00:00,8.299326667,7.224683651253817,1.074643015746184
2026-03-28 12:15:00,6.833623333,8.63935334075973,1.8057300077597294
2026-03-28 12:30:00,7.823113333,8.350867206869896,0.5277538738698961
2026-03-28 12:45:00,6.56908,9.777164445229408,3.2080844452294084
2026-03-28 13:00:00,8.402746667,6.988269991650751,1.41447667534925
2026-03-28 13:15:00,6.446766667,8.19466273438342,1.7478960673834205
2026-03-28 13:30:00,6.81113,7.208173458233997,0.39704345823399656
2026-03-28 13:45:00,7.308983333,6.531166466181422,0.7778168668185774
2026-03-28 14:00:00,6.5122,7.087478246778541,0.5752782467785407
2026-03-28 14:15:00,4.532765145,5.76856837581919,1.2358032308191902
2026-03-28 14:30:00,2.342783333,4.833351746041008,2.490568413041008
2026-03-28 14:45:00,0.603028242,2.705166121865082,2.102137879865082
2026-03-28 15:00:00,0.579874566,1.215470649075985,0.635596083075985
2026-03-28 15:15:00,1.189710755,1.5497157217689606,0.36000496676896065
2026-03-28 15:30:00,0.726317119,2.1294854840113118,1.4031683650113118
2026-03-28 15:45:00,2.137176667,1.6387432461289757,0.49843342087102416
2026-03-28 16:00:00,0.991468322,2.5161053270498006,1.5246370050498006
2026-03-28 16:15:00,5.68813,2.0363769869931305,3.6517530130068696
2026-03-28 16:30:00,6.151253333,5.884258120474236,0.26699521252576375
2026-03-28 16:45:00,6.053613333,6.105332364843446,0.051719031843445507
2026-03-28 17:00:00,3.549350003,5.919391555121498,2.3700415521214984
2026-03-28 17:15:00,5.502883333,5.322933221575959,0.1799501114240405
2026-03-28 17:30:00,4.526886667,6.218612136518241,1.691725469518241
2026-03-28 17:45:00,4.346826667,5.309427137229397,0.9626004702293969
2026-03-28 18:00:00,6.010263333,5.318452128499055,0.6918112045009455
2026-03-28 18:15:00,2.346691621,5.575865511983926,3.2291738909839256
2026-03-28 18:30:00,2.643292242,3.2892665943829646,0.6459743523829649
2026-03-28 18:45:00,4.454336667,3.413494580610924,1.040842086389076
2026-03-28 19:00:00,5.36609,4.652035271422927,0.7140547285770724
2026-03-28 19:15:00,3.57403,5.098002605012224,1.5239726050122235
2026-03-28 19:30:00,6.25677,4.247490487502702,2.009279512497298
2026-03-28 19:45:00,6.391273333,5.737736423871118,0.6535369091288823
2026-03-28 20:00:00,6.711296667,5.247343583803895,1.4639530831961052
2026-03-28 20:15:00,3.134983333,6.030800696434654,2.895817363434654
2026-03-28 20:30:00,2.486363333,3.2027090748314104,0.7163457418314105
2026-03-28 20:45:00,3.646346667,2.5765083607964603,1.0698383062035397
2026-03-28 21:00:00,3.43528,3.4156783318640693,0.019601668135930783
2026-03-28 21:15:00,2.214966667,3.03628429010314,0.8213176231031398
2026-03-28 21:30:00,2.628983333,2.5710877669579766,0.05789556604202328
2026-03-28 21:45:00,2.427016667,2.716259167786253,0.2892425007862527
2026-03-28 22:00:00,2.73082,2.479310795978783,0.25150920402121724
2026-03-28 22:15:00,2.42678,2.600764430758625,0.17398443075862513
2026-03-28 22:30:00,3.086493333,2.448107468250569,0.6383858647494312
2026-03-28 22:45:00,3.003613333,2.720515491045041,0.28309784195495924
2026-03-28 23:00:00,2.0918,2.7259741260284813,0.6341741260284812
2026-03-28 23:15:00,1.866173333,2.0171789910890494,0.1510056580890493
2026-03-28 23:30:00,1.705603333,1.9115136688481775,0.20591033584817753
2026-03-28 23:45:00,1.63331,1.7997867705622317,0.16647677056223165
2026-03-29 00:00:00,1.57786,1.5279682815708948,0.049891718429105225
2026-03-29 00:15:00,2.388086667,1.5187974269228768,0.8692892400771233
2026-03-29 00:30:00,1.885343333,2.081717352614169,0.19637401961416878
2026-03-29 00:45:00,1.604103333,1.7818595162674018,0.17775618326740172
2026-03-29 01:00:00,1.245703333,1.474112751947647,0.22840941894764688
2026-03-29 01:15:00,1.38035,1.275248723373346,0.10510127662665392
2026-03-29 01:30:00,1.3782,1.4696305440960287,0.09143054409602858
2026-03-29 01:45:00,1.347436667,1.334560102382042,0.012876564617958053
2026-03-29 02:00:00,1.14408,1.3914362631907997,0.24735626319079973
2026-03-29 02:15:00,1.03637,1.2265936594259552,0.1902236594259552
2026-03-29 02:30:00,1.107296667,1.1321557090584713,0.024859042058471337
2026-03-29 02:45:00,1.194766667,1.2932328225675498,0.0984661555675499
2026-03-29 03:00:00,1.235696667,1.3418860462044082,0.10618937920440819
2026-03-29 03:15:00,1.376986667,1.4281041732606883,0.05111750626068834
2026-03-29 03:30:00,1.45315,1.3889081800758112,0.06424181992418876
2026-03-29 03:45:00,1.114473333,1.3929855129590394,0.2785121799590393
2026-03-29 04:00:00,1.222253333,1.25538595707553,0.03313262407552986
2026-03-29 04:15:00,1.185806667,1.3065327056590927,0.1207260386590927
2026-03-29 04:30:00,1.146446667,1.2621152467650485,0.11566857976504852
2026-03-29 04:45:00,1.15971,1.2079122898875378,0.04820228988753783
2026-03-29 05:00:00,1.03136,1.2750932888970616,0.24373328889706158
2026-03-29 05:15:00,1.348416667,1.1295321022165294,0.21888456478347051
2026-03-29 05:30:00,1.55058,1.303581655008602,0.24699834499139817
2026-03-29 05:45:00,1.38676,1.3514315018000316,0.03532849819996842
2026-03-29 06:00:00,1.093473333,1.3593961260246117,0.26592279302461175
2026-03-29 06:15:00,0.993776667,1.2342894035994905,0.24051273659949046
2026-03-29 06:30:00,1.305106667,1.1130401770378966,0.1920664899621034
2026-03-29 06:45:00,1.283413333,1.3320245882580901,0.04861125525809018
2026-03-29 07:00:00,1.18806,1.4419885182786822,0.25392851827868235
2026-03-29 07:15:00,0.893296667,1.3298455553228432,0.4365488883228432
2026-03-29 07:30:00,1.322606667,1.5957094019990254,0.2731027349990254
2026-03-29 07:45:00,0.891396667,1.5915402386100244,0.7001435716100244
2026-03-29 08:00:00,1.036786667,1.1774455940291089,0.14065892702910876
2026-03-29 08:15:00,3.027683333,1.4235268493934812,1.604156483606519
2026-03-29 08:30:00,4.37768,3.138116012969338,1.2395639870306616
2026-03-29 08:45:00,1.71626,3.2673887677620836,1.5511287677620837
2026-03-29 09:00:00,4.975996667,3.2112591671089534,1.764737499891047
2026-03-29 09:15:00,4.024003333,3.4572944989197607,0.5667088340802389
2026-03-29 09:30:00,2.468003333,3.631110635321741,1.163107302321741
2026-03-29 09:45:00,3.33571,3.014464935082845,0.321245064917155
2026-03-29 10:00:00,1.81425,2.722125436103539,0.9078754361035393
2026-03-29 10:15:00,1.817796667,1.9665704683719993,0.14877380137199925
2026-03-29 10:30:00,2.289676667,2.1203513966254075,0.16932527037459266
2026-03-29 10:45:00,1.62279,1.7159250459346107,0.09313504593461075
2026-03-29 11:00:00,1.872533333,1.383278737045232,0.48925459595476806
2026-03-29 11:15:00,0.806546667,1.0517402676332213,0.24519360063322126
2026-03-29 11:30:00,-0.000297881,0.6538319426586656,0.6541298236586657
2026-03-29 11:45:00,0.144871913,0.34199567842165446,0.19712376542165447
2026-03-29 12:00:00,0.380035562,0.5579272536931477,0.17789169169314767
2026-03-29 12:15:00,0.062326748,0.7468770927637333,0.6845503447637332
2026-03-29 12:30:00,0.605842456,1.146387697410066,0.540545241410066
2026-03-29 12:45:00,8.293783333,3.582290445940375,4.7114928870596255
2026-03-29 13:00:00,10.23920667,8.95344759900187,1.2857590709981306
2026-03-29 13:15:00,9.80591,10.003362890904981,0.1974528909049802
2026-03-29 13:30:00,10.7306,8.758415417938227,1.9721845820617734
2026-03-29 13:45:00,9.550626667,6.300538047828862,3.2500886191711373
2026-03-29 14:00:00,7.023146667,6.982710810340951,0.04043585665904903
2026-03-29 14:15:00,5.00856,5.612524274349978,0.6039642743499778
2026-03-29 14:30:00,7.44466,5.023142775420026,2.421517224579974
2026-03-29 14:45:00,4.803876667,6.6435212643288,1.8396445973288005
2026-03-29 15:00:00,4.270196667,4.574414308327044,0.3042176413270443
2026-03-29 15:15:00,7.570256667,4.473200826425622,3.097055840574378
2026-03-29 15:30:00,7.125816667,6.4815036639804235,0.6443130030195761
2026-03-29 15:45:00,3.746698098,5.845769813654648,2.0990717156546483
2026-03-29 16:00:00,-4.62805e-05,3.7885589754029865,3.7886052559029864
2026-03-29 16:15:00,1.832350555,1.4460664106672263,0.3862841443327738
2026-03-29 16:30:00,1.89919171,2.0167378489862995,0.11754613898629951
2026-03-29 16:45:00,3.27321e-05,1.6967211989993558,1.6966884668993558
2026-03-29 17:00:00,1.424128964,1.0068423169301945,0.41728664706980556
2026-03-29 17:15:00,4.153896863,1.7877794341063094,2.3661174288936904
2026-03-29 17:30:00,8.704566667,3.7633689388633287,4.941197728136672
2026-03-29 17:45:00,8.502913333,7.592376509692994,0.9105368233070061
2026-03-29 18:00:00,12.66460667,7.4341210262413675,5.230485643758632
2026-03-29 18:15:00,7.880746667,9.181104427876095,1.3003577608760946
2026-03-29 18:30:00,5.555036667,6.135876755725712,0.5808400887257115
2026-03-29 18:45:00,9.676383333,5.122687493985304,4.553695839014696
2026-03-29 19:00:00,5.91197,7.911990454479419,2.0000204544794187
2026-03-29 19:15:00,6.65576,5.335825755809535,1.3199342441904651
2026-03-29 19:30:00,6.553093333,6.1959558306784075,0.35713750232159214
2026-03-29 19:45:00,6.364846667,5.937876090655762,0.42697057634423796
2026-03-29 20:00:00,5.992113333,5.827699810806666,0.1644135221933336
2026-03-29 20:15:00,6.89066,5.34091753789474,1.5497424621052591
2026-03-29 20:30:00,5.941413333,5.692804324032609,0.24860900896739047
2026-03-29 20:45:00,2.347196667,4.9348229840689575,2.5876263170689575
2026-03-29 21:00:00,2.177986667,2.4261109002763717,0.2481242332763718
2026-03-29 21:15:00,2.05115,2.50851169066948,0.4573616906694804
2026-03-29 21:30:00,2.093713333,2.3340800356632605,0.24036670266326032
2026-03-29 21:45:00,1.99392,2.3854477506439444,0.3915277506439445
2026-03-29 22:00:00,1.994783333,2.153624334595753,0.1588410015957531
2026-03-29 22:15:00,2.021853333,2.115070492134341,0.09321715913434092
2026-03-29 22:30:00,2.060746667,2.2705949529041556,0.2098482859041555
2026-03-29 22:45:00,1.70507,2.2553526237690686,0.5502826237690686
2026-03-29 23:00:00,1.47674,1.7823281402664242,0.3055881402664242
2026-03-29 23:15:00,1.607266667,1.583179411582445,0.024087255417555076
2026-03-29 23:30:00,1.517213333,1.5984319894542152,0.08121865645421522
2026-03-29 23:45:00,1.427663333,1.504636393693557,0.07697306069355703
2026-03-30 00:00:00,1.552586667,1.2929453712864243,0.25964129571357564
2026-03-30 00:15:00,1.29704,1.4676958391391992,0.17065583913919924
2026-03-30 00:30:00,1.17278,1.2577920255419097,0.08501202554190979
2026-03-30 00:45:00,1.479433333,1.1918398533187493,0.2875934796812507
2026-03-30 01:00:00,1.091336667,1.3573993254909635,0.26606265849096356
2026-03-30 01:15:00,1.14117,1.1955961850485646,0.05442618504856456
2026-03-30 01:30:00,1.025053333,1.2403151867954438,0.21526185379544382
2026-03-30 01:45:00,1.369783333,1.1458947109906423,0.22388862200935766
2026-03-30 02:00:00,1.00961,1.2759521524061135,0.2663421524061136
2026-03-30 02:15:00,1.280836667,1.1013817197225866,0.1794549472774134
2026-03-30 02:30:00,1.24948,1.2526574348783335,0.0031774348783335515
2026-03-30 02:45:00,1.357333333,1.2610493397340337,0.09628399326596626
2026-03-30 03:00:00,1.473496667,1.380387265872443,0.09310940112755706
2026-03-30 03:15:00,1.425223333,1.4057056684268965,0.019517664573103444
2026-03-30 03:30:00,1.11191,1.2925004360775771,0.1805904360775772
2026-03-30 03:45:00,1.149176667,1.1943211444696178,0.045144477469617694
2026-03-30 04:00:00,1.542616667,1.2004528986118799,0.34216376838812024
2026-03-30 04:15:00,1.038923333,1.3884652428993298,0.34954190989932976
2026-03-30 04:30:00,1.07499,1.1293744501729963,0.054384450172996424
2026-03-30 04:45:00,1.251513333,1.1559581196210227,0.09555521337897721
2026-03-30 05:00:00,0.9927,1.180171961376969,0.18747196137696898
2026-03-30 05:15:00,1.17754,1.0813158743370503,0.09622412566294969
2026-03-30 05:30:00,1.188753333,1.180514030722334,0.008239302277665894
2026-03-30 05:45:00,1.14918,1.2209364896679549,0.07175648966795478
2026-03-30 06:00:00,1.02929,1.1964454543275294,0.16715545432752932
2026-03-30 06:15:00,1.115246667,1.1514506060093954,0.036203939009395336
2026-03-30 06:30:00,1.237876667,1.2481122548817334,0.010235587881733288
2026-03-30 06:45:00,1.402303333,1.3079767679316017,0.09432656506839843
2026-03-30 07:00:00,1.258106667,1.3673626324652688,0.10925596546526872
2026-03-30 07:15:00,4.0875,1.2698824183870523,2.8176175816129483
2026-03-30 07:30:00,3.236023333,2.6444541203706584,0.5915692126293415
2026-03-30 07:45:00,4.638243333,2.6127052084166684,2.0255381245833317
2026-03-30 08:00:00,4.66007,3.0473180215153994,1.6127519784846007
2026-03-30 08:15:00,2.411893333,3.408086066529084,0.9961927335290839
2026-03-30 08:30:00,3.401956667,2.2521784859807723,1.1497781810192276
2026-03-30 08:45:00,2.48821,3.0087274570797558,0.5205174570797557
2026-03-30 09:00:00,6.531523333,3.234758412917843,3.296764920082157
2026-03-30 09:15:00,6.30936,5.4068883360449895,0.9024716639550103
2026-03-30 09:30:00,5.22706,4.901356578384422,0.32570342161557786
2026-03-30 09:45:00,3.104473333,4.449728224994619,1.3452548919946188
2026-03-30 10:00:00,2.37928,2.387689473932539,0.00840947393253888
2026-03-30 10:15:00,0.370519158,2.0653008478843162,1.6947816898843162
2026-03-30 10:30:00,0.147941975,0.5981412336669676,0.4501992586669676
2026-03-30 10:45:00,0.00041777,0.4359513125280198,0.4355335425280198
2026-03-30 11:00:00,0.839582692,0.4993221565328039,0.34026053546719615
2026-03-30 11:15:00,0.420597993,1.6913211641982167,1.2707231711982168
2026-03-30 11:30:00,8.146563333,3.414898268386683,4.731665064613317
2026-03-30 11:45:00,11.19255333,8.659849795436145,2.532703534563856
2026-03-30 12:00:00,10.67166,10.920242231621772,0.24858223162177318
2026-03-30 12:15:00,10.17916333,9.5865996307892,0.5925636992107997
2026-03-30 12:30:00,9.914426667,8.632131995100426,1.2822946718995745
2026-03-30 12:45:00,11.76702667,7.946669946315527,3.8203567236844727
2026-03-30 13:00:00,10.29051333,8.91916573838587,1.3713475916141302
2026-03-30 13:15:00,8.109793333,8.613818877878325,0.5040255448783242
2026-03-30 13:30:00,7.37459,6.391487474016676,0.9831025259833241
2026-03-30 13:45:00,5.316893333,5.002361088258526,0.314532244741474
2026-03-30 14:00:00,3.661726667,3.7148631318629057,0.0531364648629058
2026-03-30 14:15:00,2.950517976,2.871573866122167,0.07894410987783296
2026-03-30 14:30:00,1.059743206,2.209386884206683,1.1496436782066828
2026-03-30 14:45:00,1.62687,1.7775622389414556,0.15069223894145556
2026-03-30 15:00:00,2.600243333,2.1994010677301463,0.40084226526985356
2026-03-30 15:15:00,1.90044,2.8779897296141184,0.9775497296141185
2026-03-30 15:30:00,1.3968,2.590870799580589,1.194070799580589
2026-03-30 15:45:00,1.16903,1.7437865659128176,0.5747565659128175
2026-03-30 16:00:00,1.939106667,1.9494842173892337,0.010377550389233825
2026-03-30 16:15:00,0.722259149,2.060530314541241,1.338271165541241
2026-03-30 16:30:00,0.896313383,1.253751287960442,0.35743790496044203
2026-03-30 16:45:00,1.148498049,1.2844702233250722,0.13597217432507214
2026-03-30 17:00:00,0.74533704,1.5429449100531105,0.7976078700531105
2026-03-30 17:15:00,1.62093,1.6169628955509192,0.003967104449080772
2026-03-30 17:30:00,1.18459,2.0028054078489235,0.8182154078489234
2026-03-30 17:45:00,1.86777,1.9313181194313043,0.06354811943130434
2026-03-30 18:00:00,1.95229,1.5870831751998933,0.3652068248001068
2026-03-30 18:15:00,1.994133333,2.097718377413776,0.10358504441377625
2026-03-30 18:30:00,2.445473333,2.065728311142771,0.3797450218572287
2026-03-30 18:45:00,3.385633333,2.1479795910952513,1.2376537419047486
2026-03-30 19:00:00,1.619626667,1.9818399031004124,0.36221323610041245
2026-03-30 19:15:00,0.677023333,1.512558167205994,0.8355348342059941
2026-03-30 19:30:00,0.92342,1.214874747609648,0.29145474760964796
2026-03-30 19:45:00,0.896676667,1.3058092650746773,0.4091325980746773
2026-03-30 20:00:00,0.85373,1.410002045405192,0.556272045405192
2026-03-30 20:15:00,0.83212,1.4196564919194605,0.5875364919194606
2026-03-30 20:30:00,0.86751,1.318462607268903,0.45095260726890296
2026-03-30 20:45:00,2.073753333,1.2490529165090958,0.8247004164909042
2026-03-30 21:00:00,4.321866667,2.7018207616434293,1.6200459053565708
2026-03-30 21:15:00,4.587233333,3.293882692140976,1.2933506408590243
2026-03-30 21:30:00,3.27552,3.6297135169042853,0.35419351690428513
2026-03-30 21:45:00,2.956123333,3.028393857091004,0.07227052409100398
2026-03-30 22:00:00,2.63572,2.795970134172707,0.16025013417270673
2026-03-30 22:15:00,2.5659,2.421117814369448,0.144782185630552
2026-03-30 22:30:00,2.363836667,2.455945648549742,0.09210898154974201
2026-03-30 22:45:00,2.427826667,2.3121029950179257,0.11572367198207445
2026-03-30 23:00:00,2.34558,2.2715592410693723,0.07402075893062765
2026-03-30 23:15:00,2.308613333,2.1894785495460773,0.11913478345392248
2026-03-30 23:30:00,2.099646667,2.006272957453343,0.09337370954665714
2026-03-30 23:45:00,2.095143333,1.8881212913477032,0.20702204165229698
2026-03-31 00:00:00,1.47956,1.5899693893632343,0.1104093893632343
2026-03-31 00:15:00,1.258583333,1.4250140972580891,0.16643076425808911
2026-03-31 00:30:00,1.416536667,1.2999193390716937,0.11661732792830626
2026-03-31 00:45:00,0.924246667,1.3808063376192408,0.45655967061924074
2026-03-31 01:00:00,0.728236667,1.092152787157231,0.36391612015723096
2026-03-31 01:15:00,0.78387,0.886962283061771,0.1030922830617711
2026-03-31 01:30:00,0.88053,0.9505273658277721,0.06999736582777205
2026-03-31 01:45:00,0.863476667,0.9852250182736696,0.12174835127366956
2026-03-31 02:00:00,0.799233333,0.9392425976442667,0.14000926464426666
2026-03-31 02:15:00,0.74832,0.9655141393042692,0.21719413930426923
2026-03-31 02:30:00,0.8134,0.9445910635354886,0.1311910635354886
2026-03-31 02:45:00,0.85514,0.9448952806243436,0.08975528062434357
2026-03-31 03:00:00,0.82752,0.9670407602087009,0.13952076020870086
2026-03-31 03:15:00,0.815766667,0.9445064925603621,0.12873982556036212
2026-03-31 03:30:00,0.917606667,0.8889105605297027,0.0286961064702973
2026-03-31 03:45:00,0.76923,0.9445621270137499,0.1753321270137499
2026-03-31 04:00:00,0.912663333,0.8834043859285997,0.02925894707140031
2026-03-31 04:15:00,0.893466667,0.9428510144471375,0.04938434744713749
2026-03-31 04:30:00,0.756363333,0.9387084093688531,0.1823450763688531
2026-03-31 04:45:00,0.884343333,0.9564296709668528,0.07208633796685282
2026-03-31 05:00:00,0.781016667,0.8948417658859986,0.11382509888599857
2026-03-31 05:15:00,0.8198,0.909599405265642,0.08979940526564201
2026-03-31 05:30:00,0.847483333,0.914548134646801,0.06706480164680095
2026-03-31 05:45:00,0.78438,0.8416056667967748,0.05722566679677488
2026-03-31 06:00:00,0.824906667,0.8858640654716984,0.06095739847169834
2026-03-31 06:15:00,0.782866667,0.8703659157389405,0.08749924873894055
2026-03-31 06:30:00,0.842443333,0.9306889269820964,0.08824559398209642
2026-03-31 06:45:00,0.881133333,0.9490553662327701,0.06792203323277013
2026-03-31 07:00:00,0.737623333,0.9103227102988614,0.1726993772988613
2026-03-31 07:15:00,0.668733333,0.9946522387930549,0.3259189057930548
2026-03-31 07:30:00,0.520386667,0.771444397963099,0.251057730963099
2026-03-31 07:45:00,0.40997,0.6158143141418049,0.20584431414180487
2026-03-31 08:00:00,0.392606667,0.434845509296797,0.042238842296796975
2026-03-31 08:15:00,0.16000353,0.42445194184850377,0.26444841184850376
2026-03-31 08:30:00,0.037000556,0.18019016115463288,0.1431896051546329
2026-03-31 08:45:00,0.083409469,0.15220445650308412,0.06879498750308412
2026-03-31 09:00:00,2.690373333,1.9191046618745613,0.7712686711254388
2026-03-31 09:15:00,2.48031,2.3415235406275245,0.13878645937247525
2026-03-31 09:30:00,2.11755,1.9502774411596075,0.1672725588403925
2026-03-31 09:45:00,1.84743,1.9421561786315074,0.09472617863150745
2026-03-31 10:00:00,0.863696999,0.9220594681591887,0.058362469159188746
2026-03-31 10:15:00,3.457283333,3.02067959989681,0.43660373310319
2026-03-31 10:30:00,1.985173333,3.5483194840335543,1.5631461510335543
2026-03-31 10:45:00,0.993063333,2.5243100599704427,1.5312467269704426
2026-03-31 11:00:00,0.796076667,2.1799736991495062,1.3838970321495063
2026-03-31 11:15:00,0.746178673,1.974320242170108,1.228141569170108
2026-03-31 11:30:00,1.313646619,1.9016350066447183,0.5879883876447183
2026-03-31 11:45:00,0.653272699,1.4891903201090997,0.8359176211090997
2026-03-31 12:00:00,0.403829167,0.7770415755212262,0.3732124085212262
2026-03-31 12:15:00,0.715340137,0.8284510289620791,0.11311089196207913
2026-03-31 12:30:00,0.370071197,0.6771015463017622,0.3070303493017622
2026-03-31 12:45:00,0.33233016,0.4237908264604177,0.09146066646041773
2026-03-31 13:00:00,0.000127206,0.24311223547265254,0.24298502947265255
2026-03-31 13:15:00,0.696186667,0.19247244886475182,0.5037142181352482
2026-03-31 13:30:00,-0.000181626,0.19603754015467187,0.19621916615467186
2026-03-31 13:45:00,-0.000300346,0.07860572938286785,0.07890607538286785
2026-03-31 14:00:00,0.000210018,0.08374524908673452,0.08353523108673451
2026-03-31 14:15:00,0.00035523,0.051557672499586954,0.051202442499586956
2026-03-31 14:30:00,7.55641e-05,0.05,0.0499244359
2026-03-31 14:45:00,0.000365907,0.05,0.049634093000000004
2026-03-31 15:00:00,-0.000123881,0.05,0.050123881
2026-03-31 15:15:00,-1.88077e-05,0.05198557915816836,0.052004386858168355
2026-03-31 15:30:00,-5.12737e-05,0.06203150715565525,0.06208278085565525
2026-03-31 15:45:00,8.56749e-05,0.059909126862350226,0.05982345196235023
2026-03-31 16:00:00,-0.000247054,0.05,0.050247054
2026-03-31 16:15:00,-2.72804e-05,0.07995458894841477,0.07998186934841477
2026-03-31 16:30:00,-0.00036838,0.0775583513787786,0.0779267313787786
2026-03-31 16:45:00,-8.62606e-05,0.07240070544746122,0.07248696604746122
2026-03-31 17:00:00,0.399616667,0.12377839003634718,0.2758382769636528
2026-03-31 17:15:00,0.348833333,0.378638270439622,0.02980493743962198
2026-03-31 17:30:00,0.788346667,0.456427561694794,0.331919105305206
2026-03-31 17:45:00,0.317776493,0.5589320859144927,0.24115559291449273
2026-03-31 18:00:00,-0.000207653,0.4072402667910378,0.4074479197910378
2026-03-31 18:15:00,1.234889021,0.8980160947324752,0.33687292626752485
2026-03-31 18:30:00,0.648535978,0.9875484547828423,0.3390124767828423
2026-03-31 18:45:00,0.013164292,0.6017889303405136,0.5886246383405136
2026-03-31 19:00:00,0.623293333,0.5879345908592506,0.03535874214074941
2026-03-31 19:15:00,0.95339,0.943016993478304,0.010373006521695927
2026-03-31 19:30:00,1.09441,1.148342964701913,0.05393296470191289
2026-03-31 19:45:00,1.300406667,1.1922981068864587,0.10810856011354142
2026-03-31 20:00:00,1.495083333,1.6879971625654329,0.1929138295654329
2026-03-31 20:15:00,1.10965,1.7111269624189496,0.6014769624189495
2026-03-31 20:30:00,1.213123333,1.4861745654927812,0.2730512324927812
2026-03-31 20:45:00,2.600083333,1.630684687507442,0.969398645492558
2026-03-31 21:00:00,4.898616667,4.1833899801998236,0.7152266868001762
2026-03-31 21:15:00,5.57384,4.3659703343283915,1.2078696656716081
2026-03-31 21:30:00,4.705456667,4.478783166507515,0.2266735004924847
2026-03-31 21:45:00,3.97467,3.7486504414040325,0.22601955859596767
2026-03-31 22:00:00,1.972486667,2.7510946002024492,0.7786079332024491
2026-03-31 22:15:00,2.01194,1.9313220195334484,0.08061798046655166
2026-03-31 22:30:00,2.004263333,2.0827731749188017,0.07850984191880173
2026-03-31 22:45:00,1.918856667,2.0293743553514725,0.11051768835147247
2026-03-31 23:00:00,1.85501,1.7742066034593134,0.08080339654068669
2026-03-31 23:15:00,1.813,1.7646180336711597,0.04838196632884029
2026-03-31 23:30:00,1.696026667,1.7394388206804885,0.04341215368048856
2026-03-31 23:45:00,1.48995,1.5762748877214554,0.0863248877214553
