timestamp,actual_load,legacy_pred,new_pred
2026-03-01 00:00:00,1.934636667,1.8319103960820207,1.899047267837399
2026-03-01 00:15:00,1.968086667,1.8676870987420833,1.8206122453543108
2026-03-01 00:30:00,1.512046667,1.8520654448496892,1.8822439847404195
2026-03-01 00:45:00,1.63518,1.4975294180083203,1.556053791531278
2026-03-01 01:00:00,1.714956667,1.5632782065449466,1.628158490027608
2026-03-01 01:15:00,1.100096667,1.5837515814052463,1.6623740460058685
2026-03-01 01:30:00,1.394636667,1.2421565824469238,1.3004736434149782
2026-03-01 01:45:00,1.96784,1.8749851668594426,2.5606265090872857
2026-03-01 02:00:00,1.542786667,2.065242669542986,2.695663283871598
2026-03-01 02:15:00,1.45488,2.052633919176892,2.5134603971149803
2026-03-01 02:30:00,2.044226667,2.106691735060152,2.463668697092322
2026-03-01 02:45:00,2.08461,1.9018991977781643,2.134499136253239
2026-03-01 03:00:00,2.023423333,2.211217105478195,2.2205374124150525
2026-03-01 03:15:00,1.995103333,2.163702718827311,1.9745841016893588
2026-03-01 03:30:00,1.90579,2.1696578011180154,1.9878045187802083
2026-03-01 03:45:00,1.326003333,1.992344974901679,1.7984541411965573
2026-03-01 04:00:00,1.312836667,1.7313099563944778,1.4082915850765783
2026-03-01 04:15:00,0.890563333,1.6786275174370047,1.4379676118300275
2026-03-01 04:30:00,0.926153333,1.2630375772936846,1.1187165001483494
2026-03-01 04:45:00,1.49482,1.1258996619411459,1.0854034426484378
2026-03-01 05:00:00,1.341966667,1.6300342983243858,1.4483372978717606
2026-03-01 05:15:00,1.40878,1.5422896593778026,1.3666061125492195
2026-03-01 05:30:00,1.04825,1.6239335004223037,1.3914541285033002
2026-03-01 05:45:00,1.116666667,1.4260811125240553,1.1950736300197464
2026-03-01 06:00:00,1.217,1.3633732252757367,1.2270987032673
2026-03-01 06:15:00,1.071,1.416137885308813,1.2699727373900418
2026-03-01 06:30:00,0.929666667,1.3186021176562601,1.2007938188057528
2026-03-01 06:45:00,1.561,1.110944604787954,1.110947164927088
2026-03-01 07:00:00,1.399,1.711628546006881,1.5172989245094062
2026-03-01 07:15:00,1.212,1.5725608454956095,1.4372388728542955
2026-03-01 07:30:00,1.543,1.480125776369235,1.4378464641259006
2026-03-01 07:45:00,1.594333333,1.7107699003770431,1.6398335594910078
2026-03-01 08:00:00,1.668533333,1.8461228519760147,1.7422468748718076
2026-03-01 08:15:00,3.57179,3.0298358668941976,2.4826136509456767
2026-03-01 08:30:00,3.2947,3.1734900373975066,3.2052693325776325
2026-03-01 08:45:00,2.478326667,2.8670287860308648,2.9626747046399404
2026-03-01 09:00:00,1.185886667,3.2516029060643192,3.0091475639021317
2026-03-01 09:15:00,3.183753333,2.605603302368914,2.5130864368731047
2026-03-01 09:30:00,3.44023,3.10511410700399,3.1774513519631715
2026-03-01 09:45:00,2.165246667,2.8502645892166294,3.153778420274888
2026-03-01 10:00:00,2.519246667,2.264668016998781,2.017544840132667
2026-03-01 10:15:00,2.48026,2.3915110697973834,2.199997398346395
2026-03-01 10:30:00,3.026763333,2.356580174389418,2.2046810339473537
2026-03-01 10:45:00,2.62669,2.2644057160701268,2.714853957271478
2026-03-01 11:00:00,2.60791,1.863517470675035,2.300397655495995
2026-03-01 11:15:00,3.54451,1.8209010635971339,2.337527366341737
2026-03-01 11:30:00,1.24864,2.998476884871366,2.804225536956532
2026-03-01 11:45:00,1.77102,1.025518125984869,1.4559349777591855
2026-03-01 12:00:00,1.99754,1.3854509060700633,1.8785003518714032
2026-03-01 12:15:00,2.411706667,1.4646081076101938,1.9443088698565483
2026-03-01 12:30:00,1.28401,1.7785975665878277,2.131099387402247
2026-03-01 12:45:00,1.22009,1.1716039295026857,1.8462034845583644
2026-03-01 13:00:00,0.90471,1.2725528250267433,1.830790881315119
2026-03-01 13:15:00,0.621056667,1.143532850493466,2.2415558130380093
2026-03-01 13:30:00,1.6366,0.7681671329169982,1.9270095733695278
2026-03-01 13:45:00,4.108116667,1.174376122136498,1.8543581409740402
2026-03-01 14:00:00,3.95917,1.5722040936950628,2.5570734547795215
2026-03-01 14:15:00,3.640906667,1.88827536561926,2.852856366258345
2026-03-01 14:30:00,3.582836667,1.9670221373540713,2.440545975721755
2026-03-01 14:45:00,3.50879,1.8372121439834057,2.2420822856735874
2026-03-01 15:00:00,4.030036667,2.119467547426925,2.015563086564138
2026-03-01 15:15:00,2.25932,3.1746167734615423,2.475561747266563
2026-03-01 15:30:00,1.08494,2.13659639780909,2.106995351089028
2026-03-01 15:45:00,0.466173333,1.512979332166137,1.8623254243256062
2026-03-01 16:00:00,0.693493333,1.3062928957393498,1.7932721439719816
2026-03-01 16:15:00,0.991253333,1.376893397814106,1.8657422271967752
2026-03-01 16:30:00,0.755926667,1.2188686376263609,1.5924710454390576
2026-03-01 16:45:00,0.24649,1.4239071837386685,1.502059591547705
2026-03-01 17:00:00,0.584846667,0.8225421595417257,1.3611561628124136
2026-03-01 17:15:00,0.771963333,1.107907404048219,1.4114866003546125
2026-03-01 17:30:00,0.452053333,1.1350051107938746,1.4191841563826146
2026-03-01 17:45:00,0.81871,1.2082885737929077,1.351079422630025
2026-03-01 18:00:00,0.71029,1.2852158278964774,1.4045180296094562
2026-03-01 18:15:00,1.142103333,1.3723583360676657,1.4764835478867313
2026-03-01 18:30:00,1.15716,1.7548399566729527,1.5812250895297084
2026-03-01 18:45:00,1.120796667,1.5900603587762485,1.4594274325627727
2026-03-01 19:00:00,1.74908,1.725471510028728,1.4365362485231816
2026-03-01 19:15:00,2.261806667,2.2596309355962987,2.0341584792243763
2026-03-01 19:30:00,1.772906667,2.3445117759685448,2.2892048278542183
2026-03-01 19:45:00,1.917766667,2.242621082220334,2.10903997764568
2026-03-01 20:00:00,1.95388,2.081785317146333,2.263433416899196
2026-03-01 20:15:00,1.37062,2.169928710497701,2.56724270734123
2026-03-01 20:30:00,1.675223333,1.8518463579131956,2.0383363646064856
2026-03-01 20:45:00,2.384473333,1.9604388405895452,2.1371333289721424
2026-03-01 21:00:00,2.14723,2.8200279466224414,2.668666212155791
2026-03-01 21:15:00,1.997816667,2.7604582775932935,2.548888660625575
2026-03-01 21:30:00,1.698516667,2.5124521172945484,2.2216007190551066
2026-03-01 21:45:00,2.216263333,2.2754971003178595,2.0606939662561263
2026-03-01 22:00:00,1.82352,2.146944987300723,2.019593685510418
2026-03-01 22:15:00,2.278203333,1.9180578821764838,1.7349509532294543
2026-03-01 22:30:00,2.01039,2.131186512225397,2.052206173222795
2026-03-01 22:45:00,1.653446667,1.9539907255396867,1.9484106290612844
2026-03-01 23:00:00,1.381413333,1.6441526214922546,1.7326208669827805
2026-03-01 23:15:00,1.852333333,1.5172854215247014,1.5658083867585384
2026-03-01 23:30:00,1.28046,1.7367714875749,1.8123489761968317
2026-03-01 23:45:00,1.14259,1.3925833300018795,1.3261299619841576
2026-03-02 00:00:00,1.174433333,1.1330924313350992,1.2186826788771488
2026-03-02 00:15:00,1.53166,1.0768062873363748,1.2090461454717725
2026-03-02 00:30:00,1.533006667,1.313326283050301,1.4056511686925628
2026-03-02 00:45:00,1.319293333,1.2987874499052052,1.4236967509293952
2026-03-02 01:00:00,1.374736667,1.1876745792396228,1.293872841160465
2026-03-02 01:15:00,1.44924,1.2066793376392413,1.279081325607156
2026-03-02 01:30:00,2.29494,1.3108689938192701,1.485662146793088
2026-03-02 01:45:00,4.215753333,1.7810776982450243,2.190125729148928
2026-03-02 02:00:00,4.55598,2.2720554557013277,3.043270182505881
2026-03-02 02:15:00,4.908773333,2.2681282685511164,3.1501050822603163
2026-03-02 02:30:00,4.796523333,2.591580189952988,3.6725244078728783
2026-03-02 02:45:00,4.17683,3.5044483013656325,3.637310721188722
2026-03-02 03:00:00,4.45021,3.5794429370905667,3.425175374528385
2026-03-02 03:15:00,1.803093333,3.8344394481800395,3.5039975574962376
2026-03-02 03:30:00,1.535143333,1.6890798771128488,1.7609065848714631
2026-03-02 03:45:00,1.186913333,1.443535187818869,1.4978224490416403
2026-03-02 04:00:00,1.245876667,1.2958089960777703,1.4205816040582255
2026-03-02 04:15:00,1.229503333,1.5531275896816614,1.4613702285260468
2026-03-02 04:30:00,1.298503333,1.5922885239304072,1.4334139715617518
2026-03-02 04:45:00,1.441446667,1.6969880511421018,1.5023129242422641
2026-03-02 05:00:00,0.912543333,1.810442537774248,1.4672518020664607
2026-03-02 05:15:00,1.10374,1.4614356038975922,1.1609746034922495
2026-03-02 05:30:00,1.689466667,1.5711527681721777,1.2544985130729558
2026-03-02 05:45:00,1.40036,1.9013243573832952,1.5677088089072948
2026-03-02 06:00:00,1.316013333,1.844109812524263,1.455619142767084
2026-03-02 06:15:00,1.320986667,1.6912306292435133,1.3998244610506516
2026-03-02 06:30:00,1.10608,1.6656858384009952,1.4089758523341327
2026-03-02 06:45:00,1.147996667,1.5371244559138444,1.3197083574933166
2026-03-02 07:00:00,1.408816667,1.4618040571532545,1.364362504551212
2026-03-02 07:15:00,0.87529,1.578567445814532,1.4745738045834276
2026-03-02 07:30:00,1.578963333,1.19057456041071,1.198435884357742
2026-03-02 07:45:00,1.668816667,1.5861411959055765,1.5935772343608838
2026-03-02 08:00:00,1.181076667,1.7756720693628083,1.7343620988690014
2026-03-02 08:15:00,1.675376667,1.6239786283423787,1.487125117477451
2026-03-02 08:30:00,2.046863333,2.7649358158371005,2.6172625694698746
2026-03-02 08:45:00,1.80564,2.026736495220607,1.984135357886785
2026-03-02 09:00:00,4.807836667,2.0506265987168577,1.9161705945900458
2026-03-02 09:15:00,3.838023333,4.535836047419262,4.195598234537062
2026-03-02 09:30:00,3.887816667,4.16106500842046,4.162913492380435
2026-03-02 09:45:00,3.28203,4.070544801742876,3.674107335187697
2026-03-02 10:00:00,1.92281,2.829769988226272,2.7169175915360473
2026-03-02 10:15:00,3.257,1.874297656534355,2.0553603765933803
2026-03-02 10:30:00,3.270206667,2.6182142786472435,2.9472002982556336
2026-03-02 10:45:00,2.502786667,2.520869179674428,2.9109528460401264
2026-03-02 11:00:00,0.499496667,1.6213268699982402,2.201706237012209
2026-03-02 11:15:00,0.95721,0.41103864229931714,1.0952179778574294
2026-03-02 11:30:00,2.438753333,0.839099647203742,1.0607940063316599
2026-03-02 11:45:00,2.723026667,1.7388446003040823,2.1536671424408214
2026-03-02 12:00:00,2.803463333,2.0930584244059474,2.5181882763124976
2026-03-02 12:15:00,1.690293333,1.8502866489388103,2.153056334058763
2026-03-02 12:30:00,1.014643333,1.3622706842900312,1.398301720405363
2026-03-02 12:45:00,0.564836667,1.0447831321986416,1.240103713065414
2026-03-02 13:00:00,0.37955,0.4141934281888509,0.940100778316032
2026-03-02 13:15:00,0.73323,0.32270867543405385,0.7788516897031456
2026-03-02 13:30:00,1.308033333,0.7587373831863896,1.247340583271585
2026-03-02 13:45:00,3.040373333,0.8848294816741769,1.6705246910954792
2026-03-02 14:00:00,3.30373,1.5311326782605184,2.4978354829938523
2026-03-02 14:15:00,3.59888,2.3660886934538192,2.486175827904671
2026-03-02 14:30:00,3.451146667,2.267965310908349,2.7855081694094466
2026-03-02 14:45:00,3.03783,2.0319370901940768,2.5766465739832687
2026-03-02 15:00:00,3.100803333,2.7406522683227057,2.6285826242647437
2026-03-02 15:15:00,2.995113333,2.831227609631416,2.6378848812879485
2026-03-02 15:30:00,0.222973333,2.4583281798122343,2.5304536266255413
2026-03-02 15:45:00,1.722383333,0.8141308705927679,0.97678684365788
2026-03-02 16:00:00,5.64484,2.042650096143463,1.7750395487584787
2026-03-02 16:15:00,5.146933333,4.448127109591612,5.0800330233431366
2026-03-02 16:30:00,5.265673333,4.565235019023831,5.604573929631089
2026-03-02 16:45:00,5.582116667,4.635966941945408,4.632061873961434
2026-03-02 17:00:00,6.524186667,4.869417412490015,4.839049564599064
2026-03-02 17:15:00,3.101046667,6.074773093634496,6.082138846459165
2026-03-02 17:30:00,3.207833333,2.738437651458509,3.076610050055096
2026-03-02 17:45:00,3.512073333,2.8116948872324135,2.8789067119841723
2026-03-02 18:00:00,3.79166,3.3140599766669876,3.261633838231305
2026-03-02 18:15:00,3.851433333,3.7793036993693643,2.9660776087414797
2026-03-02 18:30:00,4.122656667,4.150135556872622,3.6210759578252736
2026-03-02 18:45:00,3.572023333,4.170490168296904,3.630639026254752
2026-03-02 19:00:00,1.551533333,3.7953030908880585,3.3607251032948757
2026-03-02 19:15:00,1.779846667,1.9562887087098666,1.9734909742479059
2026-03-02 19:30:00,1.78912,1.916564122608743,1.9129388621891228
2026-03-02 19:45:00,1.807123333,2.0885956604802702,1.9969659571564378
2026-03-02 20:00:00,1.966866667,2.1462182006181587,2.034090111578472
2026-03-02 20:15:00,1.647073333,2.121625308513894,2.0818470200631296
2026-03-02 20:30:00,2.706583333,1.931467011129511,1.8688171937010793
2026-03-02 20:45:00,1.813796667,2.5208914613556446,2.5192436342021667
2026-03-02 21:00:00,2.34106,2.5333792136663886,2.2846622870753626
2026-03-02 21:15:00,1.483983333,2.828685322156605,2.512493162267429
2026-03-02 21:30:00,2.023403333,2.2246245022893016,2.020671927089695
2026-03-02 21:45:00,2.069333333,2.4790231876382194,2.2926429998829057
2026-03-02 22:00:00,1.97774,2.1004953149488332,2.0353618220944223
2026-03-02 22:15:00,1.779496667,2.0562131469308347,2.015821399862973
2026-03-02 22:30:00,1.967293333,2.067049666856842,1.971609231352844
2026-03-02 22:45:00,1.88697,2.018690609295369,1.9277367362661946
2026-03-02 23:00:00,1.714746667,1.7640280910373969,1.8253746642983588
2026-03-02 23:15:00,1.611446667,1.7126689593791768,1.6642649549935327
2026-03-02 23:30:00,1.57813,1.5315218021323256,1.5573219991518643
2026-03-02 23:45:00,1.225386667,1.4997650144787418,1.466629490037694
2026-03-03 00:00:00,1.33012,1.1720556453823459,1.3243942876562702
2026-03-03 00:15:00,1.599653333,1.2711985540515283,1.3931454794424356
2026-03-03 00:30:00,1.336493333,1.445963240355331,1.4722714660913794
2026-03-03 00:45:00,1.349786667,1.2816662280292141,1.3011838650787686
2026-03-03 01:00:00,1.24025,1.3217897390693347,1.329230793097459
2026-03-03 01:15:00,1.456556667,1.203214114014053,1.2838604150310438
2026-03-03 01:30:00,1.520966667,1.395266535564129,1.7183304521704008
2026-03-03 01:45:00,1.824006667,1.5869325475252898,2.0849222454995187
2026-03-03 02:00:00,2.0132,1.6324669048412108,2.2081588742001186
2026-03-03 02:15:00,2.001453333,1.7978242537976648,2.3279031822587903
2026-03-03 02:30:00,1.86899,1.9945147444106,2.279164093568493
2026-03-03 02:45:00,2.22859,1.9756426274092243,2.2904772667659477
2026-03-03 03:00:00,1.563826667,2.3575419308711627,2.5556048203304806
2026-03-03 03:15:00,1.7883,1.821054225216204,1.6928577188978484
2026-03-03 03:30:00,1.3731,1.7710126639236632,1.7146475831186068
2026-03-03 03:45:00,1.309143333,1.5037058691316538,1.346980811639307
2026-03-03 04:00:00,1.263343333,1.4349392456291825,1.3373263572456875
2026-03-03 04:15:00,1.347633333,1.4870095393753184,1.322054833736824
2026-03-03 04:30:00,1.03963,1.437478644757587,1.3386625029211459
2026-03-03 04:45:00,1.055043333,1.2641275350574248,1.1596760808130322
2026-03-03 05:00:00,0.96955,1.2612001830095594,1.1515011990228727
2026-03-03 05:15:00,1.137273333,1.191640525388163,1.0973653963760135
2026-03-03 05:30:00,1.30347,1.3194865511801064,1.2617793676419333
2026-03-03 05:45:00,0.894216667,1.3872756283498668,1.3195287368016844
2026-03-03 06:00:00,0.920056667,1.1359333750424405,1.0842875502755902
2026-03-03 06:15:00,1.39314,1.1231658324456786,1.0801347966906911
2026-03-03 06:30:00,1.257813333,1.3349190068612875,1.2983692003044993
2026-03-03 06:45:00,1.4016,1.29778570072266,1.282232515278495
2026-03-03 07:00:00,1.436646667,1.4548009885662767,1.4614075698231515
2026-03-03 07:15:00,1.244626667,1.4942913063337175,1.4290981056121073
2026-03-03 07:30:00,2.158716667,1.9437369902085173,1.7850260446140642
2026-03-03 07:45:00,2.463366667,2.357441109321424,2.2902292143033383
2026-03-03 08:00:00,1.5732,2.4723183354320857,2.6124678355252446
2026-03-03 08:15:00,1.453253333,2.0913707453062043,1.9946589846324667
2026-03-03 08:30:00,1.826816667,1.9964724984815632,1.9628596251915906
2026-03-03 08:45:00,3.877916667,2.1847356759777927,1.9895935750567553
2026-03-03 09:00:00,3.483816667,4.030283839862757,4.086943716567885
2026-03-03 09:15:00,3.891996667,3.8244730423631292,3.764084293120277
2026-03-03 09:30:00,1.256906667,3.483633546199805,3.5463587941397106
2026-03-03 09:45:00,1.431763333,1.9298413432636317,2.552846844145202
2026-03-03 10:00:00,0.68153,1.2577150644737016,1.5078834797712952
2026-03-03 10:15:00,0.172596667,0.5358043881609447,1.1361996267795225
2026-03-03 10:30:00,0.0,0.3446662824851687,1.1738950828538481
2026-03-03 10:45:00,1.49971,0.2572272151118368,0.9292421586235565
2026-03-03 11:00:00,0.70089,1.0066554950455404,1.4931855825955045
2026-03-03 11:15:00,0.792253333,0.3894752638637147,1.0086316258401513
2026-03-03 11:30:00,0.037046667,1.12118437867132,2.21868074215721
2026-03-03 11:45:00,2.760946667,0.9140905866280777,1.7776887421076124
2026-03-03 12:00:00,7.735193333,4.499032448398944,3.3452327551530265
2026-03-03 12:15:00,10.05938,9.851402337053894,7.987431383513696
2026-03-03 12:30:00,8.485566667,11.35058319449216,10.202013767906186
2026-03-03 12:45:00,9.240453333,6.831652440593144,8.463057222532738
2026-03-03 13:00:00,8.98449,7.718099441300394,7.773209893796576
2026-03-03 13:15:00,8.59481,7.219845066310586,7.548153258213368
2026-03-03 13:30:00,8.97421,6.389316573088508,7.884742663401768
2026-03-03 13:45:00,9.88766,7.34136042664734,7.503462863050916
2026-03-03 14:00:00,7.896813333,7.663750551132929,7.98612245046384
2026-03-03 14:15:00,7.917116667,6.307643717576804,6.814695064578735
2026-03-03 14:30:00,6.20315,6.749993469754009,6.9152779863748215
2026-03-03 14:45:00,4.34842,5.297345298367906,5.714464603612914
2026-03-03 15:00:00,4.074473333,4.084974462517888,4.598887818264588
2026-03-03 15:15:00,2.584966667,4.056780179540873,3.7300277499186327
2026-03-03 15:30:00,2.834776667,2.935707414258201,2.95331892372834
2026-03-03 15:45:00,0.2927,3.136277009115355,2.829986799908668
2026-03-03 16:00:00,2.263156667,1.7250732776164546,2.4328825093220083
2026-03-03 16:15:00,2.483253333,2.9376724680737896,3.009317021151979
2026-03-03 16:30:00,1.970286667,2.974872857090775,2.943967467630286
2026-03-03 16:45:00,2.001483333,2.5941091694254714,2.323426892232159
2026-03-03 17:00:00,4.249366667,2.1954099526913566,2.1485833031662676
2026-03-03 17:15:00,1.828186667,3.910277172747273,3.9626937525576813
2026-03-03 17:30:00,1.838256667,2.7961676974899072,2.3762625336345313
2026-03-03 17:45:00,1.131026667,2.1478504671793512,2.309150798579234
2026-03-03 18:00:00,2.45345,1.916175909958404,1.8798556235771893
2026-03-03 18:15:00,1.15277,2.034285433010524,2.3184174543807368
2026-03-03 18:30:00,1.226143333,1.5479958677106989,1.9033657077004564
2026-03-03 18:45:00,1.670446667,1.5118037815394232,1.7616472600702797
2026-03-03 19:00:00,1.4724,1.6896282097272022,1.5927932773356586
2026-03-03 19:15:00,1.66913,1.700565298303096,1.6061214603394531
2026-03-03 19:30:00,2.071896667,1.881214753651632,1.8161254309196075
2026-03-03 19:45:00,2.251983333,2.1211244442120605,2.156445625144232
2026-03-03 20:00:00,2.185393333,2.24816464082219,2.1771673458606604
2026-03-03 20:15:00,1.993423333,2.1244994865619744,2.152970589181536
2026-03-03 20:30:00,1.704693333,2.1036360496680766,2.1101346120883777
2026-03-03 20:45:00,1.69086,1.8947388126788398,1.820431640766278
2026-03-03 21:00:00,1.62052,2.5902705489982383,2.223806266092606
2026-03-03 21:15:00,2.310026667,2.226271206367089,1.9773128680195071
2026-03-03 21:30:00,1.579156667,2.6783311302396045,2.3974122116296592
2026-03-03 21:45:00,1.561376667,2.2978071856512825,1.9811950996830505
2026-03-03 22:00:00,2.76078,1.835921337805575,1.6818120862598842
2026-03-03 22:15:00,1.905536667,2.4993817689012454,2.6403700360885454
2026-03-03 22:30:00,1.821923333,2.1333490922221836,2.0140265017144428
2026-03-03 22:45:00,1.5955,1.9123821951017277,1.7762985001433542
2026-03-03 23:00:00,1.9743,1.5569296229504974,1.554034397406112
2026-03-03 23:15:00,2.056533333,1.7791065707818376,1.8082710525905106
2026-03-03 23:30:00,1.617313333,1.746530031164249,1.8275011569316206
2026-03-03 23:45:00,1.74522,1.461748624029013,1.502468694538808
2026-03-04 00:00:00,1.47593,1.3064358214626521,1.5800736239494555
2026-03-04 00:15:00,1.239326667,1.409944767228843,1.4389359458555493
2026-03-04 00:30:00,1.035713333,1.3036424586975774,1.2887551936924868
2026-03-04 00:45:00,1.293193333,1.1520254207343816,1.15664377147507
2026-03-04 01:00:00,1.236476667,1.2194893365418344,1.2901814257666457
2026-03-04 01:15:00,1.143643333,1.201179570829726,1.2838604150310438
2026-03-04 01:30:00,2.456796667,1.206444165704387,1.3571999996130675
2026-03-04 01:45:00,4.829436667,2.243572484179934,2.652792394654933
2026-03-04 02:00:00,5.292996667,2.4623650492873943,3.451970183351744
2026-03-04 02:15:00,5.20401,2.656398153615101,4.020996230965174
2026-03-04 02:30:00,4.878443333,2.857054464891667,3.700911034028318
2026-03-04 02:45:00,4.539456667,3.627345586237299,3.6358106961419234
2026-03-04 03:00:00,3.613663333,4.347482489764213,3.4382859163733515
2026-03-04 03:15:00,1.84715,3.6782172269008835,3.0477113773381475
2026-03-04 03:30:00,1.402216667,1.618838096553937,1.647698221684098
2026-03-04 03:45:00,1.42885,1.400681690056465,1.4572276082616855
2026-03-04 04:00:00,1.140803333,1.478735675824867,1.489380637263897
2026-03-04 04:15:00,1.29163,1.7326921516083045,1.5026563912872193
2026-03-04 04:30:00,1.36231,1.6736835442397264,1.45046712754959
2026-03-04 04:45:00,1.1991,1.6769407357652872,1.4422205244908881
2026-03-04 05:00:00,1.188746667,1.5925746411018618,1.3207980614163102
2026-03-04 05:15:00,1.26296,1.599117577153875,1.3202932895441097
2026-03-04 05:30:00,1.399733333,1.6921645699456682,1.3846829443900543
2026-03-04 05:45:00,1.421046667,1.807681799650679,1.3522484543378583
2026-03-04 06:00:00,1.07692,1.8761271395295105,1.4725696365516223
2026-03-04 06:15:00,1.496043333,1.6397892697625425,1.3294468286274954
2026-03-04 06:30:00,1.055526667,1.7106546461301058,1.48274607350432
2026-03-04 06:45:00,1.120116667,1.4412914731385587,1.2346892985154359
2026-03-04 07:00:00,1.35942,1.4945633611533717,1.3751928624437215
2026-03-04 07:15:00,1.369203333,1.586628581531095,1.4811009439720249
2026-03-04 07:30:00,2.228026667,2.383077106196038,2.015732318934562
2026-03-04 07:45:00,3.832393333,2.5377597123608724,2.4425897419378604
2026-03-04 08:00:00,1.517486667,3.220680223054969,3.1207346761838806
2026-03-04 08:15:00,4.131626667,1.9489734714763889,1.7582704996563965
2026-03-04 08:30:00,3.193046667,3.710512615617773,3.1868936664870153
2026-03-04 08:45:00,1.88917,3.1623945274206284,2.983841633166191
2026-03-04 09:00:00,2.66499,3.5907874836679103,3.3958232872694665
2026-03-04 09:15:00,1.62564,3.554369705615471,3.412733598082652
2026-03-04 09:30:00,0.806123333,2.5443568678053268,2.278596228397926
2026-03-04 09:45:00,2.657013333,1.7626152222775169,1.9732927274980758
2026-03-04 10:00:00,2.522953333,2.3244508001107844,2.295685351168005
2026-03-04 10:15:00,2.85581,2.1592971401941816,2.2870178854802377
2026-03-04 10:30:00,2.570096667,2.220316044177271,2.5712919261761176
2026-03-04 10:45:00,1.493706667,1.9032027309542783,2.233559616157522
2026-03-04 11:00:00,0.0,1.1158714582985387,1.3533774084621517
2026-03-04 11:15:00,0.1402,0.2437410819851322,0.8061424010692358
2026-03-04 11:30:00,0.621263333,0.5557843055665341,0.9225518108100613
2026-03-04 11:45:00,0.21201,1.8339456127968317,2.435659752421554
2026-03-04 12:00:00,5.33565,2.4166313197768408,2.989971468146299
2026-03-04 12:15:00,11.01091667,6.624225804468759,7.6023388502117974
2026-03-04 12:30:00,11.40567667,10.960298218463514,9.776470976374068
2026-03-04 12:45:00,8.709446667,10.774382967509762,10.46662813496421
2026-03-04 13:00:00,10.00453,8.404306814753888,9.117774363535078
2026-03-04 13:15:00,9.798523333,7.929930160881409,8.300075713985711
2026-03-04 13:30:00,11.69833667,7.6269180689575276,9.10639266031837
2026-03-04 13:45:00,13.02307,8.692585518336438,9.698207100901428
2026-03-04 14:00:00,9.486986667,8.593530865204942,10.266880449378668
2026-03-04 14:15:00,10.2658,7.210265430735666,7.542277379820712
2026-03-04 14:30:00,8.165686667,7.614792357242288,8.321690425965661
2026-03-04 14:45:00,7.031966667,6.33919647357782,6.762294469447634
2026-03-04 15:00:00,6.198586667,5.883812388737916,6.462346361730129
2026-03-04 15:15:00,4.4402,5.78259846091511,5.9874721721151865
2026-03-04 15:30:00,3.936716667,4.189107849551393,4.641697976034961
2026-03-04 15:45:00,1.894436667,4.2627038233383026,4.45979289431442
2026-03-04 16:00:00,0.43664,2.5073233600903118,2.328774574523332
2026-03-04 16:15:00,2.84056,2.0321255923902637,2.1876238749643417
2026-03-04 16:30:00,1.35595,3.2934316292739156,2.9635163291895252
2026-03-04 16:45:00,4.148953333,2.0968287669405425,2.071443945632191
2026-03-04 17:00:00,1.861973333,4.329780637044979,3.9858417221234403
2026-03-04 17:15:00,1.556316667,2.4754929559258807,2.0530234251819577
2026-03-04 17:30:00,2.898436667,2.485783857711289,1.982840329902974
2026-03-04 17:45:00,1.79095,3.0864638964797,2.71386189807623
2026-03-04 18:00:00,2.774883333,2.349152086351731,2.231571549470237
2026-03-04 18:15:00,1.702526667,2.1467850567960265,2.730617693291442
2026-03-04 18:30:00,0.54326,1.821387105866475,1.8055370349685056
2026-03-04 18:45:00,0.790823333,1.0224417268739436,1.6135824891190684
2026-03-04 19:00:00,1.325406667,1.1411262782435656,1.3906175524415034
2026-03-04 19:15:00,1.47867,1.6619061127152894,1.675834154708645
2026-03-04 19:30:00,1.69942,1.83042354402383,1.8394908042043692
2026-03-04 19:45:00,2.042823333,1.9073174241193773,1.884366966458584
2026-03-04 20:00:00,1.644933333,2.194265724727398,2.2331378674630455
2026-03-04 20:15:00,1.704873333,1.957484134017222,1.8337242376938376
2026-03-04 20:30:00,1.382566667,1.9703693887252414,1.8329426540928273
2026-03-04 20:45:00,2.073033333,1.7844089403205676,1.659894554701648
2026-03-04 21:00:00,1.674096667,2.6581656645417784,2.3136025150115254
2026-03-04 21:15:00,1.92403,2.58686176541238,2.0881782876792716
2026-03-04 21:30:00,1.997873333,2.545367301729684,2.093621800775567
2026-03-04 21:45:00,1.549506667,2.5196387066402526,2.1158923407058357
2026-03-04 22:00:00,1.478283333,2.1455437944398144,1.9564375808465544
2026-03-04 22:15:00,1.47771,1.7573697934009465,1.6210839469654779
2026-03-04 22:30:00,1.499366667,1.7787277298535698,1.6409477854440304
2026-03-04 22:45:00,1.898236667,1.7333559225989617,1.6029840953278753
2026-03-04 23:00:00,1.68189,1.819775442506042,1.826824801406535
2026-03-04 23:15:00,1.848803333,1.5840823675056537,1.6435021583148728
2026-03-04 23:30:00,1.600123333,1.6220506471174454,1.6595423164467948
2026-03-04 23:45:00,1.569336667,1.5933455926355207,1.657375054191194
2026-03-05 00:00:00,1.317716667,1.3443935928945998,1.5253361490203665
2026-03-05 00:15:00,1.2584,1.1841260958292767,1.3298474889222751
2026-03-05 00:30:00,1.270296667,1.195716446346337,1.261697113430338
2026-03-05 00:45:00,1.72069,1.2186506344542698,1.2877074312004475
2026-03-05 01:00:00,1.269603333,1.356177693827617,1.466908246759647
2026-03-05 01:15:00,0.84485,1.1901860907842827,1.2683404704528283
2026-03-05 01:30:00,2.28946,1.039384077007848,1.3521016231281646
2026-03-05 01:45:00,4.851306667,2.2068082048402577,2.446223448666973
2026-03-05 02:00:00,4.425913333,2.66974810643305,4.1267859416647985
2026-03-05 02:15:00,4.548073333,2.26346805507549,3.9359848808207323
2026-03-05 02:30:00,4.66727,2.5149964909333513,3.919560473663709
2026-03-05 02:45:00,4.983896667,3.475123261648295,3.922382374462272
2026-03-05 03:00:00,3.713446667,4.338449727954345,3.951957636295408
2026-03-05 03:15:00,1.42967,3.622648184409847,3.0511889643242838
2026-03-05 03:30:00,1.252796667,1.4153626008222797,1.5220711170608099
2026-03-05 03:45:00,0.974673333,1.326415180994499,1.4482944962199449
2026-03-05 04:00:00,0.803273333,1.17800436076476,1.3228572085383643
2026-03-05 04:15:00,0.941533333,1.3809814153078024,1.32410006664677
2026-03-05 04:30:00,1.519053333,1.6286832564754272,1.3530044431618413
2026-03-05 04:45:00,1.266406667,1.92222026300949,1.6467338212130067
2026-03-05 05:00:00,0.81418,1.9419965622157058,1.56269783264777
2026-03-05 05:15:00,1.164856667,1.46617774286097,1.1424713319859288
2026-03-05 05:30:00,1.158173333,1.5966702172388905,1.3114041664219376
2026-03-05 05:45:00,0.859626667,1.5739675658146188,1.3080718060785033
2026-03-05 06:00:00,1.341093333,1.2581214883178116,1.1568604404691474
2026-03-05 06:15:00,1.297696667,1.6196722894003999,1.4360851283522944
2026-03-05 06:30:00,1.01095,1.5774806687371639,1.3451741729586981
2026-03-05 06:45:00,0.921876667,1.512790572261192,1.2989259249321632
2026-03-05 07:00:00,1.055903333,1.599889977318563,1.4536703333649754
2026-03-05 07:15:00,0.985146667,1.2686473652275627,1.2845510460866294
2026-03-05 07:30:00,2.732716667,1.9322668584422982,1.6394996748270196
2026-03-05 07:45:00,2.10663,3.016377453514435,3.153113780327528
2026-03-05 08:00:00,1.295036667,2.3150330979497267,2.2775287961810644
2026-03-05 08:15:00,1.19177,2.2199597245624187,1.9614373318870224
2026-03-05 08:30:00,1.742476667,2.368951145112885,2.2752867314879257
2026-03-05 08:45:00,2.670643333,1.6889042933541107,1.8529027926082347
2026-03-05 09:00:00,3.474806667,3.445678604275905,3.13592331694254
2026-03-05 09:15:00,2.993856667,3.723167872627186,3.4692104773689434
2026-03-05 09:30:00,3.28452,3.1102838726759137,2.9798908146137326
2026-03-05 09:45:00,2.136876667,3.496643604192401,3.0003501706367555
2026-03-05 10:00:00,1.344163333,2.2914372773727836,2.1489270295589447
2026-03-05 10:15:00,0.979913333,1.4577306396873284,1.8630467908842445
2026-03-05 10:30:00,1.149296667,1.224869456270141,1.636677929981129
2026-03-05 10:45:00,0.354683333,0.8621255830087595,1.2423338836803832
2026-03-05 11:00:00,0.305966667,0.32554099232550954,0.7028598196334006
2026-03-05 11:15:00,0.052886667,0.510787675741652,0.7278324878815319
2026-03-05 11:30:00,0.01392,0.5594795328319601,0.867913740165885
2026-03-05 11:45:00,2.881913333,1.073985937863279,1.24753575152306
2026-03-05 12:00:00,11.47914667,5.066715427519661,4.210230006507311
2026-03-05 12:15:00,11.15562333,11.800258614380157,11.138724831795384
2026-03-05 12:30:00,11.24959333,11.711944640387557,11.637851623190224
2026-03-05 12:45:00,10.87717667,10.573666784688966,9.649947172726828
2026-03-05 13:00:00,12.41544667,10.47726555387377,10.364797024964867
2026-03-05 13:15:00,12.23982667,9.197849460516998,9.783046385725596
2026-03-05 13:30:00,12.92441333,10.006881743163914,10.976586529755743
2026-03-05 13:45:00,14.67007667,10.627908275979655,11.399326939758627
2026-03-05 14:00:00,15.35936,9.94048693620684,12.27284297614739
2026-03-05 14:15:00,13.2892,10.353683862645344,12.23683234110686
2026-03-05 14:30:00,10.49146667,9.969921126973023,11.237427906900756
2026-03-05 14:45:00,9.768276667,8.536489704333308,8.873076142871838
2026-03-05 15:00:00,6.636563333,8.568738577988201,8.649557189358802
2026-03-05 15:15:00,7.231173333,5.967529185814958,6.91804315723618
2026-03-05 15:30:00,5.445626667,6.7515069649372945,7.284368387810006
2026-03-05 15:45:00,5.987613333,5.598821151203434,5.8786577575932615
2026-03-05 16:00:00,5.26152,6.346503768620031,6.509393672527894
2026-03-05 16:15:00,4.586103333,5.577507974285776,6.191803272128114
2026-03-05 16:30:00,5.29507,5.061039498936634,5.703364767360104
2026-03-05 16:45:00,3.213423333,5.491136092145789,5.960531990690248
2026-03-05 17:00:00,3.996813333,3.980551091044074,3.8831214891616854
2026-03-05 17:15:00,5.00234,4.613126348334272,4.169364514553477
2026-03-05 17:30:00,4.266053333,5.113061631096318,5.264783636971931
2026-03-05 17:45:00,3.11673,3.9216458081306316,4.360094465157028
2026-03-05 18:00:00,2.479906667,3.025424780087999,3.0798072109195767
2026-03-05 18:15:00,1.4856,2.4555605880242317,2.6640977900678786
2026-03-05 18:30:00,1.370503333,1.7431838783392644,2.1034314784230155
2026-03-05 18:45:00,1.51909,1.7689896894839083,1.8276647495125127
2026-03-05 19:00:00,2.28345,1.9261982802398914,1.819597177248668
2026-03-05 19:15:00,2.060393333,2.342256154921159,2.2318323715342836
2026-03-05 19:30:00,2.19608,2.0823581132878726,2.1572528009295993
2026-03-05 19:45:00,2.29436,2.3836768866597335,2.3166916816403282
2026-03-05 20:00:00,2.36793,2.1635720673282073,2.298767348821135
2026-03-05 20:15:00,2.00831,2.3854798126603898,2.4323204441623725
2026-03-05 20:30:00,2.131443333,2.170896157531578,2.1060176250084486
2026-03-05 20:45:00,1.958246667,2.232760255815716,2.1573027997841514
2026-03-05 21:00:00,1.795856667,2.4152707735644534,1.9720112098579783
2026-03-05 21:15:00,1.917073333,2.4866460458511015,2.0316752135823926
2026-03-05 21:30:00,1.577516667,2.3922546166047667,2.0795451873525663
2026-03-05 21:45:00,1.272853333,2.038293168680814,1.792856323606761
2026-03-05 22:00:00,1.809296667,1.617084855291881,1.6070222567624408
2026-03-05 22:15:00,1.80954,1.954620106626479,1.875578209954005
2026-03-05 22:30:00,1.432536667,1.9166100977476712,1.845670441672692
2026-03-05 22:45:00,1.34992,1.623936822100188,1.6399157522609364
2026-03-05 23:00:00,1.58396,1.4569458107254354,1.565087160871423
2026-03-05 23:15:00,1.91067,1.5946436305416523,1.6533489465918576
2026-03-05 23:30:00,1.55523,1.7072994079240404,1.8430410077358976
2026-03-05 23:45:00,1.579063333,1.50345266358306,1.5082181639531564
2026-03-06 00:00:00,1.040753333,1.3412322207668201,1.432461215522498
2026-03-06 00:15:00,0.903113333,1.0801095425641147,1.2110340796784689
2026-03-06 00:30:00,1.24538,1.004663865799219,1.0909137430826454
2026-03-06 00:45:00,1.532806667,1.2051074825354844,1.3214880440259258
2026-03-06 01:00:00,1.217646667,1.3441808907105035,1.3985972012021695
2026-03-06 01:15:00,1.167406667,1.1968658975019837,1.2588923133894039
2026-03-06 01:30:00,1.834983333,1.2963547979740395,1.4391867132456893
2026-03-06 01:45:00,4.60844,1.877991220997852,2.729198768168796
2026-03-06 02:00:00,4.320816667,2.80249030378858,3.7602152826881032
2026-03-06 02:15:00,4.44333,2.7900530929259983,4.091773016452836
2026-03-06 02:30:00,4.632783333,2.857958593660184,4.209829718954994
2026-03-06 02:45:00,4.729183333,3.4752296799173568,4.078696336267102
2026-03-06 03:00:00,3.77218,4.122401278393017,3.7960314642830664
2026-03-06 03:15:00,1.54635,3.3480551190835137,2.8477472542640783
2026-03-06 03:30:00,1.8079,1.5131380477479637,1.5205368166977893
2026-03-06 03:45:00,1.193223333,1.575681300488856,1.7472314817425763
2026-03-06 04:00:00,1.099903333,1.5339479837592092,1.5134998447250034
2026-03-06 04:15:00,1.073713333,1.6718586625521676,1.510623648856598
2026-03-06 04:30:00,1.1947,1.819923087776475,1.6687479369609506
2026-03-06 04:45:00,1.094146667,1.7140239918866105,1.4015139218900055
2026-03-06 05:00:00,1.019453333,1.643541457594471,1.263377835504798
2026-03-06 05:15:00,1.224806667,1.5638676503643374,1.2447668956061342
2026-03-06 05:30:00,1.0281,1.6777466952182283,1.3414655566079035
2026-03-06 05:45:00,1.113883333,1.441610423963716,1.1819054070318156
2026-03-06 06:00:00,1.206126667,1.596424146449833,1.3640900350495442
2026-03-06 06:15:00,1.04067,1.633280957028692,1.4084863920927453
2026-03-06 06:30:00,1.333433333,1.4173723991665879,1.2199547010698988
2026-03-06 06:45:00,1.13085,1.6141627237353229,1.3477436705754453
2026-03-06 07:00:00,1.14774,1.4427143523822834,1.3392844594177769
2026-03-06 07:15:00,1.230133333,1.3706860967002035,1.3439047642303978
2026-03-06 07:30:00,2.000756667,2.9730234107926234,2.155193128126031
2026-03-06 07:45:00,3.982533333,2.3685517348175114,2.3867058797424354
2026-03-06 08:00:00,1.130396667,2.9218984258336747,3.0461988899716474
2026-03-06 08:15:00,1.004633333,1.7453628589762884,1.7394140319836326
2026-03-06 08:30:00,1.66452,1.7865072331546228,1.8720303088910804
2026-03-06 08:45:00,2.26401,2.2656298855214967,2.228109180426667
2026-03-06 09:00:00,3.910833333,3.195479026275732,2.7494172029006894
2026-03-06 09:15:00,3.542393333,3.5914266979861487,3.4227386989052113
2026-03-06 09:30:00,4.755663333,3.378700107077922,3.401387673031795
2026-03-06 09:45:00,1.659276667,4.030467695821046,3.7649753263083396
2026-03-06 10:00:00,1.069866667,1.950474608542072,1.62325938837326
2026-03-06 10:15:00,1.30759,1.2558749943326974,1.1835225126184867
2026-03-06 10:30:00,1.503436667,1.4054988817358909,1.3916684990528463
2026-03-06 10:45:00,0.682336667,1.447249243603859,1.3345701515474613
2026-03-06 11:00:00,0.958996667,0.8607707166021097,0.8802707121988972
2026-03-06 11:15:00,0.17714,0.909119776018174,0.9273281305540756
2026-03-06 11:30:00,0.00948,0.5627215145059952,0.6382576691898768
2026-03-06 11:45:00,0.0,0.47541531354787164,1.220503819441837
2026-03-06 12:00:00,9.400813333,1.8337102499347162,2.738353663532021
2026-03-06 12:15:00,11.41280333,10.612440633735028,11.117740394601034
2026-03-06 12:30:00,11.76954,13.065648555086266,11.223095361323509
2026-03-06 12:45:00,8.003813333,12.00757019540082,12.125953443692012
2026-03-06 13:00:00,7.56243,8.839508298674632,10.7395495306777
2026-03-06 13:15:00,7.513416667,8.53367272216031,10.023761498066069
2026-03-06 13:30:00,6.198893333,7.304357232984919,8.908194660599026
2026-03-06 13:45:00,9.301596667,5.352302905333608,6.366569654827849
2026-03-06 14:00:00,10.20720667,5.99179261497722,7.608551052030065
2026-03-06 14:15:00,5.43552,8.362675998575941,9.532998610699517
2026-03-06 14:30:00,6.02797,4.4921354249159435,5.664750348355696
2026-03-06 14:45:00,6.31235,4.660971931824531,6.069514297671796
2026-03-06 15:00:00,4.60015,4.847816795986843,5.74784734107214
2026-03-06 15:15:00,2.510433333,4.3226023304710015,4.702084767620109
2026-03-06 15:30:00,3.34672,3.2817756589678426,3.48557193239445
2026-03-06 15:45:00,1.492796667,3.3885088602659814,3.849485034540569
2026-03-06 16:00:00,2.71224,2.398333509408236,2.801134981679592
2026-03-06 16:15:00,2.537583333,3.0465835443179543,3.219420714522865
2026-03-06 16:30:00,2.83,2.8293148593131026,3.239256798096448
2026-03-06 16:45:00,4.2502,2.9168132708539996,2.8290979844529907
2026-03-06 17:00:00,2.38705,4.133141829437554,3.7220050832994307
2026-03-06 17:15:00,2.45417,2.842996256294549,2.7205094110322725
2026-03-06 17:30:00,6.069753333,2.991363961454431,2.766898263954326
2026-03-06 17:45:00,5.705203333,4.786745138285373,5.110887114812199
2026-03-06 18:00:00,3.325743333,5.025377852536429,5.272061505805332
2026-03-06 18:15:00,2.334366667,3.317981750061155,3.2293718395827358
2026-03-06 18:30:00,1.73855,2.3245186018514894,2.3346126867992383
2026-03-06 18:45:00,2.025866667,1.8561817021623075,1.7308385446375913
2026-03-06 19:00:00,2.04806,2.3568601516157135,2.103154568892866
2026-03-06 19:15:00,1.901066667,2.3099886399510585,2.1672622720248804
2026-03-06 19:30:00,1.93352,2.2006755815069097,2.0948648210968086
2026-03-06 19:45:00,2.630363333,2.113050035305834,2.1516040742492133
2026-03-06 20:00:00,2.21579,2.481432759794654,2.5238612046452245
2026-03-06 20:15:00,1.915333333,2.269943899435177,2.210824330865629
2026-03-06 20:30:00,1.68546,2.089791370673397,2.0910996185567625
2026-03-06 20:45:00,2.001826667,2.010099783719887,1.9810088431081898
2026-03-06 21:00:00,2.101356667,2.5206165108266845,2.3155561633730084
2026-03-06 21:15:00,2.119053333,2.6176823717886912,2.386971029143425
2026-03-06 21:30:00,1.564743333,2.342816722226002,2.331011652208165
2026-03-06 21:45:00,1.991093333,1.984174902576935,1.8679797095408721
2026-03-06 22:00:00,1.841446667,1.9188983940416615,1.879211339583563
2026-03-06 22:15:00,1.39426,1.897151464402872,1.760134015516434
2026-03-06 22:30:00,1.59046,1.67137302831381,1.4702701184333
2026-03-06 22:45:00,1.61921,1.7209703407590877,1.5398807919283886
2026-03-06 23:00:00,1.88254,1.4914169986230694,1.5223824007639188
2026-03-06 23:15:00,1.68128,1.7403873167324238,1.7527272679630552
2026-03-06 23:30:00,1.624873333,1.5931143637854288,1.5616618052932627
2026-03-06 23:45:00,1.626026667,1.4898508173842226,1.5198996232952242
2026-03-07 00:00:00,1.818253333,1.2610251012379818,1.5070682617025548
2026-03-07 00:15:00,1.12917,1.4909123627954668,1.6062296088654877
2026-03-07 00:30:00,1.520213333,1.1986431357873872,1.229470425106637
2026-03-07 00:45:00,1.61898,1.3527974151800106,1.4204090888631442
2026-03-07 01:00:00,1.45422,1.2968115795925956,1.4569064362609627
2026-03-07 01:15:00,0.889733333,1.234703349888067,1.3398791915266575
2026-03-07 01:30:00,2.235296667,1.0024376987305912,1.2070769224893911
2026-03-07 01:45:00,4.837426667,2.1605325131668933,2.9913598172780618
2026-03-07 02:00:00,4.709816667,2.6227377949776525,4.247730272876899
2026-03-07 02:15:00,4.55155,2.6847106460883103,4.194334475550013
2026-03-07 02:30:00,4.35214,2.8539418408041777,4.190517256643427
2026-03-07 02:45:00,4.48947,3.4786426600067495,4.1623350613726995
2026-03-07 03:00:00,3.649273333,3.9736362777113734,3.6914773494557034
2026-03-07 03:15:00,2.010186667,3.082499874845804,2.851541552785167
2026-03-07 03:30:00,1.849746667,1.6879510048552446,1.742852578261648
2026-03-07 03:45:00,1.129376667,1.4758114740371575,1.7265719782526856
2026-03-07 04:00:00,1.053806667,1.3465418694072246,1.3888541630653053
2026-03-07 04:15:00,1.369496667,1.4574372336106125,1.3983515221380483
2026-03-07 04:30:00,1.20682,1.675866818003909,1.5091456885957217
2026-03-07 04:45:00,1.095776667,1.5348539712069142,1.3374651471830366
2026-03-07 05:00:00,1.153853333,1.4923856727129536,1.276721849512187
2026-03-07 05:15:00,1.349116667,1.5326389334900132,1.3119298273978166
2026-03-07 05:30:00,1.305146667,1.631291042761329,1.3735818998010245
2026-03-07 05:45:00,1.275936667,1.6508736739456429,1.336422735812565
2026-03-07 06:00:00,1.162966667,1.6990649257073775,1.4246645663988817
2026-03-07 06:15:00,1.350576667,1.4914084680699642,1.3156847631030393
2026-03-07 06:30:00,1.200786667,1.656959270980465,1.4206658184122252
2026-03-07 06:45:00,1.288703333,1.4611872333075198,1.2674679101894415
2026-03-07 07:00:00,1.27877,1.5184951460258413,1.4250311399811388
2026-03-07 07:15:00,1.314333333,1.5433407646143773,1.4583392618029487
2026-03-07 07:30:00,1.37638,1.6674788217748766,1.5937364730809376
2026-03-07 07:45:00,0.699936667,1.8193448789207123,1.969250422387116
2026-03-07 08:00:00,1.018076667,0.9565592060549771,1.0616004694295034
2026-03-07 08:15:00,1.43947,1.3865640485606912,1.2008050315602647
2026-03-07 08:30:00,4.801653333,1.775407757552044,1.6491405008992353
2026-03-07 08:45:00,1.805583333,3.2903971238953384,3.304773550766021
2026-03-07 09:00:00,0.632043333,3.3110257139679504,3.2410000270498873
2026-03-07 09:15:00,2.293,2.234369670695715,2.6129159710811813
2026-03-07 09:30:00,3.821563333,3.370739557104309,3.0770043350602334
2026-03-07 09:45:00,2.81517,3.7930171982485135,3.7305011942002473
2026-03-07 10:00:00,2.23417,2.333647887629242,2.5505057437001626
2026-03-07 10:15:00,1.215333333,2.09037124171506,2.0768374864432326
2026-03-07 10:30:00,3.788483333,1.2051680707159,1.3936849215313611
2026-03-07 10:45:00,4.60907,2.6153735732431325,3.274129712634304
2026-03-07 11:00:00,4.157746667,3.3932618545132596,3.6239868900632244
2026-03-07 11:15:00,2.82761,3.7462336756358807,3.5981319676539116
2026-03-07 11:30:00,2.003643333,2.98111263317994,2.747433215346587
2026-03-07 11:45:00,2.524226667,2.2385618370230964,2.6019879995097344
2026-03-07 12:00:00,3.50834,2.216156730154376,3.4427970660456033
2026-03-07 12:15:00,12.81942,4.826802442380954,3.700600772781234
2026-03-07 12:30:00,13.40920333,13.334175532880774,11.79361974372044
2026-03-07 12:45:00,13.5995,11.689759822545279,12.53566048636679
2026-03-07 13:00:00,15.03195,11.346515295032031,12.51803802739402
2026-03-07 13:15:00,14.05257,11.167872506461787,11.942079106845156
2026-03-07 13:30:00,16.34942667,10.643403117087528,12.083397262868449
2026-03-07 13:45:00,17.52203,11.55417787090683,13.316253534791262
2026-03-07 14:00:00,15.37602,11.024060259522608,13.01614738197254
2026-03-07 14:15:00,15.49669667,11.264180307518737,12.061273832629158
2026-03-07 14:30:00,6.09369,11.821613466593895,12.001486117054366
2026-03-07 14:45:00,5.46819,6.199697010192976,6.379308692410068
2026-03-07 15:00:00,5.644723333,6.063394315230452,6.243857846194849
2026-03-07 15:15:00,3.97215,6.722773623171848,6.877266029930808
2026-03-07 15:30:00,3.097146667,4.732666341013343,5.1330059211253065
2026-03-07 15:45:00,1.745953333,4.359743839863181,4.414571607955677
2026-03-07 16:00:00,3.920966667,3.1537950790986824,3.0739621469971627
2026-03-07 16:15:00,6.357166667,5.0540834061437945,4.6766090588063305
2026-03-07 16:30:00,5.830233333,6.716792114226659,6.856025805047374
2026-03-07 16:45:00,7.47383,6.414673136949205,5.968074078999415
2026-03-07 17:00:00,6.51185,7.404017608465804,6.7995381558454495
2026-03-07 17:15:00,7.982286667,6.060901261519844,6.445413797287357
2026-03-07 17:30:00,7.48177,7.196425497180321,6.985117353646144
2026-03-07 17:45:00,6.910873333,7.438964413239957,7.453933691914621
2026-03-07 18:00:00,6.449976667,7.608606881911261,7.1680973510295685
2026-03-07 18:15:00,6.10608,6.788862276036321,6.116779406455057
2026-03-07 18:30:00,6.487373333,6.7875864896623535,5.788018366871279
2026-03-07 18:45:00,7.66272,7.242072465379859,6.017607813691401
2026-03-07 19:00:00,6.346013333,7.485474382288215,7.237501584129319
2026-03-07 19:15:00,6.56472,5.911675620124665,6.199664874999352
2026-03-07 19:30:00,11.65772333,6.335397526748094,6.605945794201354
2026-03-07 19:45:00,9.99565,9.718207252729485,10.218857290505339
2026-03-07 20:00:00,8.45006,7.917327304362176,8.063018085214907
2026-03-07 20:15:00,6.759513333,7.240936689555357,6.8825382279979745
2026-03-07 20:30:00,7.366123333,6.003456101122915,6.0265198618462765
2026-03-07 20:45:00,3.83901,5.950228105008649,6.5953095119999166
2026-03-07 21:00:00,4.097303333,3.833742598055001,3.4472362884925722
2026-03-07 21:15:00,2.569493333,3.8936925806974703,3.774376947494205
2026-03-07 21:30:00,1.88954,2.42842427092625,2.3758957486413066
2026-03-07 21:45:00,4.695406667,2.405513445050807,2.1945756760044066
2026-03-07 22:00:00,5.810993333,4.3169674267090095,3.992109354429311
2026-03-07 22:15:00,5.364136667,5.089615599778916,4.625846641640443
2026-03-07 22:30:00,5.068673333,4.919441271594747,4.47108547440879
2026-03-07 22:45:00,5.321116667,4.872464624624482,4.188083567763697
2026-03-07 23:00:00,5.381726667,4.735483064972655,4.199597252474203
2026-03-07 23:15:00,5.550356667,5.126267759353041,4.40874085036081
2026-03-07 23:30:00,5.014746667,5.065174531487847,4.395644783469445
2026-03-07 23:45:00,5.346293333,4.510222695108854,4.139622524185127
2026-03-08 00:00:00,5.10699,4.392231687871456,4.190352813084288
2026-03-08 00:15:00,5.373646667,4.4727179604815035,4.043054739678362
2026-03-08 00:30:00,4.969626667,4.820057064337934,4.19589244213602
2026-03-08 00:45:00,4.896633333,4.497225966111108,3.916405286636469
2026-03-08 01:00:00,1.316136667,4.195742364138514,3.937059627359283
2026-03-08 01:15:00,1.304283333,1.4176868517187695,1.8570693574091064
2026-03-08 01:30:00,1.466226667,1.6016188512298684,1.8080444631885835
2026-03-08 01:45:00,4.70852,1.6917699286420531,2.650144828764005
2026-03-08 02:00:00,1.749333333,3.5049619851891713,4.336929046274097
2026-03-08 02:15:00,1.881333333,1.9786619461681585,2.3942867215436343
2026-03-08 02:30:00,2.000666667,2.033473247422913,2.41388591934991
2026-03-08 02:45:00,1.977,1.8359430389683273,2.468166420136812
2026-03-08 03:00:00,3.349333333,2.5131530962321476,2.3444565352435864
2026-03-08 03:15:00,2.399666667,3.317366685664457,3.002144311793071
2026-03-08 03:30:00,1.478,2.7120469895017383,2.3098558621352727
2026-03-08 03:45:00,1.248333333,1.8010435681073806,1.5063048835287711
2026-03-08 04:00:00,1.314666667,1.4032241853622,1.4483622117739146
2026-03-08 04:15:00,0.829666667,1.7399617193617858,1.523382400319378
2026-03-08 04:30:00,1.212666667,1.3412841296696103,1.2194236786806618
2026-03-08 04:45:00,4.411333333,1.6404248906804744,1.3623454911386024
2026-03-08 05:00:00,3.130333333,2.4173472075611118,2.9805892358415003
2026-03-08 05:15:00,0.998,1.990967253159774,2.422650910639529
2026-03-08 05:30:00,1.434,1.0912362034817342,1.2479383763317802
2026-03-08 05:45:00,1.482333333,1.2325725043731408,1.3294405089032417
2026-03-08 06:00:00,2.718333333,1.5980739489457272,1.4595180198686672
2026-03-08 06:15:00,4.608666667,3.642269387296048,2.5422250346814663
2026-03-08 06:30:00,2.408,2.8588672499220262,3.103594725221794
2026-03-08 06:45:00,1.222,2.0921815044839382,2.2556993315992875
2026-03-08 07:00:00,1.101666667,1.570060593425621,1.6105643054886316
2026-03-08 07:15:00,0.915666667,1.5743590654755524,1.4973518032678248
2026-03-08 07:30:00,3.512,1.8178964840440326,1.4550147257950587
2026-03-08 07:45:00,4.832113333,3.737826286637927,3.1358364133230974
2026-03-08 08:00:00,1.402626667,3.633756485547792,3.8957158069598954
2026-03-08 08:15:00,2.550846667,1.995576494046898,1.875431000167742
2026-03-08 08:30:00,6.254156667,2.8324526256514297,2.88674682822223
2026-03-08 08:45:00,6.128193333,4.6186400575651945,4.332138572877653
2026-03-08 09:00:00,11.91015333,5.343756998091334,5.345764175092203
2026-03-08 09:15:00,9.456803333,10.68562812169528,10.316562011293755
2026-03-08 09:30:00,7.67681,7.223703737071147,8.611061955264452
2026-03-08 09:45:00,10.07361667,6.184576636226117,6.304430241261055
2026-03-08 10:00:00,10.20342667,8.17270378224392,8.42197190867429
2026-03-08 10:15:00,5.692686667,9.63511788811617,9.304359294786709
2026-03-08 10:30:00,3.914786667,4.621779713428754,5.230071110440215
2026-03-08 10:45:00,6.82834,2.93499282099392,3.380287281716048
2026-03-08 11:00:00,4.38953,5.242642347029162,5.8757576134238505
2026-03-08 11:15:00,5.091056667,3.715131610386541,4.3033994021765185
2026-03-08 11:30:00,4.271296667,3.835858381437135,4.511869316905429
2026-03-08 11:45:00,6.399116667,3.6852662323218106,4.31346526824176
2026-03-08 12:00:00,4.58123,5.192088800250423,5.906642763497379
2026-03-08 12:15:00,4.96015,1.932012636430715,3.574121447376664
2026-03-08 12:30:00,6.099673333,2.8612493995228054,4.80475161148736
2026-03-08 12:45:00,7.406436667,4.557182886132784,5.762567640416096
2026-03-08 13:00:00,6.276266667,6.364484155368969,5.566974894233319
2026-03-08 13:15:00,5.54448,5.043901362519773,5.553519564750015
2026-03-08 13:30:00,7.155883333,4.459274905309216,5.565089954705375
2026-03-08 13:45:00,10.79234,5.606348946513669,6.111800482766894
2026-03-08 14:00:00,12.98298333,7.339212839761226,8.549588407848418
2026-03-08 14:15:00,11.73014333,8.697916819272109,10.720268747515059
2026-03-08 14:30:00,10.96687,7.818507041400473,10.205639087475388
2026-03-08 14:45:00,11.84210333,8.052399156597021,9.83947139492172
2026-03-08 15:00:00,10.23799333,8.369516770640088,9.907591762914057
2026-03-08 15:15:00,10.42401333,7.872100406984753,9.035538597300956
2026-03-08 15:30:00,9.59895,8.584802687728397,8.382353761434727
2026-03-08 15:45:00,6.384,8.437894267379061,8.386387022778887
2026-03-08 16:00:00,5.64393,5.758898286019806,6.43776106284182
2026-03-08 16:15:00,6.91558,5.0847618995564305,5.506054157753442
2026-03-08 16:30:00,6.171886667,6.673686923269703,6.916231625455128
2026-03-08 16:45:00,5.460283333,5.6709806952358335,5.736677880373199
2026-03-08 17:00:00,5.145253333,4.829278665915163,5.420164046171448
2026-03-08 17:15:00,6.604526667,4.247227747881839,5.655438367477313
2026-03-08 17:30:00,3.74705,4.8856520509252315,5.612905651408235
2026-03-08 17:45:00,6.298416667,3.8653265103610472,4.017127708432965
2026-03-08 18:00:00,1.518883333,4.819019234670264,5.288303749639213
2026-03-08 18:15:00,2.438653333,2.0364925890414183,2.839209173989315
2026-03-08 18:30:00,0.869463333,1.9131573866041578,2.765892230068562
2026-03-08 18:45:00,1.14868,1.4180522574760668,2.8047329835969874
2026-03-08 19:00:00,0.852886667,1.5139745154540154,2.3517091005977555
2026-03-08 19:15:00,0.972323333,1.5233730968797037,2.006435667632767
2026-03-08 19:30:00,1.202023333,1.5694266188590433,1.8823650038132462
2026-03-08 19:45:00,1.71606,1.7382710263669972,1.8993663852162117
2026-03-08 20:00:00,1.686863333,1.6599946917354345,2.0633184628883376
2026-03-08 20:15:00,2.040693333,1.7285903683650767,2.007706794652562
2026-03-08 20:30:00,2.736093333,1.7882203250923414,1.9938260967449963
2026-03-08 20:45:00,2.166716667,2.3070648593660796,2.7668859987883154
2026-03-08 21:00:00,2.267556667,2.423146040089273,2.4708616695492864
2026-03-08 21:15:00,2.34925,2.602687790088189,2.2906481383352344
2026-03-08 21:30:00,1.807636667,2.485688626583275,2.2301755617385544
2026-03-08 21:45:00,1.979873333,2.1959039750909115,2.2070329827449178
2026-03-08 22:00:00,1.583656667,1.7911791950654579,2.154181379099009
2026-03-08 22:15:00,1.94825,1.6862563161796758,2.015736675597443
2026-03-08 22:30:00,2.119936667,1.920383184083107,2.2116562768255714
2026-03-08 22:45:00,3.30335,1.8469500841480386,2.1961826890843463
2026-03-08 23:00:00,1.738643333,2.4370933356123268,3.016048446929855
2026-03-08 23:15:00,1.764196667,1.5317015596325139,2.003490537199352
2026-03-08 23:30:00,1.78475,1.4569292957844193,1.9123401364543349
2026-03-08 23:45:00,1.720616667,1.3926575369466712,1.8036955697134642
2026-03-09 00:00:00,1.512136667,1.3813555592055675,1.975983906808154
2026-03-09 00:15:00,1.501993333,1.3352361846159775,1.7985346483997082
2026-03-09 00:30:00,1.69611,1.3762878367932236,1.7184159964194423
2026-03-09 00:45:00,1.251236667,1.4515908282213483,1.7828718677116848
2026-03-09 01:00:00,1.00269,1.2841672030409481,1.333883651711176
2026-03-09 01:15:00,1.194063333,1.1141355077373694,1.1585175880485115
2026-03-09 01:30:00,2.369866667,1.2916110572983812,1.42846429466474
2026-03-09 01:45:00,4.73324,2.3600722821505444,2.930158570731236
2026-03-09 02:00:00,4.665063333,2.681239292476645,3.3831284023748065
2026-03-09 02:15:00,4.28964,2.609137353113949,3.446751701065771
2026-03-09 02:30:00,4.498456667,2.601745346858119,3.5262101611542565
2026-03-09 02:45:00,4.12946,3.740202495564401,3.4909964744701
2026-03-09 03:00:00,2.51072,3.454774674019998,3.57111025007391
2026-03-09 03:15:00,2.05452,2.3944764468516895,2.317431856132049
2026-03-09 03:30:00,1.436133333,1.7324531607202882,1.8007519127061322
2026-03-09 03:45:00,0.63087,1.5560083672686742,1.5282954894958758
2026-03-09 04:00:00,0.60661,1.0845079110150653,1.2109845349203154
2026-03-09 04:15:00,1.066793333,1.3472624868659113,1.2157914847187812
2026-03-09 04:30:00,0.964893333,1.5900279465890277,1.3336386883566802
2026-03-09 04:45:00,0.934186667,1.5985202745837515,1.2996731301794673
2026-03-09 05:00:00,0.936676667,1.5720525716925977,1.3524970197374175
2026-03-09 05:15:00,1.192786667,1.3454844777296258,1.1067274279578898
2026-03-09 05:30:00,1.1818,1.640457958022691,1.4054019252171996
2026-03-09 05:45:00,1.183273333,1.55888091768763,1.325633605293143
2026-03-09 06:00:00,1.142396667,1.6533049773410309,1.4498683877458645
2026-03-09 06:15:00,0.747603333,1.6740402775266174,1.3236898364127652
2026-03-09 06:30:00,0.70149,1.1887613052912613,1.1542506664460828
2026-03-09 06:45:00,0.989366667,1.132797706661688,1.1075648988317828
2026-03-09 07:00:00,1.24044,1.19551495373774,1.216441841515869
2026-03-09 07:15:00,1.24443,1.3475394087601493,1.3445957428646471
2026-03-09 07:30:00,1.897853333,1.8028476816678778,1.6671042308738804
2026-03-09 07:45:00,1.825936667,2.2963689809893806,2.0911211025007486
2026-03-09 08:00:00,2.364146667,1.748325427089093,1.6805809159542642
2026-03-09 08:15:00,1.301143333,2.3016602581850343,2.2105808527729884
2026-03-09 08:30:00,1.059643333,1.7312829184544323,1.6185395596167984
2026-03-09 08:45:00,0.789913333,1.553226060166521,1.637006686437986
2026-03-09 09:00:00,1.012613333,1.6803191038843024,2.288071378271038
2026-03-09 09:15:00,0.673376667,1.4367904493722856,1.7806611545416349
2026-03-09 09:30:00,0.136976667,1.4721988298243793,1.7239199279213258
2026-03-09 09:45:00,0.0,0.8041501179981527,1.5632365217117334
2026-03-09 10:00:00,0.0,0.22863997484091836,0.9392981112596239
2026-03-09 10:15:00,0.003366667,0.34000731910132115,0.8681698310035031
2026-03-09 10:30:00,0.0,0.38255202390170934,0.8764848511963993
2026-03-09 10:45:00,0.0,0.3438605552315222,0.9036069716603717
2026-03-09 11:00:00,0.0,0.12324438967739494,0.5778229224249819
2026-03-09 11:15:00,0.0,0.10452177896076081,0.5544324796857389
2026-03-09 11:30:00,0.0,0.29170160042135357,0.9088390751443434
2026-03-09 11:45:00,1.821246667,0.4971967751608555,1.160969928505838
2026-03-09 12:00:00,8.301733333,2.9978727041602595,2.5603396937676512
2026-03-09 12:15:00,5.146433333,9.057235960858948,9.040289977103114
2026-03-09 12:30:00,7.72757,7.809194809220271,7.1023103527234355
2026-03-09 12:45:00,4.80763,7.240860331755805,6.926430882854702
2026-03-09 13:00:00,4.132476667,5.723845468278761,4.030018600602525
2026-03-09 13:15:00,4.233413333,5.352683512697802,4.21159829805303
2026-03-09 13:30:00,3.161636667,5.42015984803027,3.7651980755218095
2026-03-09 13:45:00,6.678356667,4.659995327070294,3.2976185038639416
2026-03-09 14:00:00,3.100513333,4.684254010180582,4.3676028555322715
2026-03-09 14:15:00,5.008723333,3.266401272950068,3.097419726839083
2026-03-09 14:30:00,6.641963333,5.180259520461006,5.170762692562649
2026-03-09 14:45:00,4.755466667,5.588471533410403,5.707022296763925
2026-03-09 15:00:00,4.414446667,4.691331047909505,5.160071458129052
2026-03-09 15:15:00,4.604926667,4.501010593776038,4.659355300548287
2026-03-09 15:30:00,2.93552,4.634999338864543,4.516366047324302
2026-03-09 15:45:00,5.286573333,2.83413983678858,3.3462942140745935
2026-03-09 16:00:00,3.027803333,5.0757052375730565,5.138872863497067
2026-03-09 16:15:00,1.916633333,3.265025547797332,2.9525831145790806
2026-03-09 16:30:00,4.513043333,2.6543208676623053,2.417582787601757
2026-03-09 16:45:00,2.969373333,4.47472993182388,3.7860784763735786
2026-03-09 17:00:00,1.49126,3.2113168431156103,3.1682606130964532
2026-03-09 17:15:00,2.479056667,2.532724498396602,2.2213667736441707
2026-03-09 17:30:00,1.613886667,2.6253979442714845,2.5198990136791135
2026-03-09 17:45:00,2.57497,2.1148545979776303,2.1056202397049333
2026-03-09 18:00:00,1.945646667,2.141863286881179,2.506961015660866
2026-03-09 18:15:00,2.614683333,2.063651955286533,1.9779383660828642
2026-03-09 18:30:00,2.199736667,2.087746591458716,2.256498493925761
2026-03-09 18:45:00,2.287366667,2.1639064826391055,2.1631298703372366
2026-03-09 19:00:00,2.52076,2.2227121000235095,2.124978045724658
2026-03-09 19:15:00,2.510116667,2.586311652327617,2.39161891868391
2026-03-09 19:30:00,3.07331,2.5960344696119058,2.5482617366761393
2026-03-09 19:45:00,2.331756667,3.0758071031634886,2.8769039791487594
2026-03-09 20:00:00,2.44297,2.377448378501135,2.3406054080855148
2026-03-09 20:15:00,2.21739,2.4519990074038254,2.422705448937574
2026-03-09 20:30:00,1.839233333,2.3122974723184124,2.3129184260241886
2026-03-09 20:45:00,2.0388,2.043852018640943,1.999561208772918
2026-03-09 21:00:00,1.659993333,2.683289645642666,2.3882645811264616
2026-03-09 21:15:00,1.934036667,2.394384099079406,2.1588779143151204
2026-03-09 21:30:00,2.417976667,2.510571138099081,2.251321761765067
2026-03-09 21:45:00,2.162453333,2.695498316801574,2.5751183036446736
2026-03-09 22:00:00,1.898273333,2.1498774401541634,2.1313365634039227
2026-03-09 22:15:00,2.2325,2.0832636160527542,1.915177310328904
2026-03-09 22:30:00,2.129763333,2.208665123422374,2.1963130947361718
2026-03-09 22:45:00,1.401016667,2.177039600635773,2.249566647824639
2026-03-09 23:00:00,1.655893333,1.5425810598681096,1.4953770925047252
2026-03-09 23:15:00,1.777086667,1.6580331451977681,1.6498390810361228
2026-03-09 23:30:00,1.63498,1.7168381355148992,1.7488740203878734
2026-03-09 23:45:00,1.363696667,1.6549998155065218,1.6321869143309382
2026-03-10 00:00:00,1.521716667,1.319964387038112,1.4865024207497837
2026-03-10 00:15:00,1.432993333,1.3592827272004842,1.5559385080977592
2026-03-10 00:30:00,1.296693333,1.478330581613598,1.5452370817849723
2026-03-10 00:45:00,1.519853333,1.3151496639293483,1.3979333252970798
2026-03-10 01:00:00,1.38689,1.3016231936216058,1.3526498708837547
2026-03-10 01:15:00,1.311,1.2526415113100717,1.3293392307740373
2026-03-10 01:30:00,2.382563333,1.274577780338105,1.384090278985368
2026-03-10 01:45:00,4.689396667,2.0213297509957067,2.7644014944905297
2026-03-10 02:00:00,4.4421,2.4827735449136705,3.831421577038904
2026-03-10 02:15:00,4.533993333,2.6008614468959683,3.8595750895413654
2026-03-10 02:30:00,4.79856,2.9401200301528485,3.8880428078793603
2026-03-10 02:45:00,4.559636667,3.784468868775396,4.0816582187664645
2026-03-10 03:00:00,1.958056667,4.093660751143587,3.5832223888207086
2026-03-10 03:15:00,2.321043333,1.8031596831862025,1.9388416337798344
2026-03-10 03:30:00,1.93386,1.6422474575962043,2.1505604168150323
2026-03-10 03:45:00,1.083863333,1.458131008421328,2.018045833963576
2026-03-10 04:00:00,1.29211,1.4917037631060164,1.3404900934089383
2026-03-10 04:15:00,1.674433333,1.5081521613727986,1.4140325612482902
2026-03-10 04:30:00,1.293956667,1.7756821607193491,1.6442863503722231
2026-03-10 04:45:00,1.02108,1.6411953551557612,1.432133418834717
2026-03-10 05:00:00,1.0998,1.4696784582275733,1.2485651362342696
2026-03-10 05:15:00,1.204363333,1.5204854741874136,1.3014035699823923
2026-03-10 05:30:00,1.386253333,1.5889844537063171,1.3288187520269195
2026-03-10 05:45:00,1.22006,1.6562084582458045,1.3882821431994385
2026-03-10 06:00:00,1.22718,1.6541631642832315,1.3792327282446413
2026-03-10 06:15:00,1.561193333,1.5992713288731673,1.341685759190981
2026-03-10 06:30:00,1.47465,1.6842538784319916,1.4672493219582596
2026-03-10 06:45:00,1.62737,1.6586281840618091,1.3895999168155055
2026-03-10 07:00:00,1.3348,1.6897187328797671,1.61814056764891
2026-03-10 07:15:00,1.602986667,1.5740847972718601,1.4564129417109233
2026-03-10 07:30:00,3.629023333,2.1993269760144627,2.010554491121547
2026-03-10 07:45:00,4.95133,3.1657391182393635,3.0536034685175655
2026-03-10 08:00:00,2.72828,3.802217764327327,3.631836284579492
2026-03-10 08:15:00,5.45323,2.932695155778394,2.59699207471969
2026-03-10 08:30:00,3.691343333,4.512515605768843,3.996315298002178
2026-03-10 08:45:00,3.22576,3.5050219107132463,3.117419405908921
2026-03-10 09:00:00,3.411803333,3.0124796523104806,3.2585831611879654
2026-03-10 09:15:00,2.46718,3.7129875374083228,3.5106378846678443
2026-03-10 09:30:00,2.640333333,2.6210178971843416,2.488027400244266
2026-03-10 09:45:00,2.105006667,2.4480962630595857,2.3864633949597542
2026-03-10 10:00:00,1.146273333,1.6646177520658854,1.7879424856153467
2026-03-10 10:15:00,1.298993333,1.2471872691121446,1.3708565592791373
2026-03-10 10:30:00,0.292276667,1.1426485773919068,1.5735108174811983
2026-03-10 10:45:00,0.831756667,0.5125076846259551,0.7945090550885587
2026-03-10 11:00:00,0.0,0.6559660718909789,0.8438718592381815
2026-03-10 11:15:00,0.545626667,0.23232521287028302,0.6083005057962145
2026-03-10 11:30:00,0.515803333,0.5704560552687548,1.0303523451632495
2026-03-10 11:45:00,0.0,1.0306525289767705,1.9742449103385689
2026-03-10 12:00:00,0.0,0.9141976997160329,3.313600451726304
2026-03-10 12:15:00,9.287593333,1.5111861971125462,4.088068299602536
2026-03-10 12:30:00,11.09608,10.113383060019583,10.20029906516313
2026-03-10 12:45:00,10.67257333,10.156124527363207,10.253299197382583
2026-03-10 13:00:00,11.96448667,9.623925430953872,9.789267060655051
2026-03-10 13:15:00,11.64007333,9.13776317595845,9.965185182174208
2026-03-10 13:30:00,10.07585,8.752513708414039,9.425541654867182
2026-03-10 13:45:00,11.71074333,8.342021073757364,8.39777697166596
2026-03-10 14:00:00,5.251976667,8.72530174730021,8.845479246489985
2026-03-10 14:15:00,6.19537,5.753480773355178,5.1997405101140535
2026-03-10 14:30:00,6.410886667,6.196891686004739,5.594765075403457
2026-03-10 14:45:00,6.263336667,5.561136625148242,5.767971789891682
2026-03-10 15:00:00,4.01302,5.327941244295408,5.348202578331672
2026-03-10 15:15:00,5.616493333,3.970013898174892,3.9703756171800677
2026-03-10 15:30:00,5.11209,5.385378676384058,5.558744228632298
2026-03-10 15:45:00,5.254586667,4.6559701613478985,4.670988204663162
2026-03-10 16:00:00,8.356606667,4.474543814861885,4.791968795754802
2026-03-10 16:15:00,8.068436667,6.56789181508293,6.91762042360777
2026-03-10 16:30:00,4.732086667,6.972045175989898,7.0061374533698055
2026-03-10 16:45:00,5.024843333,4.378499512627444,4.393948685147875
2026-03-10 17:00:00,0.959836667,4.931748593944949,5.009442449594029
2026-03-10 17:15:00,0.654916667,1.9419252528609425,2.116733487219936
2026-03-10 17:30:00,1.363026667,1.1790820080612803,1.760097758589433
2026-03-10 17:45:00,1.907466667,1.9178365943366846,2.1635575716618294
2026-03-10 18:00:00,3.0815,2.1929617237281467,1.957196504513309
2026-03-10 18:15:00,3.57048,3.0591833711778973,2.8849044307944314
2026-03-10 18:30:00,3.441736667,3.443503876467761,3.279336123307518
2026-03-10 18:45:00,3.465783333,3.340912039025919,3.3338176110756566
2026-03-10 19:00:00,3.563043333,3.1607428263983888,3.053181957434172
2026-03-10 19:15:00,3.59518,3.061768092394964,3.0961685045914997
2026-03-10 19:30:00,3.06753,3.2073848356762027,3.2506417585316902
2026-03-10 19:45:00,3.30289,2.8166330838871905,2.7219153939742036
2026-03-10 20:00:00,3.240376667,2.7930472470628347,2.9531051239925112
2026-03-10 20:15:00,3.645286667,2.683660959608838,2.8367520111825613
2026-03-10 20:30:00,3.07004,3.2739685956329843,3.1262774417848136
2026-03-10 20:45:00,2.276326667,2.6699308606113683,2.630754426906334
2026-03-10 21:00:00,2.610346667,2.282714160036749,2.456609960903569
2026-03-10 21:15:00,3.111556667,2.7503165363183975,2.6063624664941094
2026-03-10 21:30:00,2.824043333,2.9031487670246645,2.6850828342606397
2026-03-10 21:45:00,3.428813333,2.705122529590054,2.5223638822959726
2026-03-10 22:00:00,2.845906667,2.8552717256683735,2.898781449346876
2026-03-10 22:15:00,2.6084,2.6300467918220267,2.5611263617032725
2026-03-10 22:30:00,2.12279,2.445305259707562,2.4109722859922726
2026-03-10 22:45:00,2.453083333,2.0585383459541364,2.0648131916124353
2026-03-10 23:00:00,2.651676667,2.081008007527404,2.3002847956486843
2026-03-10 23:15:00,2.60812,2.1075450748946687,2.304664587446132
2026-03-10 23:30:00,2.012696667,2.2915570961339005,2.3335396071786194
2026-03-10 23:45:00,1.631083333,1.9022512925155322,1.9096110815814913
2026-03-11 00:00:00,1.54036,1.6699446250449053,1.6647915169378127
2026-03-11 00:15:00,1.348396667,1.4577601790684882,1.5396990174632226
2026-03-11 00:30:00,1.899796667,1.3914483990185442,1.432134195753708
2026-03-11 00:45:00,1.52749,1.6934160135217309,1.7282251157850035
2026-03-11 01:00:00,1.284666667,1.5082137150307364,1.4394892946789108
2026-03-11 01:15:00,0.99348,1.3190354815082108,1.3305719634838753
2026-03-11 01:30:00,2.626776667,1.2935593557838492,1.4540387128432157
2026-03-11 01:45:00,5.551236667,2.7376043030091406,3.2070787609807443
2026-03-11 02:00:00,5.708173333,3.186245377934253,4.890444143477742
2026-03-11 02:15:00,5.534623333,3.195621530110591,4.971070205182661
2026-03-11 02:30:00,5.813906667,3.8162678850022864,4.815401283395812
2026-03-11 02:45:00,5.68149,4.942806837052892,5.068871987493139
2026-03-11 03:00:00,3.230803333,5.381816938131301,4.6030967044682605
2026-03-11 03:15:00,2.896236667,2.317445504553654,2.945632955623007
2026-03-11 03:30:00,2.602166667,2.130903269306913,2.4575581186870252
2026-03-11 03:45:00,2.02526,2.1624671543755922,2.207050431267114
2026-03-11 04:00:00,1.902816667,2.4952932943660593,1.9161223361897572
2026-03-11 04:15:00,2.253953333,1.9779844353176907,1.8041579046314258
2026-03-11 04:30:00,1.943793333,2.4066515697766677,1.996255136582787
2026-03-11 04:45:00,1.353036667,2.2643836175012613,1.865518831221229
2026-03-11 05:00:00,1.012156667,1.8794007372685912,1.5844097412374012
2026-03-11 05:15:00,1.221833333,1.5285827354693533,1.3999246566718677
2026-03-11 05:30:00,1.244116667,1.682429405665157,1.488835932257292
2026-03-11 05:45:00,1.150233333,1.6947285171258841,1.4162967830285416
2026-03-11 06:00:00,1.120486667,1.7017577998498024,1.402758737373625
2026-03-11 06:15:00,1.2037,1.8858979362276131,1.4078154410934542
2026-03-11 06:30:00,1.119876667,1.886856625061518,1.435888100666469
2026-03-11 06:45:00,1.23379,1.8108846039913151,1.400362005577722
2026-03-11 07:00:00,1.213866667,1.6894020495955084,1.5425264764056243
2026-03-11 07:15:00,1.467333333,1.677250929024068,1.4684899058261827
2026-03-11 07:30:00,3.064,3.0046331779326705,2.137829791937915
2026-03-11 07:45:00,2.408333333,4.810409612254894,3.402061900725618
2026-03-11 08:00:00,3.46,2.9351750554264013,2.7090569899193757
2026-03-11 08:15:00,5.632333333,4.310976125036999,3.583686657242702
2026-03-11 08:30:00,3.477243333,4.757576757758388,4.773170999719202
2026-03-11 08:45:00,2.135856667,3.7355576444173475,3.379374665182726
2026-03-11 09:00:00,4.683313333,3.390622311069115,3.1036834529831676
2026-03-11 09:15:00,2.912583333,4.683124955409852,4.279060991476791
2026-03-11 09:30:00,4.39678,3.107576238477429,2.8994297429336773
2026-03-11 09:45:00,2.34796,4.762839057241661,3.8645555183088796
2026-03-11 10:00:00,0.823516667,2.1611158118870657,2.251817986874987
2026-03-11 10:15:00,0.771703333,1.372541662055028,1.2378724380545991
2026-03-11 10:30:00,0.123636667,1.3102847554071833,1.097224314709673
2026-03-11 10:45:00,2.183563333,0.33305489986950754,0.757579955144958
2026-03-11 11:00:00,3.26478,2.0932380265067247,2.0019449032305254
2026-03-11 11:15:00,4.522143333,2.976138389706412,2.8176399625513073
2026-03-11 11:30:00,2.622776667,3.755117727109074,3.747245020332485
2026-03-11 11:45:00,4.444426667,2.2527894919919853,2.188573629753069
2026-03-11 12:00:00,3.713723333,3.513661192551315,3.760133746224421
2026-03-11 12:15:00,3.9614,3.2168637004151974,3.393368464496804
2026-03-11 12:30:00,4.132573333,3.158239201210298,3.3739481524959287
2026-03-11 12:45:00,3.64007,4.119026722021212,3.325134924719902
2026-03-11 13:00:00,3.76837,3.127200212021442,2.644550787466128
2026-03-11 13:15:00,3.760833333,4.064528863287579,3.1034148882362964
2026-03-11 13:30:00,3.426716667,4.951495357049872,3.871754566849565
2026-03-11 13:45:00,3.139663333,3.2241265110060935,3.524213784972028
2026-03-11 14:00:00,2.65852,3.703416450714512,4.040781663925022
2026-03-11 14:15:00,0.0,3.928020775049956,3.5224617712641404
2026-03-11 14:30:00,9.440326667,1.4043304533812198,3.2459259988149243
2026-03-11 14:45:00,8.553996667,8.106405316820405,7.86645033782075
2026-03-11 15:00:00,6.63393,7.6181647125753065,6.922147825750802
2026-03-11 15:15:00,5.664906667,6.367606108979562,6.135147036223611
2026-03-11 15:30:00,8.783856667,5.016470796232264,5.32331523378433
2026-03-11 15:45:00,13.26135333,7.861916679009358,7.450524904007038
2026-03-11 16:00:00,8.09918,8.456610992135888,10.313817580371076
2026-03-11 16:15:00,8.532833333,6.587122731781849,6.706543803890159
2026-03-11 16:30:00,9.8012,6.644762330456108,7.113045280835891
2026-03-11 16:45:00,11.44802,8.041575176876112,8.576384774861232
2026-03-11 17:00:00,6.897636667,8.891672562533254,10.808253866243657
2026-03-11 17:15:00,5.297173333,5.797644792083284,6.140274632908647
2026-03-11 17:30:00,5.142396667,5.289984959347612,5.262058049587196
2026-03-11 17:45:00,7.38624,5.103746339736163,4.968719124734818
2026-03-11 18:00:00,5.42277,6.835103041845468,6.4629943717646645
2026-03-11 18:15:00,6.310373333,5.813594602221684,5.360519332203401
2026-03-11 18:30:00,7.27953,6.90590710886136,6.194604624821135
2026-03-11 18:45:00,4.1543,7.3759413022502125,7.052705347601641
2026-03-11 19:00:00,6.617036667,4.039328370641513,3.7102699522200893
2026-03-11 19:15:00,4.346656667,6.134892988031942,6.192794726480502
2026-03-11 19:30:00,6.60009,4.081630676959163,3.9514514922024158
2026-03-11 19:45:00,5.75365,7.039844865611991,6.3644543965690055
2026-03-11 20:00:00,6.995736667,5.029350380984163,4.816907672838827
2026-03-11 20:15:00,6.06247,6.291454785674049,6.122437522888854
2026-03-11 20:30:00,4.971216667,5.02968890027103,5.000614308451278
2026-03-11 20:45:00,3.386006667,4.550055174979694,4.333226883055311
2026-03-11 21:00:00,2.21934,3.012925839253997,2.8538435284980097
2026-03-11 21:15:00,2.426106667,2.675375455543732,2.65205410932976
2026-03-11 21:30:00,2.565386667,2.5506937204172364,2.4040666558590416
2026-03-11 21:45:00,1.896436667,2.6298434624023455,2.7210319849589917
2026-03-11 22:00:00,1.80117,2.114850801986487,2.252111483672202
2026-03-11 22:15:00,2.29677,2.09242651279569,2.1045132631231214
2026-03-11 22:30:00,2.302063333,2.291517521511881,2.2100922155173226
2026-03-11 22:45:00,1.795643333,2.3759923093860116,2.2765381341389808
2026-03-11 23:00:00,1.84343,1.852554747323423,1.9476920704616634
2026-03-11 23:15:00,1.97669,1.8963425490072268,1.9804918467648802
2026-03-11 23:30:00,1.747013333,1.8420559588353975,1.9261825167960684
2026-03-11 23:45:00,1.61615,1.660900430663936,1.7633792936190076
2026-03-12 00:00:00,1.689363333,1.4795219297071742,1.615243483160262
2026-03-12 00:15:00,1.386786667,1.589231025094604,1.6187305349110779
2026-03-12 00:30:00,1.173596667,1.3795099352684737,1.4849531441925425
2026-03-12 00:45:00,1.62608,1.3505259876587263,1.33274162105402
2026-03-12 01:00:00,1.19051,1.4511193556484474,1.4941935725559035
2026-03-12 01:15:00,1.278893333,1.222353004837254,1.277805519786158
2026-03-12 01:30:00,2.522203333,1.5565779720900415,1.7845787311566788
2026-03-12 01:45:00,4.829063333,2.5918223148364223,3.4560092335017654
2026-03-12 02:00:00,4.63085,2.865711900123239,4.43284824720019
2026-03-12 02:15:00,1.889753333,3.0175327467163804,4.4389800715015735
2026-03-12 02:30:00,2.053083333,1.714742823175697,2.853454679663869
2026-03-12 02:45:00,1.619713333,1.9371915929987604,2.8769463654394682
2026-03-12 03:00:00,1.95607,1.618416413534903,2.2695940403789256
2026-03-12 03:15:00,2.10943,2.083423404966855,2.083514889465376
2026-03-12 03:30:00,1.468353333,2.177555454786766,2.1784901002016186
2026-03-12 03:45:00,0.809333333,1.7481086100068497,1.635558549247264
2026-03-12 04:00:00,1.45682,1.4018537823904245,1.3960219894588108
2026-03-12 04:15:00,1.434206667,1.8165227837461404,1.6647362781378097
2026-03-12 04:30:00,1.327246667,1.8025479092369032,1.5305337454771333
2026-03-12 04:45:00,0.813303333,1.7073968521154854,1.4064570466560233
2026-03-12 05:00:00,1.09902,1.3211471802084098,1.1067274279578898
2026-03-12 05:15:00,1.32375,1.4863167451380894,1.2977423873797136
2026-03-12 05:30:00,1.25936,1.6415243989959605,1.3737142893042569
2026-03-12 05:45:00,1.408433333,1.6024844522171784,1.3436564560318347
2026-03-12 06:00:00,0.934873333,1.6261905920206274,1.3611759443399192
2026-03-12 06:15:00,0.920603333,1.2253647411796098,1.1348786454856339
2026-03-12 06:30:00,0.833623333,1.1138140586986056,1.1043116338734942
2026-03-12 06:45:00,1.190666667,1.1256163213625148,1.1269476215450527
2026-03-12 07:00:00,1.348096667,1.444190178781817,1.430525184149069
2026-03-12 07:15:00,1.063526667,1.5107260594152894,1.5382715426452376
2026-03-12 07:30:00,3.367666667,3.055624595644694,2.2789178790911406
2026-03-12 07:45:00,4.16477,2.8187614640570615,3.192342787207056
2026-03-12 08:00:00,3.55787,3.207574401236447,3.4923957646632626
2026-03-12 08:15:00,1.579556667,3.504817363267494,3.695192231588586
2026-03-12 08:30:00,1.9659,2.6678187409969074,2.3396954412407474
2026-03-12 08:45:00,3.336683333,2.4341051711839587,2.0466374635652387
2026-03-12 09:00:00,5.368953333,4.042084935978446,3.752684461850672
2026-03-12 09:15:00,1.77625,4.89584400869319,4.5262813325958104
2026-03-12 09:30:00,3.217123333,2.9151241092188807,3.0414914902535646
2026-03-12 09:45:00,1.886093333,3.276466226146916,3.116577978766829
2026-03-12 10:00:00,2.478396667,1.7359227035855782,1.59839358915223
2026-03-12 10:15:00,1.061036667,1.6467314709864669,2.100180556024406
2026-03-12 10:30:00,0.0704,1.4299045886977337,1.20287238293077
2026-03-12 10:45:00,0.081306667,0.3683404171523644,1.0177274502555744
2026-03-12 11:00:00,0.06209,0.43993355622021413,1.2252530415942728
2026-03-12 11:15:00,0.98169,0.9253174956784961,1.7136507816503095
2026-03-12 11:30:00,0.0,1.6763141173796203,1.8528430053590326
2026-03-12 11:45:00,6.181816667,1.790253526141728,3.5858644562560684
2026-03-12 12:00:00,11.41659,12.150228742754848,9.087353207833184
2026-03-12 12:15:00,11.107,11.32529721163812,11.626444655257282
2026-03-12 12:30:00,9.943916667,10.760504375164727,10.811521681872973
2026-03-12 12:45:00,9.676783333,8.462693391098622,8.940412664262508
2026-03-12 13:00:00,9.534256667,8.349542112398973,9.44338849267131
2026-03-12 13:15:00,10.0397,8.599151508842795,9.245372270431195
2026-03-12 13:30:00,10.91251667,8.47764091278875,8.707541897947051
2026-03-12 13:45:00,12.24489667,8.42225853091364,8.82189708911781
2026-03-12 14:00:00,12.11230667,9.15145975334977,9.902575351060106
2026-03-12 14:15:00,9.59661,8.655863708716948,10.389075405625762
2026-03-12 14:30:00,5.75837,7.521565897039267,9.004770843706876
2026-03-12 14:45:00,6.712656667,4.088510502782133,4.998142821214892
2026-03-12 15:00:00,6.146736667,5.457261633354239,5.915391346732878
2026-03-12 15:15:00,3.541756667,5.146542244092541,6.101087708096772
2026-03-12 15:30:00,0.849593333,3.486292003381971,3.5881849096125915
2026-03-12 15:45:00,0.691236667,3.3729745388296046,4.406456941007295
2026-03-12 16:00:00,0.0,2.3325694418834484,3.038628357626756
2026-03-12 16:15:00,1.033196667,1.165515128526554,3.027403458930347
2026-03-12 16:30:00,1.390616667,2.7450555511077086,3.0238609989510072
2026-03-12 16:45:00,1.356893333,2.7236496777144072,2.8331226893446915
2026-03-12 17:00:00,0.776123333,2.2618297929617928,2.13812778566857
2026-03-12 17:15:00,1.81461,1.6750330809769143,2.003397100080796
2026-03-12 17:30:00,3.69394,2.081251410967238,2.3060128037711487
2026-03-12 17:45:00,4.005486667,3.4362751554037416,2.5458443834140763
2026-03-12 18:00:00,4.117393333,3.1388896584980053,2.903113287116119
2026-03-12 18:15:00,2.50253,2.685845703659908,2.929546473727708
2026-03-12 18:30:00,2.02655,2.3117417079314317,2.1037080541151907
2026-03-12 18:45:00,1.46021,2.117312049662807,2.3293085099146134
2026-03-12 19:00:00,1.351526667,1.5591919505210219,2.2898102189169207
2026-03-12 19:15:00,1.89975,1.832939614815979,2.1751316309938424
2026-03-12 19:30:00,2.257813333,2.093632783249165,2.2473214694632593
2026-03-12 19:45:00,1.857956667,2.2612212597688597,2.697465066243846
2026-03-12 20:00:00,1.77158,2.017617636769887,2.298625049841873
2026-03-12 20:15:00,1.784546667,1.9379628079250164,2.422706196560492
2026-03-12 20:30:00,1.548286667,2.066460138393109,2.365505354761244
2026-03-12 20:45:00,1.839773333,1.925203247067306,1.9842375821603275
2026-03-12 21:00:00,1.539733333,2.5740128337422257,2.2942077575602706
2026-03-12 21:15:00,1.949923333,2.5725964646891013,2.2167326259230657
2026-03-12 21:30:00,1.493803333,2.5153908993635077,2.3858301019751464
2026-03-12 21:45:00,1.919726667,2.0462584050239108,1.9525757855443882
2026-03-12 22:00:00,1.82652,1.943325140542777,1.9761442122522581
2026-03-12 22:15:00,1.64548,1.8906574375444758,1.970393064004206
2026-03-12 22:30:00,1.535863333,1.8503531336082912,1.7583160000375095
2026-03-12 22:45:00,2.122763333,1.7701457781837888,1.6439720231753912
2026-03-12 23:00:00,2.040236667,1.8731049236304465,2.059778730362172
2026-03-12 23:15:00,2.011443333,1.8784603662270036,2.005228285851365
2026-03-12 23:30:00,1.419473333,1.8086159512086306,1.8408098341376824
2026-03-12 23:45:00,1.82257,1.4277026108525983,1.45370216565636
2026-03-13 00:00:00,1.62496,1.5112311852305127,1.6316823391618274
2026-03-13 00:15:00,1.504003333,1.3749291028227908,1.4586815674145868
2026-03-13 00:30:00,1.55536,1.3448958525338692,1.42498725881969
2026-03-13 00:45:00,1.52614,1.3931710063772669,1.4253090099814731
2026-03-13 01:00:00,1.07398,1.2852310553052566,1.369231598464813
2026-03-13 01:15:00,0.804846667,1.1197866125899592,1.1813114873852588
2026-03-13 01:30:00,2.703326667,1.0836795386613671,1.375844146319008
2026-03-13 01:45:00,4.951053333,2.132798570534721,3.256336567778712
2026-03-13 02:00:00,4.72585,2.6350799721140907,4.196917895146829
2026-03-13 02:15:00,4.75939,2.531754994917265,3.605034180924089
2026-03-13 02:30:00,4.7444,2.8101659665376286,3.7109183387249236
2026-03-13 02:45:00,4.522246667,3.778316750275264,3.54426346010578
2026-03-13 03:00:00,1.926263333,4.181013252067863,3.4716567910622826
2026-03-13 03:15:00,1.776376667,1.882111417978849,1.9595135916541326
2026-03-13 03:30:00,1.49653,1.5418787611401663,1.7457744300546196
2026-03-13 03:45:00,1.24906,1.2978019150843914,1.642328788335134
2026-03-13 04:00:00,1.256073333,1.6652758978974638,1.5894155347478485
2026-03-13 04:15:00,1.33056,1.6646834017619774,1.5661383032435368
2026-03-13 04:30:00,1.249126667,1.6637636645306,1.5249682184933706
2026-03-13 04:45:00,1.267936667,1.5412437788243898,1.353835371460171
2026-03-13 05:00:00,1.312613333,1.5940530927367151,1.3525324491553359
2026-03-13 05:15:00,1.35238,1.6177011346086123,1.3724186998720427
2026-03-13 05:30:00,1.070356667,1.6414017615681653,1.3974209554251789
2026-03-13 05:45:00,1.33955,1.4449327453184788,1.2642262164842841
2026-03-13 06:00:00,0.992533333,1.7191679634369983,1.4089758523341327
2026-03-13 06:15:00,1.197726667,1.3576041266324146,1.2039912932710481
2026-03-13 06:30:00,1.354913333,1.492516708094755,1.2964462941324284
2026-03-13 06:45:00,0.860786667,1.5158784310765818,1.3564407698767875
2026-03-13 07:00:00,1.273183333,1.205500141140408,1.1436193073118848
2026-03-13 07:15:00,1.036386667,1.4571722738913655,1.3894993339170578
2026-03-13 07:30:00,2.85963,1.8984558665552254,1.740396917435167
2026-03-13 07:45:00,3.243743333,3.2210629391623953,3.305747598464027
2026-03-13 08:00:00,2.173436667,3.1726923531899756,3.119243469626471
2026-03-13 08:15:00,1.536606667,2.065053181967487,1.9811303569940568
2026-03-13 08:30:00,1.336513333,1.9498164634286197,1.6832747357465037
2026-03-13 08:45:00,3.015873333,2.333458932942062,2.0556867012637605
2026-03-13 09:00:00,3.719833333,3.996828055037559,3.8801502429089916
2026-03-13 09:15:00,4.063123333,3.7832335161915487,3.4066912697422453
2026-03-13 09:30:00,3.909876667,4.160001325270206,3.9034586386365056
2026-03-13 09:45:00,2.176723333,3.52550778323028,3.0522508178867227
2026-03-13 10:00:00,1.709443333,1.9651530187903161,1.9153251967739415
2026-03-13 10:15:00,0.770093333,1.8854318982074152,1.7223953835793058
2026-03-13 10:30:00,0.659876667,1.4643818797542931,1.1938823989975222
2026-03-13 10:45:00,1.332386667,1.0941122220391888,0.9381146014468665
2026-03-13 11:00:00,1.17823,1.321691899418796,1.2080570255415652
2026-03-13 11:15:00,1.265113333,1.081684778602497,0.9661194584217812
2026-03-13 11:30:00,0.93696,1.2748530347629452,1.1919473121987945
2026-03-13 11:45:00,1.72262,0.5048233366261126,1.0071132123510482
2026-03-13 12:00:00,0.384596667,0.5761688058510739,1.510365701574246
2026-03-13 12:15:00,0.345893333,0.6144547668110715,1.9885779166826072
2026-03-13 12:30:00,4.177226667,2.367890701587476,2.9884987232798466
2026-03-13 12:45:00,10.23386,4.998963501250378,5.731286798217933
2026-03-13 13:00:00,10.36292,10.051683683868506,10.315106030530552
2026-03-13 13:15:00,9.902776667,10.368379964410606,9.97110826859543
2026-03-13 13:30:00,11.05735667,8.514822224331036,9.706427452106581
2026-03-13 13:45:00,13.15671667,8.053549575327606,10.562232650402384
2026-03-13 14:00:00,14.05345,8.56651487816967,10.917965269776328
2026-03-13 14:15:00,9.618733333,9.501416049238424,11.261923325270509
2026-03-13 14:30:00,9.373746667,7.385456928930401,8.610199257373653
2026-03-13 14:45:00,9.927213333,7.073997037773721,7.888299212626517
2026-03-13 15:00:00,4.413386667,7.883087082404245,8.352150171405064
2026-03-13 15:15:00,5.61363,4.474230579682869,4.23650019502703
2026-03-13 15:30:00,3.533613333,5.72337179770924,5.540509325945713
2026-03-13 15:45:00,3.244876667,4.166637092989645,4.387388795125596
2026-03-13 16:00:00,3.74197,3.880986758947228,4.074427041566285
2026-03-13 16:15:00,1.64874,3.7300750533837137,4.176671471831267
2026-03-13 16:30:00,2.30616,2.6374480188097595,2.4656788645210193
2026-03-13 16:45:00,2.531293333,3.021560951980993,2.9061388345744548
2026-03-13 17:00:00,3.140533333,2.3652403461735854,2.8610343171236248
2026-03-13 17:15:00,2.834406667,3.03770457341519,3.2249847073698437
2026-03-13 17:30:00,2.528863333,2.6863445049172356,2.965347165572489
2026-03-13 17:45:00,1.785036667,2.6884070562514983,2.9148152364569664
2026-03-13 18:00:00,1.49648,2.674837436535835,2.7328072091142506
2026-03-13 18:15:00,2.351216667,1.587432970258667,1.9540950994760404
2026-03-13 18:30:00,2.27954,1.9999510183380735,1.9311541746213294
2026-03-13 18:45:00,1.774883333,2.0366313816597215,2.289921091090816
2026-03-13 19:00:00,1.979423333,1.886680215909509,1.8847609855855816
2026-03-13 19:15:00,2.437803333,2.040175188951475,2.026728425797978
2026-03-13 19:30:00,2.123786667,2.436660924524388,2.4608862109722494
2026-03-13 19:45:00,2.112566667,2.244979839042779,2.2365996844909386
2026-03-13 20:00:00,2.200493333,2.1560583102098594,2.1318429467809987
2026-03-13 20:15:00,2.567823333,2.213630688154187,2.1853416459527666
2026-03-13 20:30:00,2.126616667,2.3632496385083512,2.482470477545319
2026-03-13 20:45:00,1.86594,2.1720044557973375,2.1630922771266814
2026-03-13 21:00:00,1.71636,2.422401603225166,2.225442877556709
2026-03-13 21:15:00,1.715213333,2.3982849764363148,2.199232117433911
2026-03-13 21:30:00,1.61772,2.157175171053891,2.0377254763249963
2026-03-13 21:45:00,1.827963333,2.0702846039619804,1.958249018979901
2026-03-13 22:00:00,1.787293333,1.9841619121165885,1.8015085070040744
2026-03-13 22:15:00,1.716333333,1.884599869576857,1.7688099183563193
2026-03-13 22:30:00,1.570383333,1.821252363301407,1.6643416913689268
2026-03-13 22:45:00,1.625446667,1.7701714374521256,1.6172322937538048
2026-03-13 23:00:00,1.56687,1.5773750238335595,1.574097853327358
2026-03-13 23:15:00,2.02994,1.5599138426565553,1.5240445793836015
2026-03-13 23:30:00,1.934546667,1.782095589658639,1.8353127090881838
2026-03-13 23:45:00,2.25864,1.7493483043385336,1.8146521199384873
2026-03-14 00:00:00,1.579563333,1.7554793559577873,2.051542841748869
2026-03-14 00:15:00,1.67996,1.3675852400384958,1.4268432001459448
2026-03-14 00:30:00,1.631776667,1.4400001735223005,1.5180152997783256
2026-03-14 00:45:00,1.68545,1.48858831908132,1.5360335791612727
2026-03-14 01:00:00,1.43864,1.4381425918215822,1.5396764258920101
2026-03-14 01:15:00,1.292933333,1.3263072451601354,1.357943270405654
2026-03-14 01:30:00,2.539373333,1.5880668843303323,1.8520888986429298
2026-03-14 01:45:00,4.446936667,2.545925765289052,3.2072925752199026
2026-03-14 02:00:00,4.48563,2.6903488260025923,4.042400116183808
2026-03-14 02:15:00,4.78491,2.739368085073881,3.9702023181825066
2026-03-14 02:30:00,5.06221,3.0496623424981273,4.105969508167827
2026-03-14 02:45:00,4.80062,4.236209220320721,4.187902893736466
2026-03-14 03:00:00,3.706033333,4.395211248314433,3.671000197931221
2026-03-14 03:15:00,2.026146667,3.469971574289109,3.114228393385511
2026-03-14 03:30:00,1.784223333,1.6831226080244495,1.7815289823813847
2026-03-14 03:45:00,1.43186,1.4653013851075876,1.6133127983501092
2026-03-14 04:00:00,1.09777,1.520021248770676,1.4942675357189923
2026-03-14 04:15:00,1.111076667,1.618368811779936,1.4815450295405486
2026-03-14 04:30:00,1.315946667,1.5135107679808755,1.4470442119720661
2026-03-14 04:45:00,1.36092,1.6323781894204432,1.4425472088946476
2026-03-14 05:00:00,1.249876667,1.660356938289427,1.4108863952775663
2026-03-14 05:15:00,1.29439,1.577731439319139,1.3847295227876624
2026-03-14 05:30:00,1.21538,1.623845592139717,1.3535364162827812
2026-03-14 05:45:00,1.322146667,1.6068104668653034,1.346237979097347
2026-03-14 06:00:00,1.140663333,1.7425133776449078,1.3870154599139615
2026-03-14 06:15:00,1.256176667,1.589431510548253,1.3481001519657985
2026-03-14 06:30:00,1.225386667,1.6359588479940237,1.389916110972136
2026-03-14 06:45:00,1.233396667,1.5549475942572804,1.297447343856504
2026-03-14 07:00:00,1.206736667,1.5349716443474972,1.4184513942624186
2026-03-14 07:15:00,1.244533333,1.4468543223153467,1.3701515099571222
2026-03-14 07:30:00,1.422886667,2.040781000440841,1.9641304384520366
2026-03-14 07:45:00,0.97442,1.9412323774202604,2.1462162834873397
2026-03-14 08:00:00,0.860063333,1.2988275441363657,1.4237619350970279
2026-03-14 08:15:00,1.041253333,1.0370176364184729,1.1306644093377485
2026-03-14 08:30:00,3.730106667,1.4733702382879958,1.525786945860924
2026-03-14 08:45:00,1.514433333,3.3328216575373832,3.353829811301033
2026-03-14 09:00:00,4.559296667,2.7495387166854868,2.744300160631575
2026-03-14 09:15:00,3.623973333,3.4937177248185725,3.777636115190518
2026-03-14 09:30:00,4.05135,3.788049304714882,3.824282223929247
2026-03-14 09:45:00,2.197576667,3.832335925940751,3.73767440246
2026-03-14 10:00:00,3.68275,2.076057320856429,1.9149902980734665
2026-03-14 10:15:00,2.781996667,2.943398932558272,2.9261914219253917
2026-03-14 10:30:00,3.28482,2.3228605923075674,2.4055158705743445
2026-03-14 10:45:00,3.142776667,2.8537432204809927,2.8080555041762536
2026-03-14 11:00:00,2.336176667,2.4941596574418465,2.5234934363560066
2026-03-14 11:15:00,0.61075,1.9560053083087883,2.0936981452869907
2026-03-14 11:30:00,0.17437,0.5973219451601406,0.9923570580495576
2026-03-14 11:45:00,0.90189,0.24791629034822144,1.1025336307103464
2026-03-14 12:00:00,0.886163333,0.9551680944366348,1.1956351949788335
2026-03-14 12:15:00,1.36453,1.1383729769902422,1.0934600483313595
2026-03-14 12:30:00,1.26494,1.3344852245299772,1.7426380248553421
2026-03-14 12:45:00,1.4075,0.8379811218762371,1.36613937323564
2026-03-14 13:00:00,0.98395,0.8475281805777091,1.3408714899607497
2026-03-14 13:15:00,1.186633333,0.7514836395944962,1.2542158869207323
2026-03-14 13:30:00,1.507703333,0.7424023232946318,1.5681187164980992
2026-03-14 13:45:00,4.928366667,1.2908478127359821,1.872083890635752
2026-03-14 14:00:00,4.491813333,2.2991776433950717,3.153947126192501
2026-03-14 14:15:00,3.57235,3.8526883318241802,3.4006461911144275
2026-03-14 14:30:00,3.56641,3.019920401470488,2.9521170367580405
2026-03-14 14:45:00,4.26844,2.743350276195629,2.5224842016339144
2026-03-14 15:00:00,4.080793333,4.134568706938675,3.1695110553174604
2026-03-14 15:15:00,3.91257,4.266511369372065,3.1028824278466245
2026-03-14 15:30:00,1.41598,3.8240059324047215,3.062608745269446
2026-03-14 15:45:00,0.873143333,2.221351559111881,2.009495819910634
2026-03-14 16:00:00,1.052853333,1.2295426783815377,1.8466581108738824
2026-03-14 16:15:00,1.131973333,1.6557701760683508,1.641063183870751
2026-03-14 16:30:00,1.101196667,1.819059306268823,1.750119973509768
2026-03-14 16:45:00,0.935826667,2.460333050241905,1.8083460258552808
2026-03-14 17:00:00,1.142443333,2.249947218399495,1.736653946738554
2026-03-14 17:15:00,1.27834,2.4405823436735243,1.7538514862079435
2026-03-14 17:30:00,1.38372,2.421080528096338,1.795294562749552
2026-03-14 17:45:00,1.288356667,2.147496786718436,1.565401097383219
2026-03-14 18:00:00,1.298996667,2.3252527120238975,1.6000864124861627
2026-03-14 18:15:00,1.51686,2.341829125258573,1.6567481834270172
2026-03-14 18:30:00,1.38562,2.7799835691515575,1.9380580585314526
2026-03-14 18:45:00,1.612323333,2.503469926276466,1.7333327678949888
2026-03-14 19:00:00,1.297676667,2.135865063883346,1.7075444527174304
2026-03-14 19:15:00,2.90893,2.1765038395498024,1.8706855005460887
2026-03-14 19:30:00,4.97781,2.9519712840275347,2.8985005767282366
2026-03-14 19:45:00,5.119543333,3.796020940919523,4.22832236530436
2026-03-14 20:00:00,2.306013333,3.7234214331837983,4.122154921698662
2026-03-14 20:15:00,2.211403333,2.479552060196224,2.463787802310778
2026-03-14 20:30:00,2.124893333,2.289623473223172,2.1789946029788974
2026-03-14 20:45:00,2.077703333,2.219148417850388,2.124580013153794
2026-03-14 21:00:00,2.207793333,2.6160503244907534,2.348055226232285
2026-03-14 21:15:00,1.904613333,2.6487667127538463,2.436040303153427
2026-03-14 21:30:00,1.930963333,2.3475335993381847,2.1113235421724754
2026-03-14 21:45:00,1.918756667,2.4323600701511063,2.337982094372708
2026-03-14 22:00:00,1.858976667,2.0889967542288153,2.015883402293338
2026-03-14 22:15:00,1.888703333,2.078283534761571,1.9303344600140522
2026-03-14 22:30:00,1.777103333,2.0096957593285287,1.917972171697548
2026-03-14 22:45:00,1.731363333,2.03434647252138,1.8810357569332277
2026-03-14 23:00:00,1.73053,1.756605077499819,1.717737061795115
2026-03-14 23:15:00,1.819333333,1.8446915931958732,1.8047156610037551
2026-03-14 23:30:00,2.006026667,1.9110313691204015,1.8410631045332435
2026-03-14 23:45:00,1.821046667,2.029584418507487,2.0765208356335596
2026-03-15 00:00:00,1.512346667,1.5771341044507454,1.7480288039140208
2026-03-15 00:15:00,1.798346667,1.5465090268078077,1.628419677023553
2026-03-15 00:30:00,1.555333333,1.651481727860808,1.789728068813865
2026-03-15 00:45:00,1.749,1.5241575441718558,1.628419677023553
2026-03-15 01:00:00,1.622,1.4593375617955358,1.5396198662002933
2026-03-15 01:15:00,1.211666667,1.3409149462156003,1.4309774517255687
2026-03-15 01:30:00,2.251,1.467390626039937,1.6443281744425247
2026-03-15 01:45:00,4.430666667,2.180433366686612,2.984808358366661
2026-03-15 02:00:00,4.524,2.61853938699116,3.977018402597164
2026-03-15 02:15:00,4.641,2.645528856647078,4.155718865609326
2026-03-15 02:30:00,4.496666667,2.8788425980944545,4.333881594324803
2026-03-15 02:45:00,4.185,3.6816225422392894,4.116010419504872
2026-03-15 03:00:00,4.518333333,3.7447957729798493,3.4587891676861
2026-03-15 03:15:00,4.947,4.082200837786832,3.5331425605307
2026-03-15 03:30:00,3.394,3.987991022225873,3.539143682129347
2026-03-15 03:45:00,1.088666667,2.9894746924920517,2.709912113534024
2026-03-15 04:00:00,1.258666667,1.3435583978705037,1.4061552313099088
2026-03-15 04:15:00,1.377,1.328106966476691,1.4240213403120552
2026-03-15 04:30:00,1.131333333,1.4745272796032436,1.4549099072391616
2026-03-15 04:45:00,1.274,1.8312260309663253,1.674520903091586
2026-03-15 05:00:00,1.091,1.8167765407043142,1.664103691224071
2026-03-15 05:15:00,1.492666667,1.5553103715580932,1.3148690098347797
2026-03-15 05:30:00,1.215,1.7308053684370106,1.4680788714273998
2026-03-15 05:45:00,0.980666667,1.6164778779373168,1.3505454161213188
2026-03-15 06:00:00,1.499,1.7074149615819172,1.3681467038357142
2026-03-15 06:15:00,1.125333333,2.054355819096344,1.691366742606534
2026-03-15 06:30:00,1.244,1.706913888757644,1.4920929696529959
2026-03-15 06:45:00,1.198,1.6093922763216815,1.4074188120181452
2026-03-15 07:00:00,1.219666667,1.6276324921694527,1.4684674633356807
2026-03-15 07:15:00,1.455333333,1.623879832259321,1.4102824270836616
2026-03-15 07:30:00,1.077666667,2.0476980958723736,2.006923932445835
2026-03-15 07:45:00,1.136666667,1.406309762621053,1.4938313851623946
2026-03-15 08:00:00,1.01026,1.3783203301701066,1.2130139544757947
2026-03-15 08:15:00,4.89797,1.3106559178858757,1.2324218823828907
2026-03-15 08:30:00,1.525496667,3.949054328163691,3.9067098339503006
2026-03-15 08:45:00,1.36591,2.1913360200784844,2.053099789920709
2026-03-15 09:00:00,3.93977,3.1805489637886413,3.4977745049443834
2026-03-15 09:15:00,2.778983333,4.170834083619712,3.668441911660402
2026-03-15 09:30:00,1.829066667,3.6152124688700376,3.3197686277360248
2026-03-15 09:45:00,1.70358,2.465736043570866,2.4679402631018386
2026-03-15 10:00:00,3.456176667,1.2286553869793528,1.9771468978216722
2026-03-15 10:15:00,1.038596667,2.8126432922623996,3.024488640091105
2026-03-15 10:30:00,2.50946,1.2823205953870132,1.6405581646109233
2026-03-15 10:45:00,2.15653,1.9924935606862595,2.3076897853069793
2026-03-15 11:00:00,1.775053333,1.5288482819858904,1.9452656848348264
2026-03-15 11:15:00,1.651383333,1.9047852832609813,1.5521617808784234
2026-03-15 11:30:00,0.960203333,1.5915514882957664,1.6708381380721564
2026-03-15 11:45:00,2.218253333,0.9629413252950899,1.1039389936731778
2026-03-15 12:00:00,1.115903333,2.2227987400394325,1.9088143635992256
2026-03-15 12:15:00,0.793463333,1.2051856862211248,1.3669811007216932
2026-03-15 12:30:00,0.168973333,1.3420747069763623,1.4779675361064315
2026-03-15 12:45:00,7.002696667,1.2941158131477704,1.8027108162090273
2026-03-15 13:00:00,7.172896667,9.033897691378849,7.9573368155749975
2026-03-15 13:15:00,6.980963333,8.90751314772314,8.844203292543108
2026-03-15 13:30:00,9.966196667,8.720117936323543,7.906638138003911
2026-03-15 13:45:00,11.45031,9.002339357863214,8.62176428122594
2026-03-15 14:00:00,6.848073333,8.020543917673235,9.658471915353104
2026-03-15 14:15:00,8.10015,6.943443604300814,7.207717000647685
2026-03-15 14:30:00,8.906103333,6.1138961314432,6.831916745675495
2026-03-15 14:45:00,11.67559667,7.8995984885272925,8.739806840651445
2026-03-15 15:00:00,11.20479667,7.7586425185445895,9.316295423481769
2026-03-15 15:15:00,11.43771333,7.768902031308558,9.055465278290251
2026-03-15 15:30:00,4.565016667,8.915462556558793,9.158135184902452
2026-03-15 15:45:00,6.459406667,4.748454128436437,4.950698518576192
2026-03-15 16:00:00,8.61072,6.493584073941609,6.412546693260492
2026-03-15 16:15:00,7.550903333,7.716319365079867,7.212881438625127
2026-03-15 16:30:00,5.87597,6.459949755539511,6.761644638664334
2026-03-15 16:45:00,4.860056667,5.550873297694326,5.524903473291337
2026-03-15 17:00:00,4.16897,4.90045595269167,5.206036477416318
2026-03-15 17:15:00,3.373183333,4.321831847497684,4.78155736916313
2026-03-15 17:30:00,0.821106667,3.5631239753280877,3.854706375853598
2026-03-15 17:45:00,0.976766667,1.7496947399398803,2.0204276211810117
2026-03-15 18:00:00,0.490773333,1.6200123209439747,1.8044741110287719
2026-03-15 18:15:00,0.655253333,1.037542953554614,1.4556950217143787
2026-03-15 18:30:00,0.975526667,1.1395238515723134,1.3332359009712262
2026-03-15 18:45:00,1.204026667,1.2147491878003174,1.4689240187200479
2026-03-15 19:00:00,1.295573333,1.4388886483446492,1.4839544559083422
2026-03-15 19:15:00,1.101216667,1.5381195325568913,1.9072433603746635
2026-03-15 19:30:00,2.025306667,1.397421242962831,1.626689903898043
2026-03-15 19:45:00,1.783416667,2.015007543646627,2.227491002619781
2026-03-15 20:00:00,1.414283333,1.9033761426792348,1.9352030082068403
2026-03-15 20:15:00,1.837366667,1.7201402247803552,1.7798638707350638
2026-03-15 20:30:00,1.88427,1.969841524255139,2.0483912670563176
2026-03-15 20:45:00,1.460806667,2.0191537934883375,2.0494027143720337
2026-03-15 21:00:00,1.7626,2.200420844959325,2.0292292153888107
2026-03-15 21:15:00,1.445676667,2.3738296586664296,1.9423182773880119
2026-03-15 21:30:00,1.515656667,1.9952310823466437,1.6494206814952461
2026-03-15 21:45:00,1.687403333,1.9797387893962313,1.696870934771803
2026-03-15 22:00:00,1.524146667,1.7930246508486918,1.6597920158409598
2026-03-15 22:15:00,1.959683333,1.701628731896169,1.631466781872585
2026-03-15 22:30:00,1.38375,1.9587165422058739,1.9244520041017517
2026-03-15 22:45:00,1.888023333,1.698335450994078,1.6496231703025188
2026-03-15 23:00:00,1.663306667,1.7160597909577018,1.7327035281650514
2026-03-15 23:15:00,1.62651,1.5629583757458496,1.6542606295721822
2026-03-15 23:30:00,1.240616667,1.4988925384870284,1.5752896638539922
2026-03-15 23:45:00,1.56062,1.3228693682182668,1.403353363341927
2026-03-16 00:00:00,1.401666667,1.2749453003190725,1.4214054408298256
2026-03-16 00:15:00,1.48675,1.2979819630826377,1.3395604024464542
2026-03-16 00:30:00,1.454946667,1.3065643370037683,1.4252432933662216
2026-03-16 00:45:00,1.11863,1.264995180788526,1.4002206462836868
2026-03-16 01:00:00,1.166706667,1.0815885057361414,1.2150461003107573
2026-03-16 01:15:00,1.32664,1.131124198082799,1.211716124129079
2026-03-16 01:30:00,2.734203333,1.3061070927892695,1.5518355457364152
2026-03-16 01:45:00,4.672483333,2.1366615174109946,3.021622611008825
2026-03-16 02:00:00,4.726233333,2.4833626823249344,3.9188965269933966
2026-03-16 02:15:00,4.329,2.73350939880479,4.229654327967262
2026-03-16 02:30:00,4.493883333,2.9257000593685647,4.160282851150108
2026-03-16 02:45:00,4.322456667,3.7140463306786176,4.01613903197871
2026-03-16 03:00:00,4.55367,3.817831461454741,4.128798869645949
2026-03-16 03:15:00,3.851853333,3.6272350303439067,3.9918180665289658
2026-03-16 03:30:00,1.341543333,3.077904950188147,3.2427530228307004
2026-03-16 03:45:00,0.920036667,1.3244496668412118,1.4250995619022209
2026-03-16 04:00:00,1.324413333,1.1600148459725967,1.2880686278127793
2026-03-16 04:15:00,1.21592,1.3184788582435782,1.4376390010117714
2026-03-16 04:30:00,1.230913333,1.4970747129322177,1.4363120121691886
2026-03-16 04:45:00,1.34263,1.5275149567001365,1.4388152691589093
2026-03-16 05:00:00,0.917913333,1.5646776718031563,1.3860462899293362
2026-03-16 05:15:00,1.154726667,1.3872303758141065,1.1697217732375327
2026-03-16 05:30:00,1.162083333,1.5078662215007823,1.3119298273978166
2026-03-16 05:45:00,1.191183333,1.49898947060392,1.2848284339130738
2026-03-16 06:00:00,1.291043333,1.6217070706842585,1.431799119845084
2026-03-16 06:15:00,1.337193333,1.5657400795200032,1.3887027737233175
2026-03-16 06:30:00,1.175896667,1.6151201031106293,1.389913876847336
2026-03-16 06:45:00,1.416916667,1.4794222944698932,1.324468232338217
2026-03-16 07:00:00,1.088046667,1.651090162342386,1.4808164516701592
2026-03-16 07:15:00,1.386883333,1.3515311588148062,1.316786258408442
2026-03-16 07:30:00,1.699023333,1.5090955935066155,1.4693836353674514
2026-03-16 07:45:00,1.38949,1.6623608467634294,1.6544934182920994
2026-03-16 08:00:00,1.0425,1.6274868558963143,1.385890041418321
2026-03-16 08:15:00,0.95565,1.295679686126515,1.230112413098014
2026-03-16 08:30:00,3.12799,1.1257530412305312,1.1606789098266168
2026-03-16 08:45:00,2.018796667,2.4098734914730824,2.5067897370970007
2026-03-16 09:00:00,1.188306667,2.6080472217538544,2.706574486921107
2026-03-16 09:15:00,2.815466667,2.112409758239546,2.124729110941242
2026-03-16 09:30:00,3.009186667,2.667486611898208,2.9387676748121576
2026-03-16 09:45:00,1.555113333,3.014292758684424,3.0997286794106276
2026-03-16 10:00:00,0.25496,1.215175096034633,1.6801919493073598
2026-03-16 10:15:00,0.0,0.28891756023674847,0.8512130737906287
2026-03-16 10:30:00,0.0,0.32996961113870266,1.008928487277369
2026-03-16 10:45:00,0.0,0.3583458261951438,1.3572404072887883
2026-03-16 11:00:00,2.888486667,0.36211688750967896,1.644593197472091
2026-03-16 11:15:00,10.40916,5.7807749139073,4.874648173694515
2026-03-16 11:30:00,12.21204,10.595124168587626,9.840634361065423
2026-03-16 11:45:00,12.27412,11.076656891367579,10.856565149298552
2026-03-16 12:00:00,12.06152667,10.671174451566415,10.971119598573264
2026-03-16 12:15:00,7.28361,9.774282841653003,10.684596177502877
2026-03-16 12:30:00,7.921693333,6.320434127573246,6.908923442564631
2026-03-16 12:45:00,4.80594,6.470378787560105,7.420671457858495
2026-03-16 13:00:00,3.565573333,5.185175441260843,5.1549673298281835
2026-03-16 13:15:00,1.53918,4.251531745367829,4.373733720036668
2026-03-16 13:30:00,2.51007,2.190244747874571,3.860417224577085
2026-03-16 13:45:00,5.72153,2.3259473133815427,3.5645715644208407
2026-03-16 14:00:00,5.64269,4.20918991944551,5.155152237694031
2026-03-16 14:15:00,4.338843333,3.3978611085641504,5.2698349711616
2026-03-16 14:30:00,4.537313333,2.633786459613475,4.640639748651139
2026-03-16 14:45:00,5.432333333,2.912303022099343,3.6935971469113817
2026-03-16 15:00:00,4.871263333,4.046738212510445,4.847253522644619
2026-03-16 15:15:00,1.311706667,3.319866323554349,3.684322763768826
2026-03-16 15:30:00,6.73083,1.848996396802952,2.3625177371963417
2026-03-16 15:45:00,4.58825,5.066262556265428,5.673457432711193
2026-03-16 16:00:00,3.29633,3.423811211907469,3.9128645785602973
2026-03-16 16:15:00,3.225773333,3.0306814455125597,3.086174252089504
2026-03-16 16:30:00,5.506406667,3.0946355891232495,3.6619235894275617
2026-03-16 16:45:00,2.802306667,4.743952237715829,4.7855057868930215
2026-03-16 17:00:00,3.657453333,3.1534638388233485,3.074813900166331
2026-03-16 17:15:00,2.788176667,3.726413527886,3.497743629997071
2026-03-16 17:30:00,1.931403333,3.0857706938953373,2.5154005461356648
2026-03-16 17:45:00,3.555636667,2.3557441583624383,2.0506031838378647
2026-03-16 18:00:00,1.283426667,3.149436837913025,3.4461956534265203
2026-03-16 18:15:00,2.471383333,1.6747850930230002,1.5543077609300864
2026-03-16 18:30:00,3.945216667,2.3036623932822873,2.2867476349457867
2026-03-16 18:45:00,1.142553333,3.6892726247724705,3.325848735684666
2026-03-16 19:00:00,1.541646667,1.4195233163160992,1.4596826742731959
2026-03-16 19:15:00,2.2338,1.6074074843031405,1.639497471785798
2026-03-16 19:30:00,2.434663333,2.2242586297600853,2.3061894346978455
2026-03-16 19:45:00,2.300423333,2.463610671814091,2.604191227121634
2026-03-16 20:00:00,2.245273333,2.3049762603379236,2.1838402560541734
2026-03-16 20:15:00,2.376583333,2.2577806103532967,2.1914747356712594
2026-03-16 20:30:00,1.921366667,2.3573904372843004,2.3152367134006857
2026-03-16 20:45:00,2.126093333,2.0071616806941215,2.013809384880064
2026-03-16 21:00:00,1.988783333,2.504076519871277,2.3086066034386
2026-03-16 21:15:00,1.517743333,2.271700760297128,2.228087000607239
2026-03-16 21:30:00,1.789986667,2.076954491358245,2.0565305232062867
2026-03-16 21:45:00,2.302626667,2.2985183507292453,2.1928697036257936
2026-03-16 22:00:00,1.58957,2.1675828089398963,2.2064760907972403
2026-03-16 22:15:00,1.672416667,1.831969467852225,1.7008609609280072
2026-03-16 22:30:00,1.89158,1.8272700643851807,1.6715390609372076
2026-03-16 22:45:00,2.23961,1.9372372149028474,1.8179231855557192
2026-03-16 23:00:00,1.445,2.0049098325059704,2.0538866190727822
2026-03-16 23:15:00,2.407053333,1.5127658246880415,1.5237406755522886
2026-03-16 23:30:00,1.690426667,1.9891227842363735,2.258168514704475
2026-03-16 23:45:00,2.23404,1.5574786396245166,1.5644856089938015
2026-03-17 00:00:00,4.87078,1.6145218127793608,1.9475940175319943
2026-03-17 00:15:00,1.484703333,2.3953261279469418,3.3210781433202943
2026-03-17 00:30:00,1.52923,1.2617057141766586,1.4647813950603144
2026-03-17 00:45:00,1.653026667,1.2037934148052443,1.4278593392987076
2026-03-17 01:00:00,1.381636667,1.3075226243833848,1.369880073867972
2026-03-17 01:15:00,1.390926667,1.3174582571990303,1.3574745368657581
2026-03-17 01:30:00,1.6752,1.6353254983874237,1.7709895433346747
2026-03-17 01:45:00,2.16244,1.8507705100620442,2.7578597515950984
2026-03-17 02:00:00,1.843503333,2.2550111968638324,2.8355479893975186
2026-03-17 02:15:00,1.694323333,2.086394598490881,2.6200596101673295
2026-03-17 02:30:00,1.583506667,2.0340342437542196,2.6087817806393896
2026-03-17 02:45:00,2.044573333,2.062753454781645,2.5057242519386365
2026-03-17 03:00:00,2.112173333,2.1625551150816444,2.4623668197896187
2026-03-17 03:15:00,2.056913333,2.2874737462228323,2.5106741003053608
2026-03-17 03:30:00,1.74572,1.988828049066484,2.007834395562963
2026-03-17 03:45:00,1.322616667,1.6965965020290432,1.5588332074877298
2026-03-17 04:00:00,1.227053333,1.5153238340603592,1.3546017409232465
2026-03-17 04:15:00,0.963716667,1.5066396007963265,1.3783416366963155
2026-03-17 04:30:00,1.09712,1.2850609215287458,1.1596434010715828
2026-03-17 04:45:00,1.278026667,1.3434513765713838,1.2695374164998963
2026-03-17 05:00:00,1.12827,1.4726241656917458,1.2901948050566217
2026-03-17 05:15:00,1.089403333,1.3987522427632735,1.231467181440958
2026-03-17 05:30:00,1.52628,1.3251109701204367,1.1929773208956653
2026-03-17 05:45:00,1.09062,1.4751724340342889,1.3810295190843116
2026-03-17 06:00:00,1.288766667,1.3005240454893985,1.2159789608019698
2026-03-17 06:15:00,1.300476667,1.4019899122125794,1.3319458084460016
2026-03-17 06:30:00,1.202996667,1.3967510172421431,1.3254117472051639
2026-03-17 06:45:00,1.10307,1.381880986205881,1.318314340078222
2026-03-17 07:00:00,1.13475,1.2805458855603349,1.2713512619903249
2026-03-17 07:15:00,1.30496,1.4197653487815967,1.3624011102246887
2026-03-17 07:30:00,3.555753333,2.063069963953957,1.828120060690199
2026-03-17 07:45:00,3.51987,2.933988896302693,2.9014601155094315
2026-03-17 08:00:00,2.65537,2.5911580417899693,2.67821441932147
2026-03-17 08:15:00,1.94256,2.834419114957609,2.522269132274381
2026-03-17 08:30:00,1.342423333,2.4856886563566682,2.327480507761678
2026-03-17 08:45:00,1.771743333,1.801833638420265,1.7006053758629627
2026-03-17 09:00:00,3.260326667,2.3893675005474044,1.90795476525004
2026-03-17 09:15:00,2.957483333,3.2337586301649037,2.937555854760356
2026-03-17 09:30:00,3.15353,3.034321847489504,3.0736673594447064
2026-03-17 09:45:00,4.58318,3.057847156822294,3.1054499049258726
2026-03-17 10:00:00,3.991306667,2.952061830103567,3.799383737630554
2026-03-17 10:15:00,3.14686,2.675535769363253,3.411837004045865
2026-03-17 10:30:00,5.017873333,2.2453005220675264,2.82825674054264
2026-03-17 10:45:00,5.123383333,3.4626950215457044,3.766100633606484
2026-03-17 11:00:00,5.998886667,4.670425868312232,4.628465829605822
2026-03-17 11:15:00,5.847826667,5.016357793083962,4.819234780850623
2026-03-17 11:30:00,5.835953333,4.684713787821828,4.439161411022442
2026-03-17 11:45:00,10.55539,5.242186870723522,4.867203612855437
2026-03-17 12:00:00,12.58382,8.52444303509684,9.66987378062652
2026-03-17 12:15:00,12.5196,8.76910142068358,10.545121953268845
2026-03-17 12:30:00,10.99102,8.281854832168163,9.832503820852605
2026-03-17 12:45:00,11.74293333,8.345818947261785,9.053078820541648
2026-03-17 13:00:00,12.35326,8.546300148854083,9.416518577030258
2026-03-17 13:15:00,12.18861667,10.629817029439216,11.364776633014461
2026-03-17 13:30:00,13.22231667,9.366882945083477,10.278457176775312
2026-03-17 13:45:00,13.06819667,7.755432007538209,10.950161592981829
2026-03-17 14:00:00,10.8273,8.214767949299443,10.878699665222463
2026-03-17 14:15:00,5.63545,7.716920147446136,9.170809591392127
2026-03-17 14:30:00,6.409103333,4.853683807320875,4.875519102664311
2026-03-17 14:45:00,5.370836667,5.788099038365837,6.565593604832886
2026-03-17 15:00:00,5.453803333,4.6716586966094855,5.2208116374563796
2026-03-17 15:15:00,3.971346667,4.884322229276196,5.506832567246758
2026-03-17 15:30:00,1.872623333,3.7859930873337397,4.060886833716042
2026-03-17 15:45:00,4.111536667,2.6248136914027387,3.1514624329523433
2026-03-17 16:00:00,2.771126667,3.7950809990326384,4.271715967333455
2026-03-17 16:15:00,2.48594,2.833679934095861,3.0163817755448976
2026-03-17 16:30:00,3.47481,3.558301811803989,3.498221953003243
2026-03-17 16:45:00,2.550793333,3.2002357544649085,3.31374940408143
2026-03-17 17:00:00,2.61043,3.1339491726424837,2.9783766608089604
2026-03-17 17:15:00,3.32433,3.0136125849090982,2.587700092397721
2026-03-17 17:30:00,2.71801,3.562573711449078,3.1995393278550437
2026-03-17 17:45:00,3.37165,2.6686017265905773,2.6999867022327257
2026-03-17 18:00:00,2.482823333,2.835218011202176,2.5893825613942014
2026-03-17 18:15:00,2.433196667,2.4242783400157677,2.2344174265823034
2026-03-17 18:30:00,3.0768,2.642921845157476,2.6563121058011245
2026-03-17 18:45:00,2.160696667,2.6002751695789823,2.6710738913443928
2026-03-17 19:00:00,1.55481,2.049966798312687,2.0617588395939928
2026-03-17 19:15:00,2.066893333,1.6907479405749393,1.825366944725916
2026-03-17 19:30:00,2.621266667,2.152287797501482,2.164878447888775
2026-03-17 19:45:00,2.435743333,2.473815193107492,2.591353927545726
2026-03-17 20:00:00,2.332543333,2.4050227174071006,2.430212264129575
2026-03-17 20:15:00,2.370723333,2.3997254426597436,2.4043574776777605
2026-03-17 20:30:00,2.160706667,2.3532105264702468,2.3475753358945837
2026-03-17 20:45:00,2.457123333,2.1997097155278036,2.1450385552661397
2026-03-17 21:00:00,1.986023333,2.801538045510553,2.3557163722069716
2026-03-17 21:15:00,2.23886,2.2464730566316145,2.065945499451622
2026-03-17 21:30:00,2.089726667,2.381496970157909,2.1818912683616714
2026-03-17 21:45:00,1.885043333,2.423499709096873,2.271300818847687
2026-03-17 22:00:00,2.172783333,1.9343176733610545,1.910637200628448
2026-03-17 22:15:00,1.91085,2.1998594241976352,2.1707244783321835
2026-03-17 22:30:00,1.717516667,2.0204422547708654,1.9793717175745353
2026-03-17 22:45:00,1.588723333,1.9140327997422864,1.949980407856441
2026-03-17 23:00:00,1.513356667,1.5630082514044834,1.6080277279464295
2026-03-17 23:15:00,1.950023333,1.6258943247455508,1.7928903621401082
2026-03-17 23:30:00,1.84297,1.7748739873692925,1.9030209090517083
2026-03-17 23:45:00,1.732196667,1.6352404255872584,1.8171211439927502
2026-03-18 00:00:00,1.33403,1.4932233543518432,1.740811375213499
2026-03-18 00:15:00,1.53752,1.3963705353702371,1.3699933734222252
2026-03-18 00:30:00,1.274603333,1.490259914449171,1.5084122623651188
2026-03-18 00:45:00,1.679973333,1.348448903606076,1.3596279900151529
2026-03-18 01:00:00,1.139046667,1.5388870476164218,1.4946411513047555
2026-03-18 01:15:00,1.036323333,1.2688177488940504,1.2658490485610265
2026-03-18 01:30:00,2.566193333,1.2445388216528606,1.4731307728173832
2026-03-18 01:45:00,4.42398,2.51181450290546,2.6795749870556196
2026-03-18 02:00:00,4.92068,2.6165304516385985,3.08796202432389
2026-03-18 02:15:00,4.74678,2.866556294707744,3.59559797229848
2026-03-18 02:30:00,4.689126667,3.090591723341667,3.507694385965648
2026-03-18 02:45:00,4.39518,3.739408127028804,3.5592315563927315
2026-03-18 03:00:00,2.63327,4.11741691886623,3.5109436824528397
2026-03-18 03:15:00,1.78507,2.551962752462799,2.656440811970939
2026-03-18 03:30:00,1.860786667,1.7354704801070804,1.779144851021391
2026-03-18 03:45:00,0.963276667,1.7955599595403193,1.7000363538627754
2026-03-18 04:00:00,1.404363333,1.767308164235287,1.452482045815064
2026-03-18 04:15:00,0.93364,1.9387446827484673,1.6582244836099336
2026-03-18 04:30:00,1.26773,1.5719213074170235,1.3529884173640816
2026-03-18 04:45:00,0.931313333,1.6605071057848566,1.4175943924787897
2026-03-18 05:00:00,1.020826667,1.5279944158693655,1.1756394043162444
2026-03-18 05:15:00,1.033056667,1.517491039706919,1.215906706568109
2026-03-18 05:30:00,1.246133333,1.5213755241381137,1.2531516609785622
2026-03-18 05:45:00,1.12349,1.5514476258720313,1.3508872341861882
2026-03-18 06:00:00,1.065746667,1.577241474632921,1.3561784850925767
2026-03-18 06:15:00,1.270486667,1.4957853119871112,1.3037368720240654
2026-03-18 06:30:00,1.221776667,1.6338922025089124,1.4017245310612876
2026-03-18 06:45:00,1.06364,1.4042485195062795,1.290163730232983
2026-03-18 07:00:00,1.08556,1.3157171326660753,1.277381092838634
2026-03-18 07:15:00,1.227773333,1.4853289711298687,1.3532983251840018
2026-03-18 07:30:00,2.080853333,3.011206154508478,2.022804882248486
2026-03-18 07:45:00,5.0692,3.0881509601822037,2.392653055635042
2026-03-18 08:00:00,3.27483,4.570808827675615,3.694163333177096
2026-03-18 08:15:00,1.480776667,3.3329450849997126,3.0626565872901286
2026-03-18 08:30:00,4.093683333,2.1381455682174297,1.6836984908399726
2026-03-18 08:45:00,4.72384,3.3052693573054595,3.331785811507224
2026-03-18 09:00:00,2.869073333,4.5472359951290375,4.293312244675405
2026-03-18 09:15:00,2.47398,3.5551905224414564,3.0562678871779774
2026-03-18 09:30:00,2.73217,3.2725131359727393,2.993184273607446
2026-03-18 09:45:00,2.20558,3.1746750819514844,2.870282134876692
2026-03-18 10:00:00,0.924446667,2.131594768615573,2.061625817291378
2026-03-18 10:15:00,2.731336667,1.1818528640755823,1.5075868571986082
2026-03-18 10:30:00,2.180126667,1.8020156225292778,2.3859345153497915
2026-03-18 10:45:00,1.44153,1.8734670759638727,2.0968812788034126
2026-03-18 11:00:00,2.32849,0.8834700984740513,1.8134193408827697
2026-03-18 11:15:00,2.750743333,2.1105495523886013,2.514953889465808
2026-03-18 11:30:00,3.31078,2.934506787395677,3.6024281390364865
2026-03-18 11:45:00,13.07435667,4.3415636685811805,4.1644413667239055
2026-03-18 12:00:00,14.81977333,12.039617427130075,11.337017050472605
2026-03-18 12:15:00,16.82983333,11.912144265018016,11.611630060454543
2026-03-18 12:30:00,16.77541667,12.35840668453291,12.782205265763826
2026-03-18 12:45:00,17.17929333,11.156743888626119,12.61011076856807
2026-03-18 13:00:00,12.67845667,11.78601179659679,12.817344627294768
2026-03-18 13:15:00,16.99869333,10.5920338899541,11.955312841519028
2026-03-18 13:30:00,15.14023,10.944078654494312,12.151349325430065
2026-03-18 13:45:00,17.90005,10.179073090270567,11.836525453631973
2026-03-18 14:00:00,10.27762667,10.316753003479095,12.667777615279535
2026-03-18 14:15:00,13.39029,7.756666644942804,9.934790080113277
2026-03-18 14:30:00,7.542483333,8.968573036684594,10.823903599787391
2026-03-18 14:45:00,8.01104,7.963355261739504,7.126359714992942
2026-03-18 15:00:00,7.516786667,8.56741205468764,7.618499397581115
2026-03-18 15:15:00,9.459313333,7.456105183293914,6.7849220110888675
2026-03-18 15:30:00,11.37217333,8.691555888909734,7.725499018342861
2026-03-18 15:45:00,15.2814,8.331375833478074,8.947302651009377
2026-03-18 16:00:00,15.34714667,10.234265134793272,11.447086732497278
2026-03-18 16:15:00,12.6746,10.949824278326144,11.264069258317265
2026-03-18 16:30:00,12.08856,9.34822885468204,9.537914102736536
2026-03-18 16:45:00,8.87908,9.637284622516217,9.124114923963363
2026-03-18 17:00:00,6.84247,7.183896296441022,6.862119425470273
2026-03-18 17:15:00,7.308436667,7.22127948125441,6.3603543990468
2026-03-18 17:30:00,10.92699,6.343598498524458,5.9794411374770675
2026-03-18 17:45:00,13.20137667,7.97629705160251,8.44322416807732
2026-03-18 18:00:00,7.165983333,10.124172042283996,12.20707483403749
2026-03-18 18:15:00,6.21076,6.687929601350224,6.159966051432185
2026-03-18 18:30:00,5.824586667,6.118163138428794,5.785578706650497
2026-03-18 18:45:00,7.067143333,5.5598629314689685,5.429699754603329
2026-03-18 19:00:00,6.140786667,6.6468968549127965,6.004896618562594
2026-03-18 19:15:00,9.710783333,5.59813007546303,5.082033283498579
2026-03-18 19:30:00,10.31022333,7.975637136676189,7.7949476023079045
2026-03-18 19:45:00,13.04360667,8.244653490619543,8.459128931666136
2026-03-18 20:00:00,9.17094,8.967706854075132,10.877238693870975
2026-03-18 20:15:00,10.62436667,7.549793096481204,7.865033907060896
2026-03-18 20:30:00,8.980676667,8.121224289256219,8.487853599397928
2026-03-18 20:45:00,7.077166667,7.096599414491706,7.555914051689223
2026-03-18 21:00:00,6.69448,6.241902713177143,6.080861570604456
2026-03-18 21:15:00,7.66193,5.856369012681899,5.3492746323748674
2026-03-18 21:30:00,3.68938,6.862387154508941,6.508490507684538
2026-03-18 21:45:00,2.42989,3.753390947749743,3.2798675466956206
2026-03-18 22:00:00,4.308266667,2.6828073854846357,2.3629860716301088
2026-03-18 22:15:00,1.800763333,4.179616628330577,3.6103087070760487
2026-03-18 22:30:00,2.193996667,2.122904057283187,2.238018967740218
2026-03-18 22:45:00,2.287823333,2.2810012904931067,2.2723129563669384
2026-03-18 23:00:00,2.062486667,1.9806619459411625,2.2060720894689263
2026-03-18 23:15:00,1.90583,2.38432349242946,2.270526285927919
2026-03-18 23:30:00,1.619073333,2.174537953959949,2.1259967007971454
2026-03-18 23:45:00,1.68683,1.8121829116689636,1.748199821795786
2026-03-19 00:00:00,1.74477,1.7308236805469126,1.8058207769300023
2026-03-19 00:15:00,1.564956667,1.6641618612503677,1.7086110392988847
2026-03-19 00:30:00,2.670266667,1.5764096300898789,1.5813248305985137
2026-03-19 00:45:00,1.5943,2.2895627670539564,2.2885803157499094
2026-03-19 01:00:00,1.42865,1.489709244871556,1.5995892176152253
2026-03-19 01:15:00,1.111203333,1.2695803990453103,1.5140291479886252
2026-03-19 01:30:00,2.677143333,1.6793647164763126,1.947332120945116
2026-03-19 01:45:00,4.69543,2.8230543760594218,2.7569593759088735
2026-03-19 02:00:00,4.774,2.8182228155850337,4.023639927240027
2026-03-19 02:15:00,5.002616667,2.848681279357585,4.0418941916368345
2026-03-19 02:30:00,4.742286667,3.6363120222479135,4.182289480212818
2026-03-19 02:45:00,5.046113333,4.213004057729566,3.9740575222584495
2026-03-19 03:00:00,4.66318,4.289722990609475,3.949711533212924
2026-03-19 03:15:00,1.924066667,4.36851801370586,3.4806294602158347
2026-03-19 03:30:00,1.886333333,1.855502750440255,1.884579274790112
2026-03-19 03:45:00,1.994333333,1.521740886090404,1.583821991679323
2026-03-19 04:00:00,2.199333333,1.5658227154194586,1.6660937627414607
2026-03-19 04:15:00,1.685,2.0589351268771265,1.9879520787717675
2026-03-19 04:30:00,2.724666667,1.9373203264974808,1.7200222411816488
2026-03-19 04:45:00,1.152666667,2.275012461343647,2.2265231271147625
2026-03-19 05:00:00,1.551333333,1.7497481993602746,1.4801480501349114
2026-03-19 05:15:00,1.196666667,1.7769680130696497,1.49271397208907
2026-03-19 05:30:00,1.454666667,1.6299305665499118,1.431190912562415
2026-03-19 05:45:00,1.097666667,1.7221236008012348,1.461558218957605
2026-03-19 06:00:00,1.288,1.7163093356020074,1.3554654271993218
2026-03-19 06:15:00,1.476,2.049745214435803,1.4622326726905308
2026-03-19 06:30:00,1.441,2.0544412341126854,1.543090948956594
2026-03-19 06:45:00,1.52,1.9848687851128504,1.500461316126395
2026-03-19 07:00:00,2.363333333,1.9258300711291303,1.633024896012434
2026-03-19 07:15:00,1.538666667,3.0034551744939457,2.309158413215588
2026-03-19 07:30:00,4.165623333,3.0272608831143986,2.35970272954625
2026-03-19 07:45:00,2.769286667,4.3649794663028585,4.31735980698264
2026-03-19 08:00:00,2.45095,3.12572536820783,3.080977048600049
2026-03-19 08:15:00,3.513073333,2.2565877405570367,2.077979545557491
2026-03-19 08:30:00,4.81124,2.6569771394284087,2.874835373890729
2026-03-19 08:45:00,2.974626667,3.958462781854173,3.411040710137996
2026-03-19 09:00:00,3.27758,3.0729287607933804,3.062409464634869
2026-03-19 09:15:00,1.656746667,3.0094750996686024,3.159342901182217
2026-03-19 09:30:00,2.034166667,2.2093406814564243,2.6043091762560606
2026-03-19 09:45:00,2.145316667,2.1673798275069274,2.2716370532346417
2026-03-19 10:00:00,3.234453333,2.0340169167895827,1.835462086209095
2026-03-19 10:15:00,5.25734,2.197649114748967,2.6556447223874233
2026-03-19 10:30:00,5.78099,3.0638661183631006,4.2075658708309405
2026-03-19 10:45:00,5.255716667,3.6261168852882597,4.475991375344634
2026-03-19 11:00:00,6.353413333,3.5389953852096205,4.220736307794805
2026-03-19 11:15:00,5.663823333,5.687034644939187,5.746267622768377
2026-03-19 11:30:00,6.597683333,4.7349098585399085,5.551675354445105
2026-03-19 11:45:00,6.248826667,6.560763031897992,6.205481656549673
2026-03-19 12:00:00,7.84773,6.199567968385648,6.93729022987104
2026-03-19 12:15:00,5.846003333,7.711607245668556,7.33706391338305
2026-03-19 12:30:00,14.48245,5.72518585904336,6.650528319232572
2026-03-19 12:45:00,15.41919,9.23608295232335,10.74292702808266
2026-03-19 13:00:00,14.07189333,10.87412712818573,12.010532632988054
2026-03-19 13:15:00,14.58264333,8.952484067555579,10.485516990157455
2026-03-19 13:30:00,14.23215667,10.568694989270261,11.76560484758831
2026-03-19 13:45:00,12.47490667,8.659436596747735,9.919377715291358
2026-03-19 14:00:00,10.56741333,9.781843959673376,11.14181258390284
2026-03-19 14:15:00,8.061076667,7.295197158648115,9.788089382437818
2026-03-19 14:30:00,6.571866667,5.450096150801032,7.0478589731731365
2026-03-19 14:45:00,5.637943333,5.053147880710333,6.448325497212782
2026-03-19 15:00:00,3.694573333,4.1224074760119445,5.3126681855415345
2026-03-19 15:15:00,3.378373333,4.453956907705514,4.8697657054364925
2026-03-19 15:30:00,1.77016,3.201504941136241,4.076322155453124
2026-03-19 15:45:00,3.538983333,3.623982784588366,4.542782031520242
2026-03-19 16:00:00,4.33756,4.014924146338515,4.862714631436827
2026-03-19 16:15:00,3.68927,4.174074290473147,4.347731104633609
2026-03-19 16:30:00,2.848846667,4.1248720703481245,4.130110836129473
2026-03-19 16:45:00,1.771926667,2.7865528864434195,3.5942541386574476
2026-03-19 17:00:00,2.9239,2.3404792425063663,2.9632264910613126
2026-03-19 17:15:00,3.170686667,2.7631731947507867,2.9974028841833795
2026-03-19 17:30:00,6.102323333,3.832955177062113,3.312637745119081
2026-03-19 17:45:00,4.591653333,4.472912490384244,5.259773786316522
2026-03-19 18:00:00,5.04193,4.169386969938435,4.946070358267857
2026-03-19 18:15:00,4.10976,4.057670653589417,4.772574510874345
2026-03-19 18:30:00,3.408773333,3.4265481713076618,4.151447654729572
2026-03-19 18:45:00,2.93492,2.8138488791722684,2.9299886402468927
2026-03-19 19:00:00,1.656303333,2.1656646395166095,2.998615254413755
2026-03-19 19:15:00,1.76087,1.6449831655658278,2.2881175784447145
2026-03-19 19:30:00,1.797806667,2.2061253674585712,2.252695813043371
2026-03-19 19:45:00,2.243996667,2.327346334461286,2.026468141809863
2026-03-19 20:00:00,2.49721,2.2729664373939524,2.2707484771975444
2026-03-19 20:15:00,2.26442,2.177950774537278,2.232092917719814
2026-03-19 20:30:00,2.19718,2.2538560060497765,2.1918173142870474
2026-03-19 20:45:00,2.182026667,2.456254758051535,2.354104675958593
2026-03-19 21:00:00,1.866443333,2.7099727692899367,2.449744055484792
2026-03-19 21:15:00,1.82702,2.6248086848457177,2.4352480690070117
2026-03-19 21:30:00,2.155513333,2.291812166813349,2.234906010044507
2026-03-19 21:45:00,1.638163333,2.5194365980374687,2.1946392985473193
2026-03-19 22:00:00,1.728123333,1.9624532327066104,2.0046591409772145
2026-03-19 22:15:00,2.098576667,1.857586939929126,1.7996191892224984
2026-03-19 22:30:00,1.676493333,2.0569391361006195,2.1026040738469383
2026-03-19 22:45:00,1.68233,1.8473554958742466,1.8949684497742036
2026-03-19 23:00:00,1.897203333,1.6145294274756676,1.7328809610490203
2026-03-19 23:15:00,2.37863,1.8076565887039788,1.8998795656447662
2026-03-19 23:30:00,1.838113333,2.0509956827239977,2.2617583314031404
2026-03-19 23:45:00,1.764896667,1.770686003222237,1.7493909574391047
2026-03-20 00:00:00,1.420233333,1.640072213229394,1.683631135643747
2026-03-20 00:15:00,1.619866667,1.3873658688470314,1.4405120871975243
2026-03-20 00:30:00,1.273356667,1.5576295892668528,1.6910996907136284
2026-03-20 00:45:00,1.530953333,1.3081113194882166,1.3849382953746292
2026-03-20 01:00:00,1.495673333,1.3807815010795017,1.426424284497378
2026-03-20 01:15:00,1.419113333,1.3326804839423418,1.408044067592786
2026-03-20 01:30:00,1.245353333,1.619111646523508,1.9187997341857252
2026-03-20 01:45:00,1.240276667,1.666830911826151,2.468389470332515
2026-03-20 02:00:00,1.305373333,1.7134490571563386,2.1447954991930307
2026-03-20 02:15:00,1.245723333,1.7175201705511527,2.1638815316040394
2026-03-20 02:30:00,1.26765,1.6950950935242144,2.3170136594612987
2026-03-20 02:45:00,1.057036667,1.7667301733501863,2.26119579545204
2026-03-20 03:00:00,1.253203333,1.2415592753617326,1.3305377178499498
2026-03-20 03:15:00,1.35562,1.3118002184660513,1.364577490383779
2026-03-20 03:30:00,1.13913,1.3967124846261754,1.3807026645920337
2026-03-20 03:45:00,1.182083333,1.2070650338368394,1.2576907161117954
2026-03-20 04:00:00,1.23213,1.2313361583382991,1.2879620800176454
2026-03-20 04:15:00,1.28576,1.274040677632926,1.3075319289406755
2026-03-20 04:30:00,1.288913333,1.4193188865688788,1.5969020726058196
2026-03-20 04:45:00,1.24979,1.283009964661411,1.3022527935408306
2026-03-20 05:00:00,1.226443333,1.2780361031787566,1.3493365888867652
2026-03-20 05:15:00,1.35417,1.2707400721836772,1.291432180465432
2026-03-20 05:30:00,1.2642,1.3125510763360082,1.366327036441606
2026-03-20 05:45:00,1.250396667,1.3080650784957606,1.295097972518149
2026-03-20 06:00:00,1.168633333,1.2505300908517247,1.3088572387780837
2026-03-20 06:15:00,1.482633333,1.2617473664764816,1.2926429948177902
2026-03-20 06:30:00,0.867436667,1.4070875131767226,1.4302274300128253
2026-03-20 06:45:00,0.927656667,1.1101088435148299,1.1206430704198094
2026-03-20 07:00:00,1.46967,1.2047524661571698,1.2699037560153241
2026-03-20 07:15:00,1.368573333,1.4930294442517955,1.6241249411543848
2026-03-20 07:30:00,1.822166667,2.895798527149389,2.3355308716010277
2026-03-20 07:45:00,3.883873333,3.100958487212973,2.775780210053789
2026-03-20 08:00:00,2.092026667,3.1007485879748193,3.1650588893019957
2026-03-20 08:15:00,2.00891,2.315038020851865,2.0576183772646797
2026-03-20 08:30:00,3.965716667,2.5761618608368866,2.3601459654407924
2026-03-20 08:45:00,5.310916667,3.3617200924974293,3.5761510061843365
2026-03-20 09:00:00,1.844133333,4.692770326460517,4.603530098350911
2026-03-20 09:15:00,3.19117,2.4941054228543744,2.5384246082806547
2026-03-20 09:30:00,0.844983333,3.4779162473959992,3.3840239717368985
2026-03-20 09:45:00,2.324066667,1.6390500269068515,2.1124189509257727
2026-03-20 10:00:00,1.961016667,2.1303645316084387,2.0708354770459554
2026-03-20 10:15:00,1.04658,1.5574218676808238,1.9055465361155168
2026-03-20 10:30:00,1.60009,1.0207735435826653,1.432581072836427
2026-03-20 10:45:00,1.172746667,0.9574481085244017,1.2400425452888486
2026-03-20 11:00:00,3.242653333,0.8982101231483347,1.3937765737439909
2026-03-20 11:15:00,15.50781,2.30782087702565,2.707073430233197
2026-03-20 11:30:00,17.15764333,10.450599275512229,11.696839687161715
2026-03-20 11:45:00,17.57268,11.676498154539072,12.095422024431683
2026-03-20 12:00:00,17.80209,12.09853348388988,12.13347876280225
2026-03-20 12:15:00,17.5238,10.436748609231394,12.06861591385834
2026-03-20 12:30:00,17.93379333,10.46813730256241,12.014998602342052
2026-03-20 12:45:00,18.5073,10.907732130293953,12.12339679726132
2026-03-20 13:00:00,17.75064667,11.087111453141642,13.029815346395514
2026-03-20 13:15:00,15.73392667,10.94098711268143,12.467843029661259
2026-03-20 13:30:00,12.78239667,9.398450167890552,12.49843244927135
2026-03-20 13:45:00,19.32561,8.920440600048616,12.263542336694801
2026-03-20 14:00:00,20.82208,9.23113713714916,12.999594901679652
2026-03-20 14:15:00,15.57350667,10.840713047961973,17.695029257410347
2026-03-20 14:30:00,11.46683333,9.387898875043396,15.43258049960697
2026-03-20 14:45:00,11.85921,8.37373909862551,12.29346544191522
2026-03-20 15:00:00,8.014233333,8.563959957433566,13.538434059642974
2026-03-20 15:15:00,12.56437667,6.546781546187538,7.410168650234589
2026-03-20 15:30:00,12.07887667,11.230853143120685,17.110003497595116
2026-03-20 15:45:00,10.77891,9.016279934082425,13.991050932846903
2026-03-20 16:00:00,12.14368,8.209058590188237,12.427252086556367
2026-03-20 16:15:00,11.68305,9.707436791058248,13.539230298453525
2026-03-20 16:30:00,8.670943333,9.656914270865503,13.157966666292978
2026-03-20 16:45:00,10.89736,7.516055439524091,11.599761804595738
2026-03-20 17:00:00,12.94174667,8.498491913989215,12.269006008885132
2026-03-20 17:15:00,9.734116667,8.603373641737198,13.394845699789114
2026-03-20 17:30:00,7.81709,7.639251308519629,8.104653258945145
2026-03-20 17:45:00,7.800203333,6.115831333802295,6.412416530130822
2026-03-20 18:00:00,5.129623333,6.59028047906344,6.364871145253675
2026-03-20 18:15:00,4.918933333,5.026887527009589,4.479736052701618
2026-03-20 18:30:00,8.28896,4.895315596351836,4.927001469550906
2026-03-20 18:45:00,8.31578,7.12978655256274,5.73254807753666
2026-03-20 19:00:00,6.748116667,6.7259886315543405,9.469149447502913
2026-03-20 19:15:00,7.077853333,5.965048596058724,5.089095752120135
2026-03-20 19:30:00,7.395076667,6.139043091961844,6.060392954050074
2026-03-20 19:45:00,11.65266,6.253391158690526,6.263728628870859
2026-03-20 20:00:00,10.6986,9.210735815556971,12.977710146239858
2026-03-20 20:15:00,7.914353333,7.974438750817507,12.051519179454584
2026-03-20 20:30:00,8.321036667,6.928548857892459,9.216923035042452
2026-03-20 20:45:00,6.408203333,6.833086787981626,9.216923035042452
2026-03-20 21:00:00,2.288093333,5.418174714360362,4.583938784100393
2026-03-20 21:15:00,2.936783333,2.712573920271983,2.4040345747824876
2026-03-20 21:30:00,1.785706667,2.864089995145779,2.585413925926652
2026-03-20 21:45:00,2.15604,2.167139823680883,2.1528528802800198
2026-03-20 22:00:00,1.63139,2.297269018171729,2.3724940189148933
2026-03-20 22:15:00,1.787386667,2.1351797310590497,2.1575524740358683
2026-03-20 22:30:00,1.60155,2.0325782870397298,2.0138249122620113
2026-03-20 22:45:00,1.405043333,1.8455386425235814,1.8031000058085809
2026-03-20 23:00:00,1.857043333,1.8082320635225018,1.8030920055819888
2026-03-20 23:15:00,1.64999,1.9993445505232772,1.96440053995021
2026-03-20 23:30:00,2.092443333,1.838196743267482,1.7924993981228463
2026-03-20 23:45:00,2.473063333,1.926456701631827,1.9812551785892711
2026-03-21 00:00:00,2.539553333,1.890298856556579,2.122324625131877
2026-03-21 00:15:00,2.851163333,2.2053890789079214,2.250714823293977
2026-03-21 00:30:00,2.21337,2.4993742864344126,2.5102476079949625
2026-03-21 00:45:00,1.69831,2.0757780786748614,1.948810915744075
2026-03-21 01:00:00,1.323133333,1.723740390000514,1.661519479368079
2026-03-21 01:15:00,1.046013333,1.42970549090801,1.4199294745100701
2026-03-21 01:30:00,2.861613333,1.5168320034286458,1.5290201369274734
2026-03-21 01:45:00,4.848063333,2.7022242294125793,2.6990598265474315
2026-03-21 02:00:00,4.789946667,2.962363026856453,3.582821699777687
2026-03-21 02:15:00,3.83128,3.289754209291306,3.631135822854572
2026-03-21 02:30:00,2.154023333,2.611252852641093,3.134005724472019
2026-03-21 02:45:00,1.90209,1.631218701001834,2.0363024198371877
2026-03-21 03:00:00,1.979133333,1.7907125182853336,1.9097495123273878
2026-03-21 03:15:00,1.69272,1.9794735330030846,1.8588196594967585
2026-03-21 03:30:00,2.034286667,2.0391575062497767,1.7296537325213517
2026-03-21 03:45:00,1.786546667,2.128284425298363,1.865271809507938
2026-03-21 04:00:00,2.14718,2.0206174401280625,1.7491302806851667
2026-03-21 04:15:00,1.862773333,2.200826355505431,1.9385008340597936
2026-03-21 04:30:00,1.89262,2.1411412163809413,1.8073201797674678
2026-03-21 04:45:00,1.133066667,2.050059769258626,1.736764254271858
2026-03-21 05:00:00,1.387243333,1.6115208074669118,1.3468536601990826
2026-03-21 05:15:00,1.365693333,1.7177657929230297,1.4373171557464492
2026-03-21 05:30:00,1.472333333,1.7422370804724503,1.4297645142036473
2026-03-21 05:45:00,1.373333333,1.805864811627686,1.4719190709389918
2026-03-21 06:00:00,1.145333333,2.025594799720989,1.454075895809658
2026-03-21 06:15:00,1.399666667,1.6844052242353262,1.4010079999470055
2026-03-21 06:30:00,1.450333333,1.8319023920991948,1.2981008321482252
2026-03-21 06:45:00,1.025333333,1.7488397986804367,1.3655361064373506
2026-03-21 07:00:00,1.488,1.5701024690977528,1.3852150020162455
2026-03-21 07:15:00,0.955333333,1.8340305615687065,1.6109529263707776
2026-03-21 07:30:00,0.842,1.3157701317883792,1.4096250270070727
2026-03-21 07:45:00,1.048,1.5231247924290194,1.5550210595784753
2026-03-21 08:00:00,1.439653333,1.2453020485876656,1.3871636896208699
2026-03-21 08:15:00,1.572713333,1.5246277916382593,1.4735050769888947
2026-03-21 08:30:00,5.118696667,2.360082281248589,2.517611168343264
2026-03-21 08:45:00,4.33893,3.6487597299281034,3.5704460345303644
2026-03-21 09:00:00,2.586183333,3.8500879788870095,4.119637721771638
2026-03-21 09:15:00,3.414116667,3.321415974724606,3.1490651367300284
2026-03-21 09:30:00,0.978086667,3.1874150306003317,3.2099302702908736
2026-03-21 09:45:00,3.01863,1.8906286975412678,2.1914384917489365
2026-03-21 10:00:00,0.697023333,2.53630344238882,2.8715103749655793
2026-03-21 10:15:00,1.312583333,0.667759774844977,1.0237934063530199
2026-03-21 10:30:00,1.881553333,1.4157058720453182,1.4864848103090054
2026-03-21 10:45:00,1.675266667,2.0425239155814285,1.8906324060124569
2026-03-21 11:00:00,0.707266667,1.092653067252375,1.5455389059508644
2026-03-21 11:15:00,1.136863333,0.41411876510092105,1.2582950506000725
2026-03-21 11:30:00,0.832203333,0.5120717203571574,1.8361163585674611
2026-03-21 11:45:00,0.822776667,0.6595361315401872,1.79942473448917
2026-03-21 12:00:00,1.68295,0.9428256545927262,2.1280263380306335
2026-03-21 12:15:00,2.54042,1.1933711507942308,2.2298808385045543
2026-03-21 12:30:00,2.239896667,1.3691361131361386,2.6184279765662066
2026-03-21 12:45:00,2.112156667,1.825096315235906,2.8372354574422913
2026-03-21 13:00:00,1.90918,1.8738244907242285,2.6207639948672075
2026-03-21 13:15:00,2.388436667,1.8190201832622634,2.8231651170193888
2026-03-21 13:30:00,4.591893333,3.057958997330831,3.264639737194156
2026-03-21 13:45:00,7.626636667,3.693886851330267,4.753242874814667
2026-03-21 14:00:00,12.61689667,4.114943325428686,6.076458542678445
2026-03-21 14:15:00,10.16696,9.434790563035705,9.802006425717817
2026-03-21 14:30:00,7.043956667,8.103211171880595,10.458613813456646
2026-03-21 14:45:00,6.721836667,5.368306782204005,7.060989629717419
2026-03-21 15:00:00,7.905273333,6.125723883244013,6.172329376839096
2026-03-21 15:15:00,8.068383333,6.861038538221557,7.292689741085863
2026-03-21 15:30:00,4.000953333,5.863316234350992,6.055860123185705
2026-03-21 15:45:00,4.582176667,3.256754935647615,3.8111156025462023
2026-03-21 16:00:00,8.669313333,3.7706786277944215,4.58626356486594
2026-03-21 16:15:00,15.26818667,7.355446550580137,8.031161992088363
2026-03-21 16:30:00,13.37934,9.76893521762954,11.405632096776037
2026-03-21 16:45:00,16.289,10.928403702135762,10.919529520380145
2026-03-21 17:00:00,11.45164667,12.244826496568146,11.274217614276445
2026-03-21 17:15:00,12.57874,10.348155114957413,10.17486962773029
2026-03-21 17:30:00,10.15207333,9.573003151434625,10.427027231443228
2026-03-21 17:45:00,12.41874,8.454341358639619,7.656965134266995
2026-03-21 18:00:00,6.887006667,9.391593143916266,11.03496677719975
2026-03-21 18:15:00,9.569823333,7.334083686143258,7.101007830743792
2026-03-21 18:30:00,9.354553333,9.165350663639673,9.084407283284094
2026-03-21 18:45:00,7.327713333,9.741555435957242,8.621246517490295
2026-03-21 19:00:00,9.005243333,6.740541850839793,6.821502321512063
2026-03-21 19:15:00,9.363793333,7.421973648687533,7.666631336344979
2026-03-21 19:30:00,9.48493,7.0825902532652645,7.737948078168353
2026-03-21 19:45:00,2.466153333,7.225583925811144,8.216747666032532
2026-03-21 20:00:00,3.17677,2.7608298317318005,3.2477210598295723
2026-03-21 20:15:00,3.241566667,3.799775707896798,3.573648652376654
2026-03-21 20:30:00,2.573666667,3.8617925378886335,3.6637362285967083
2026-03-21 20:45:00,2.939343333,2.6878153710972454,3.0861145604982734
2026-03-21 21:00:00,3.189773333,3.054755364795289,2.754492181968771
2026-03-21 21:15:00,2.750056667,3.2685471575200395,2.7414789367723436
2026-03-21 21:30:00,2.488656667,2.6278350190290607,2.5290860495165948
2026-03-21 21:45:00,2.278743333,2.5378848177491644,2.317787698356578
2026-03-21 22:00:00,2.212296667,2.2644226607906948,2.289860649946994
2026-03-21 22:15:00,1.768453333,2.214317931301345,2.1591130615152023
2026-03-21 22:30:00,1.994346667,2.0038426527515947,1.8302093112534188
2026-03-21 22:45:00,2.190286667,2.112923856666437,1.9932877281172372
2026-03-21 23:00:00,2.307836667,2.243428327904697,2.03467742359353
2026-03-21 23:15:00,2.245586667,2.1464725142903878,2.2674915214037394
2026-03-21 23:30:00,2.361306667,2.207574639983485,2.100035092035067
2026-03-21 23:45:00,1.719493333,2.2511551782137107,2.29577705374408
2026-03-22 00:00:00,1.610093333,1.6251790338952363,1.8877496550408033
2026-03-22 00:15:00,1.845973333,1.6586527627102203,1.9033019170729997
2026-03-22 00:30:00,1.634833333,1.6876294712020425,1.7819079818692865
2026-03-22 00:45:00,1.414746667,1.6762260151420891,1.6907880412003693
2026-03-22 01:00:00,1.203613333,1.4704002997477863,1.4581538329282064
2026-03-22 01:15:00,1.307106667,1.2753743722725102,1.3050810104993111
2026-03-22 01:30:00,2.713366667,1.4505696722203636,1.6650974776716698
2026-03-22 01:45:00,4.707053333,2.5236144414072847,2.721553900650823
2026-03-22 02:00:00,4.4858,2.6829413905409294,3.9828008108786115
2026-03-22 02:15:00,4.781773333,2.7561357110877065,3.7758744324822087
2026-03-22 02:30:00,4.099903333,3.2441446751514524,3.6199730621865926
2026-03-22 02:45:00,2.190153333,3.384244270688326,3.33263688116703
2026-03-22 03:00:00,2.173993333,2.1151006637475187,2.1928766572580884
2026-03-22 03:15:00,2.28496,1.8206991306776603,2.018528002032929
2026-03-22 03:30:00,1.783046667,2.3867423176588325,2.2438560383468724
2026-03-22 03:45:00,2.002386667,1.9591278147368132,1.8086075682687701
2026-03-22 04:00:00,1.892666667,2.1914192973954285,1.9645661167869457
2026-03-22 04:15:00,1.979333333,2.1485505073234603,1.8291763995953305
2026-03-22 04:30:00,1.650666667,2.21039219736807,1.8505366321660512
2026-03-22 04:45:00,1.387,1.9540815380447696,1.6701073211729422
2026-03-22 05:00:00,1.032666667,1.7865690658859068,1.5151357972606763
2026-03-22 05:15:00,1.404333333,1.5923602172643625,1.3081005703438073
2026-03-22 05:30:00,1.301666667,1.7958151007866843,1.4584373240121904
2026-03-22 05:45:00,1.652333333,1.7915332648405555,1.4225667599987941
2026-03-22 06:00:00,1.105,2.0541834331350355,1.662780865144729
2026-03-22 06:15:00,1.585333333,1.6750289540283203,1.380755601825689
2026-03-22 06:30:00,1.400666667,1.7803170314909513,1.5597294607771113
2026-03-22 06:45:00,1.306666667,1.8272401330290213,1.4068912623308967
2026-03-22 07:00:00,1.503333333,1.7219438653485006,1.5581256249800781
2026-03-22 07:15:00,1.349,1.6574412720553644,1.5921926945308564
2026-03-22 07:30:00,1.35368,1.5546236391051484,1.472976079487265
2026-03-22 07:45:00,0.87826,1.5801473342360715,1.5046323679443607
2026-03-22 08:00:00,0.51212,1.3457578078528953,1.2665816194743642
2026-03-22 08:15:00,1.77281,1.3431072339180605,1.5031593736236977
2026-03-22 08:30:00,3.541693333,1.949061814626742,2.0377381520055526
2026-03-22 08:45:00,2.521193333,2.365518561202661,2.652228615133451
2026-03-22 09:00:00,3.239793333,3.4423464873650342,2.8343320842127353
2026-03-22 09:15:00,1.189943333,3.690339336635645,3.2794418739255935
2026-03-22 09:30:00,1.659143333,1.69457562025826,1.6833968222137299
2026-03-22 09:45:00,2.22297,2.5074181483753835,2.3997189626818787
2026-03-22 10:00:00,2.463706667,2.025876701054267,2.227275998495359
2026-03-22 10:15:00,5.10852,2.2473215568884,1.921484450852834
2026-03-22 10:30:00,3.499376667,4.039403819873849,4.02228072389996
2026-03-22 10:45:00,1.958866667,3.270334368628293,3.196796846685216
2026-03-22 11:00:00,4.64001,1.8586874229539792,2.0888835853281766
2026-03-22 11:15:00,4.64586,3.7939654354582175,3.8144367384843423
2026-03-22 11:30:00,5.707496667,3.8992938238631867,4.008282502291055
2026-03-22 11:45:00,3.257673333,5.140562878516091,4.723148287273036
2026-03-22 12:00:00,1.445463333,4.247359742480734,3.852473524487673
2026-03-22 12:15:00,0.0,2.409961543899471,2.7146869309754624
2026-03-22 12:30:00,0.0,1.8532721371244543,1.9715470069772885
2026-03-22 12:45:00,0.05125,1.2562154723268777,3.6298299104904537
2026-03-22 13:00:00,4.70613,1.4946782353256651,3.089855674296037
2026-03-22 13:15:00,8.300203333,6.869532313607521,6.3834804091121145
2026-03-22 13:30:00,11.82838333,8.523539879127386,10.450756559288715
2026-03-22 13:45:00,15.3047,10.917319431464907,10.7881212879107
2026-03-22 14:00:00,13.78080333,12.679222768321045,12.376221690351546
2026-03-22 14:15:00,13.93033667,10.96314924816563,12.574683678308842
2026-03-22 14:30:00,11.99743667,10.113883684460513,11.961967842827745
2026-03-22 14:45:00,13.70559667,9.729467810870577,10.824780691207097
2026-03-22 15:00:00,9.55399,9.958408429444685,11.689462397234767
2026-03-22 15:15:00,9.091476667,8.733906450402518,8.244438825900826
2026-03-22 15:30:00,6.90432,8.803333183641753,8.997389165714887
2026-03-22 15:45:00,6.181746667,7.44055819765353,7.475886449970823
2026-03-22 16:00:00,9.218583333,5.774437842813971,6.469809267779889
2026-03-22 16:15:00,11.11623667,7.023226976430285,7.198001528558021
2026-03-22 16:30:00,9.031523333,7.551478884072815,10.463566932640425
2026-03-22 16:45:00,6.703113333,4.281548308749684,5.360759487361411
2026-03-22 17:00:00,7.778013333,5.590845192686884,6.6320805399915335
2026-03-22 17:15:00,4.87593,5.853016157154418,7.06818130910735
2026-03-22 17:30:00,6.952626667,4.864632386857134,5.353737992624153
2026-03-22 17:45:00,5.329376667,4.917445934002588,6.023614558936118
2026-03-22 18:00:00,2.650576667,4.358610775132562,5.188285914771979
2026-03-22 18:15:00,1.274126667,2.5192079926594766,3.364876039132121
2026-03-22 18:30:00,0.753993333,1.6445821595384364,3.1899016274079104
2026-03-22 18:45:00,0.945663333,1.4938431021084508,2.687633096489178
2026-03-22 19:00:00,1.214673333,1.518736802490135,2.966143445942871
2026-03-22 19:15:00,1.28752,1.9353894996306789,2.37953405331722
2026-03-22 19:30:00,1.717823333,2.0964371307610663,2.338837070765687
2026-03-22 19:45:00,1.895103333,2.107440457745332,2.0909549473388345
2026-03-22 20:00:00,2.828056667,2.1031714716299392,2.2282619627627223
2026-03-22 20:15:00,2.60755,2.639802765302172,2.790754031547924
2026-03-22 20:30:00,2.399156667,2.562904355694124,2.6499676081835637
2026-03-22 20:45:00,2.16574,2.419170974646774,2.49221664174746
2026-03-22 21:00:00,2.758323333,2.4606401588369584,2.304844706573336
2026-03-22 21:15:00,2.30716,2.8077101732717473,2.5895586377804762
2026-03-22 21:30:00,2.088086667,2.437810546281048,2.2163987455725365
2026-03-22 21:45:00,2.369203333,2.3237154466335577,2.1297164001070903
2026-03-22 22:00:00,2.683886667,2.244056361066604,2.234661648806467
2026-03-22 22:15:00,2.318266667,2.5087603309172026,2.4171597645069576
2026-03-22 22:30:00,1.939906667,2.19846216074552,2.1769233060943565
2026-03-22 22:45:00,1.95968,2.0109509657846774,1.9734877437131526
2026-03-22 23:00:00,2.28685,1.816983558086555,1.8771671156602008
2026-03-22 23:15:00,2.22538,2.01835560615032,2.138313418500207
2026-03-22 23:30:00,1.76998,1.987372555319153,2.104302388712017
2026-03-22 23:45:00,1.492116667,1.7116214663396379,1.8361548920610544
2026-03-23 00:00:00,1.099203333,1.4468863255901996,1.615708911077076
2026-03-23 00:15:00,1.552196667,1.1509905475133915,1.3401677763439217
2026-03-23 00:30:00,1.19055,1.4766460071692595,1.5146421026192478
2026-03-23 00:45:00,1.22744,1.3022357307196468,1.3339760517090802
2026-03-23 01:00:00,1.047663333,1.2891009239432125,1.3003488800557537
2026-03-23 01:15:00,1.23296,1.1810497606729216,1.174016272624396
2026-03-23 01:30:00,2.269766667,1.3883517975122441,1.780658517755595
2026-03-23 01:45:00,4.52984,2.2124150932093753,2.7562182649000064
2026-03-23 02:00:00,4.501083333,2.7259803431508756,3.7952566774592125
2026-03-23 02:15:00,4.991203333,2.937608044249328,4.114140470145197
2026-03-23 02:30:00,4.396933333,3.4109719680318165,4.286327326337529
2026-03-23 02:45:00,4.218946667,3.62054989153886,3.4226096799732266
2026-03-23 03:00:00,4.582316667,3.777637719171423,3.4755984763446706
2026-03-23 03:15:00,3.972586667,4.290831862650614,3.5965555496890964
2026-03-23 03:30:00,1.52508,3.570531088791681,3.313498091449721
2026-03-23 03:45:00,1.907983333,1.7041298509053766,1.7231871108256847
2026-03-23 04:00:00,1.92465,1.7662662415435002,1.7908847927264255
2026-03-23 04:15:00,2.084026667,1.9978801796205312,1.885425255080665
2026-03-23 04:30:00,1.610136667,2.049431372275428,2.052103326976618
2026-03-23 04:45:00,1.0944,1.8778493776891831,1.6907480113822826
2026-03-23 05:00:00,1.193766667,1.5218483000351164,1.4479591211597598
2026-03-23 05:15:00,1.30146,1.610669737431355,1.4889633292856608
2026-03-23 05:30:00,1.01666,1.667928798003661,1.4175943924787897
2026-03-23 05:45:00,1.040796667,1.5142456996195544,1.2934435635142156
2026-03-23 06:00:00,1.114843333,1.5739521200433055,1.2954152277455966
2026-03-23 06:15:00,1.219,1.6097540278576004,1.3853035352577585
2026-03-23 06:30:00,1.020266667,1.7145323121741602,1.430228269762459
2026-03-23 06:45:00,1.096086667,1.485371404904409,1.2663745712623373
2026-03-23 07:00:00,1.254936667,1.5707764349196414,1.4413898139812418
2026-03-23 07:15:00,1.196256667,1.5062942167527822,1.4799771140721114
2026-03-23 07:30:00,1.450793333,1.5010375186711233,1.4527023548097038
2026-03-23 07:45:00,0.986106667,1.4532333466502585,1.3414116419505782
2026-03-23 08:00:00,0.946083333,1.1992203993040456,1.0547355818832902
2026-03-23 08:15:00,0.538333333,1.1918443505642498,1.1464741401953735
2026-03-23 08:30:00,0.110653333,1.3176885665012452,1.4698735689572675
2026-03-23 08:45:00,0.0,0.8314621817405053,1.0699702923966943
2026-03-23 09:00:00,0.0,0.8530899319095274,1.0527542367964862
2026-03-23 09:15:00,0.0,0.6133160734768813,1.017242711381877
2026-03-23 09:30:00,0.0,0.40063401215179045,1.1712172999412878
2026-03-23 09:45:00,0.0,0.393735078693116,0.9593291089244202
2026-03-23 10:00:00,0.0,0.1406651213386454,0.3741501954685889
2026-03-23 10:15:00,0.0,0.1732937495674933,0.5827522149749578
2026-03-23 10:30:00,0.0,0.3927158522293988,0.7045006769534796
2026-03-23 10:45:00,0.0,0.35380414969658364,1.220628278181827
2026-03-23 11:00:00,8.15483,0.6714439912066661,1.3630106190803324
2026-03-23 11:15:00,5.346676667,6.698905050829525,8.702545537230257
2026-03-23 11:30:00,5.280213333,7.355262487345364,6.979937507674697
2026-03-23 11:45:00,2.941236667,6.801103315670997,6.6784349781769
2026-03-23 12:00:00,3.765633333,2.664155367953018,4.052670250643758
2026-03-23 12:15:00,3.67966,2.5419271950714504,4.065290731418366
2026-03-23 12:30:00,2.63756,2.9401403831159376,3.771954182277263
2026-03-23 12:45:00,2.27846,2.053740535174282,2.372059492759298
2026-03-23 13:00:00,2.341976667,1.5153577384393349,2.280041945439054
2026-03-23 13:15:00,2.88539,1.9363385261578916,2.883051444218371
2026-03-23 13:30:00,4.266393333,1.2126655337907737,2.1316744952937876
2026-03-23 13:45:00,4.440136667,1.3545443421705625,2.6195797497463147
2026-03-23 14:00:00,5.384133333,1.6641945198572226,2.7958945150401493
2026-03-23 14:15:00,4.451903333,2.2018887681913073,3.2561460184612776
2026-03-23 14:30:00,4.102793333,2.82287565381776,2.879334785414693
2026-03-23 14:45:00,5.196843333,2.5077197209838578,3.0996851694241903
2026-03-23 15:00:00,4.567183333,3.7540593837582126,3.8756486998514585
2026-03-23 15:15:00,2.410006667,3.8074094935734135,4.2826694286544384
2026-03-23 15:30:00,1.53562,2.339531381143684,2.1540958107062353
2026-03-23 15:45:00,4.722003333,2.0545226091105375,2.1501170478985214
2026-03-23 16:00:00,3.436953333,4.409143276543006,3.7847790770961387
2026-03-23 16:15:00,3.60154,3.4219375768846394,2.8123813444843737
2026-03-23 16:30:00,4.42242,3.762396622809341,3.3382241587980714
2026-03-23 16:45:00,2.361273333,3.682248847999272,3.5105654611574977
2026-03-23 17:00:00,2.74897,3.439787549671523,2.619561636847733
2026-03-23 17:15:00,3.798543333,3.2418718724249156,2.63351115296525
2026-03-23 17:30:00,3.634046667,4.383739879149798,3.148876564806473
2026-03-23 17:45:00,4.233063333,4.090678321563383,3.061071805924467
2026-03-23 18:00:00,5.395263333,4.3452089588255385,4.130442518766548
2026-03-23 18:15:00,6.261333333,4.879577533234404,4.9080537462971625
2026-03-23 18:30:00,5.442023333,6.428631576509764,5.808346557907957
2026-03-23 18:45:00,6.90677,5.065607435898658,4.631814064706457
2026-03-23 19:00:00,7.41685,6.304550922964317,6.187781254459773
2026-03-23 19:15:00,5.944663333,6.981189177265028,6.649601133682234
2026-03-23 19:30:00,5.762273333,5.596063525476161,5.030777942943054
2026-03-23 19:45:00,7.5065,5.540634572012712,5.155191067149943
2026-03-23 20:00:00,8.845463333,6.616883697490829,6.797120385336347
2026-03-23 20:15:00,4.745073333,7.008693475625228,6.9710910291380195
2026-03-23 20:30:00,2.740123333,4.066027659247712,3.841358138181262
2026-03-23 20:45:00,2.84161,2.697088814439268,2.5646572142646975
2026-03-23 21:00:00,2.2588,2.839366637309042,2.8452769219504837
2026-03-23 21:15:00,1.559133333,2.479726739521095,2.5613434961066597
2026-03-23 21:30:00,1.635076667,2.1828092337321494,2.3052503923436247
2026-03-23 21:45:00,2.221433333,2.133471942754818,2.2365848468149627
2026-03-23 22:00:00,2.264766667,2.2977546313824893,2.2199322321274404
2026-03-23 22:15:00,2.03078,2.35906129621574,2.157410570533089
2026-03-23 22:30:00,2.128213333,2.272353169968015,1.9691239807534564
2026-03-23 22:45:00,2.001506667,2.240970310356355,2.049635291292403
2026-03-23 23:00:00,2.549256667,2.023291426010979,1.9149540790336672
2026-03-23 23:15:00,2.392006667,2.311834529927143,2.318200118523652
2026-03-23 23:30:00,1.919193333,2.176845283548604,2.2404788798372004
2026-03-23 23:45:00,1.4621,1.8292272307686657,1.8279731079318406
2026-03-24 00:00:00,1.536943333,1.3521533813901692,1.5878920837755965
2026-03-24 00:15:00,1.509463333,1.4708529610307775,1.5439699735800927
2026-03-24 00:30:00,1.68345,1.403635416896621,1.4656529402481744
2026-03-24 00:45:00,1.664753333,1.5591129782259046,1.5282909053956222
2026-03-24 01:00:00,1.37936,1.4714734812300436,1.5418413276842688
2026-03-24 01:15:00,1.365823333,1.3318147388337616,1.3483405583812138
2026-03-24 01:30:00,1.43326,1.520070437343822,1.6070627871417664
2026-03-24 01:45:00,1.39361,1.7233150373841561,2.3181648953752845
2026-03-24 02:00:00,1.43223,1.7679386079537813,1.9968772196947924
2026-03-24 02:15:00,1.331716667,1.5433075243403285,1.9689049038336583
2026-03-24 02:30:00,1.43702,1.6954652836854174,1.8483349288941464
2026-03-24 02:45:00,1.581026667,1.623428575066673,1.6488660767606875
2026-03-24 03:00:00,1.628526667,1.7801209786099315,1.7800661384762193
2026-03-24 03:15:00,1.884796667,1.7968773299799368,1.8808457250524364
2026-03-24 03:30:00,1.74428,1.6414878077339707,1.7226784956225079
2026-03-24 03:45:00,1.770586667,1.6607435963275858,1.6746009193848401
2026-03-24 04:00:00,1.576093333,1.762935175508384,1.7426169515219223
2026-03-24 04:15:00,1.75743,1.570844020516973,1.6072770412029282
2026-03-24 04:30:00,1.898116667,1.6907565598631087,1.6522393423156094
2026-03-24 04:45:00,1.78739,1.7662105728898077,1.6827884058884652
2026-03-24 05:00:00,1.572573333,1.801897723104804,1.6537864175965702
2026-03-24 05:15:00,1.880326667,1.660006553086947,1.420190839638987
2026-03-24 05:30:00,1.946746667,1.8508929286241869,1.7072408958908551
2026-03-24 05:45:00,1.89117,1.881626542736445,1.8027048037656395
2026-03-24 06:00:00,1.678623333,1.931555365017753,1.8323594367308433
2026-03-24 06:15:00,1.81602,1.9020427180697947,1.6366486547707573
2026-03-24 06:30:00,1.849883333,1.969428319211241,1.7842458687515286
2026-03-24 06:45:00,1.860066667,2.0268853710756827,1.7842458687515286
2026-03-24 07:00:00,1.856656667,2.0944117848551547,1.9052924932101318
2026-03-24 07:15:00,1.920393333,2.1334460136820845,1.9154807161953566
2026-03-24 07:30:00,1.624543333,2.4365410443580116,2.053325879124347
2026-03-24 07:45:00,2.66021,2.122341796424278,1.6348201125273247
2026-03-24 08:00:00,0.976256667,2.1942070440395747,2.0511741152389034
2026-03-24 08:15:00,1.171756667,1.4718146137088481,1.1921176937621303
2026-03-24 08:30:00,1.310896667,1.6259146604641739,1.1933681051432745
2026-03-24 08:45:00,0.867596667,1.676409538916935,1.6522711501727925
2026-03-24 09:00:00,0.460346667,1.1770187031917112,1.2260875246706942
2026-03-24 09:15:00,0.008118922,0.9880479191023831,1.0231890616925674
2026-03-24 09:30:00,-0.000397824,0.41401589233268743,0.8561122062942347
2026-03-24 09:45:00,6.85762e-05,0.39545515599416914,0.8137599299768894
2026-03-24 10:00:00,0.000212421,0.2543575804045318,0.6350270555433775
2026-03-24 10:15:00,0.000107801,0.25690709689378116,0.6148179894782071
2026-03-24 10:30:00,1.960778225,0.8137626951275864,0.9849653655993619
2026-03-24 10:45:00,9.073746667,4.003183691290914,2.7548910529332313
2026-03-24 11:00:00,10.54295667,7.979059301963508,8.932039869338599
2026-03-24 11:15:00,10.16781333,9.338365307242029,9.760024546854616
2026-03-24 11:30:00,10.07066667,9.327640944008788,9.695702681421997
2026-03-24 11:45:00,9.959106667,8.07720575494018,8.14629281156198
2026-03-24 12:00:00,9.305876667,7.888279187955326,8.252952788723025
2026-03-24 12:15:00,5.728433333,6.876119500469354,7.04401850700731
2026-03-24 12:30:00,3.557893333,4.443039297660087,5.252082184302477
2026-03-24 12:45:00,5.630376667,3.5711635379464424,3.5475788676323297
2026-03-24 13:00:00,4.020853333,4.068110704938423,4.664842253806383
2026-03-24 13:15:00,5.20726,2.9033239311224284,3.838941078449204
2026-03-24 13:30:00,4.470063333,3.8040492047480425,4.593245966055152
2026-03-24 13:45:00,2.07529,3.9079757343399937,4.286742063010592
2026-03-24 14:00:00,5.199473333,2.2568889916029398,3.0178503506039425
2026-03-24 14:15:00,1.123813333,4.3591654108440006,4.622632539284621
2026-03-24 14:30:00,3.489916667,1.0192012300305862,2.5256969364909176
2026-03-24 14:45:00,0.794566667,2.4088246999058636,3.418894294863683
2026-03-24 15:00:00,2.071376667,1.4983096123877262,1.9561922722301506
2026-03-24 15:15:00,2.192446667,2.128805894081605,2.038581205408292
2026-03-24 15:30:00,2.074053333,2.054375144941065,2.167015518783155
2026-03-24 15:45:00,1.995633333,2.2719506217320604,2.44376889062573
2026-03-24 16:00:00,1.332193333,1.9159646979915075,2.266846323438799
2026-03-24 16:15:00,4.29597,2.173965475747066,2.0099929690439065
2026-03-24 16:30:00,4.41068,3.624178081460772,3.2629109860435235
2026-03-24 16:45:00,2.71427,3.961873951937092,3.7838921221922313
2026-03-24 17:00:00,2.526303333,2.604614448108283,2.361781153330831
2026-03-24 17:15:00,3.72555,2.728426546626915,2.518430142696956
2026-03-24 17:30:00,3.424093333,3.638529770076647,3.029898738659076
2026-03-24 17:45:00,3.623686667,3.5221894622154504,2.94654351005803
2026-03-24 18:00:00,3.93416,3.3727496177809284,2.5588440548040747
2026-03-24 18:15:00,1.675913333,3.189549041406734,2.9123955104763253
2026-03-24 18:30:00,1.669186667,2.082176730755274,2.155834809979699
2026-03-24 18:45:00,1.482423333,1.8780368911100556,1.8431139066859263
2026-03-24 19:00:00,1.483483333,1.312797042441553,1.6617512433465331
2026-03-24 19:15:00,1.844696667,1.5662796332043305,1.7695795450244647
2026-03-24 19:30:00,2.32216,1.881626871706775,2.1504598402724455
2026-03-24 19:45:00,2.3668,2.2028109515897047,2.2480559264603763
2026-03-24 20:00:00,2.693223333,2.301325053753891,2.513279570478002
2026-03-24 20:15:00,2.744156667,2.5555867708136146,2.6797258246666504
2026-03-24 20:30:00,1.414306667,2.5410342417730836,2.649508655460852
2026-03-24 20:45:00,1.74525,1.939942635429184,2.1790021165794937
2026-03-24 21:00:00,2.242396667,2.2298497384629083,2.5516212330728516
2026-03-24 21:15:00,2.07187,2.583234125047097,2.726914261171653
2026-03-24 21:30:00,2.01753,2.352046977401725,2.333116326767381
2026-03-24 21:45:00,1.998196667,2.444457508566835,2.2770303955304936
2026-03-24 22:00:00,2.036003333,2.0321311940886893,2.0915331497115037
2026-03-24 22:15:00,2.008393333,2.0761061002343575,2.0907645394480165
2026-03-24 22:30:00,1.980176667,2.3166124665259784,2.019584346743628
2026-03-24 22:45:00,1.800856667,1.9942337487759774,1.9506201857946353
2026-03-24 23:00:00,1.300646667,1.8478190560590846,1.8254807903936159
2026-03-24 23:15:00,1.437666667,1.5672321748582378,1.5847754671788135
2026-03-24 23:30:00,1.14797,1.493270938248198,1.5117174944429526
2026-03-24 23:45:00,1.33242,1.3034586689944487,1.296458933589009
2026-03-25 00:00:00,1.438236667,1.1455066730273058,1.3495613406974007
2026-03-25 00:15:00,1.01442,1.2178113879505457,1.417369017856768
2026-03-25 00:30:00,1.027913333,1.0067169948600394,1.1229483042360169
2026-03-25 00:45:00,1.283936667,1.0834044348288485,1.1895891879183689
2026-03-25 01:00:00,1.165573333,1.204131021477501,1.2995097075192457
2026-03-25 01:15:00,1.042666667,1.1392572935461909,1.2164969800477945
2026-03-25 01:30:00,1.1568,1.1411469249561743,1.272246549245447
2026-03-25 01:45:00,1.26025,1.2398363843678737,1.4690261413359125
2026-03-25 02:00:00,1.132726667,1.317774588933219,1.521392742195374
2026-03-25 02:15:00,0.99239,1.2764416101968918,1.4376374787591013
2026-03-25 02:30:00,1.085996667,1.1477874695490273,1.3679214768436663
2026-03-25 02:45:00,1.113023333,1.2458641323528943,1.446536406570078
2026-03-25 03:00:00,1.15119,1.3356070930476518,1.5134314342891673
2026-03-25 03:15:00,0.932436667,1.2015632461247108,1.4054646291546093
2026-03-25 03:30:00,1.138916667,0.9849084403479726,1.1234561536836234
2026-03-25 03:45:00,1.300676667,1.1699187966249258,1.2706896973276152
2026-03-25 04:00:00,1.203123333,1.240580623011673,1.3741211541410614
2026-03-25 04:15:00,1.013316667,1.2105903813829608,1.3374722625326707
2026-03-25 04:30:00,1.09869,1.031328901846987,1.1385709205268715
2026-03-25 04:45:00,1.04511,1.1027441633250297,1.1922831038466617
2026-03-25 05:00:00,1.34852,1.1042132976182815,1.1302587373462605
2026-03-25 05:15:00,1.012636667,1.2374268813711735,1.319045718676201
2026-03-25 05:30:00,1.154256667,1.0480847272911658,1.1263066760088598
2026-03-25 05:45:00,1.047116667,1.1220796190795788,1.202809361262086
2026-03-25 06:00:00,1.30957,1.1328363347609374,1.1644358194032929
2026-03-25 06:15:00,0.853533333,1.252829802397532,1.2990002351579577
2026-03-25 06:30:00,1.13324,1.0186101816259223,1.0823887242539056
2026-03-25 06:45:00,1.158616667,1.1416207006998087,1.202809361262086
2026-03-25 07:00:00,1.35996,1.2470565141927772,1.3016656584177473
2026-03-25 07:15:00,0.75053,1.4383822955949204,1.4386505436099777
2026-03-25 07:30:00,0.76349,1.3718975698273472,1.297900213026346
2026-03-25 07:45:00,3.663406667,2.348183151819313,1.7455003286951982
2026-03-25 08:00:00,1.061836667,2.2615799801149716,2.5755226092382144
2026-03-25 08:15:00,1.522476667,1.3201001669187444,1.0786318146130436
2026-03-25 08:30:00,1.647956667,1.5787313282624194,1.4363667199157102
2026-03-25 08:45:00,2.688073333,1.939070573949042,1.6294693109101759
2026-03-25 09:00:00,7.100913333,3.10370536006947,2.8063192427882164
2026-03-25 09:15:00,6.012253333,5.537390100523231,5.895848722906584
2026-03-25 09:30:00,4.07465,5.364243540448907,5.4112098545947465
2026-03-25 09:45:00,3.151446667,3.8851425705986236,3.804168163925997
2026-03-25 10:00:00,2.679466667,2.432094517422495,2.8650647493216206
2026-03-25 10:15:00,3.784023333,2.1325915100702777,2.6231733288677215
2026-03-25 10:30:00,3.772756667,3.689524341113873,3.165888421308126
2026-03-25 10:45:00,3.604006667,3.0072033109667533,3.0351627540118935
2026-03-25 11:00:00,2.79725,2.3483307402970226,2.1894203159889902
2026-03-25 11:15:00,3.416323333,2.562263236098917,2.19252502648605
2026-03-25 11:30:00,3.121083333,2.6760808496377058,2.147618726263883
2026-03-25 11:45:00,6.29902,3.203451536163066,2.611097449994186
2026-03-25 12:00:00,8.3608,6.493053088038043,5.390306557327365
2026-03-25 12:15:00,9.024656667,7.75932215372285,7.847231815180931
2026-03-25 12:30:00,11.09430333,7.614998396634717,7.206936368294941
2026-03-25 12:45:00,11.55514667,9.683435665487384,9.540718589900003
2026-03-25 13:00:00,9.90565,9.156967673015787,9.309835772983975
2026-03-25 13:15:00,8.20319,7.754655790337548,8.6705661404577
2026-03-25 13:30:00,6.54224,7.191493008164093,6.932615380297057
2026-03-25 13:45:00,4.849656667,5.335438792638577,5.050375386335947
2026-03-25 14:00:00,1.60916636,4.395088012442383,5.06178598621912
2026-03-25 14:15:00,2.364444641,2.0064871741739876,2.1592389533657066
2026-03-25 14:30:00,1.032823553,2.1238287167865884,2.937626255081388
2026-03-25 14:45:00,1.606173333,1.4228578724900929,1.8713830129617883
2026-03-25 15:00:00,2.222643333,2.1441631276453665,2.028012943272132
2026-03-25 15:15:00,1.927970863,2.1883416265873548,2.206159187680158
2026-03-25 15:30:00,4.864823333,2.164137488466372,1.992609274559675
2026-03-25 15:45:00,5.4763,4.5779679419619255,4.4548589836684505
2026-03-25 16:00:00,2.553223333,4.406337342599688,5.110522825617324
2026-03-25 16:15:00,3.602123333,2.9744729838357418,2.8793370495067343
2026-03-25 16:30:00,8.035973333,3.424803385888696,3.2057256169983526
2026-03-25 16:45:00,5.84708,6.4238499193528,6.230488728381134
2026-03-25 17:00:00,6.00183,5.901988732228321,5.885894183136626
2026-03-25 17:15:00,5.99623,5.66760386503686,5.6919909485963265
2026-03-25 17:30:00,6.838653333,5.7299615228310925,5.567103820795295
2026-03-25 17:45:00,3.67215,5.828353171832133,6.090760004901867
2026-03-25 18:00:00,7.29374,4.907408314436177,4.031536616894449
2026-03-25 18:15:00,5.399433333,5.794759571946426,6.169515053238942
2026-03-25 18:30:00,1.966201957,4.558574929140083,4.769971403161266
2026-03-25 18:45:00,5.127633333,2.6228139711316785,2.3630210043335924
2026-03-25 19:00:00,5.523336667,4.939381935629858,4.749258192771272
2026-03-25 19:15:00,5.736693333,5.389898771232271,4.842717721659819
2026-03-25 19:30:00,6.08286,5.223609827073725,5.048663462991595
2026-03-25 19:45:00,6.279913333,5.3941063073472835,5.384632454288406
2026-03-25 20:00:00,4.1328,5.343106172016824,5.87460822356921
2026-03-25 20:15:00,6.51497,3.7370992458802252,3.454422352422664
2026-03-25 20:30:00,3.665283333,5.824002179481128,6.135391582222523
2026-03-25 20:45:00,6.609033333,3.826807403008265,3.402198098055884
2026-03-25 21:00:00,3.32223,5.228131759119931,5.465557565834193
2026-03-25 21:15:00,2.744473333,3.0236086808418228,2.9912879545968107
2026-03-25 21:30:00,1.988603333,2.629126921660562,2.5452104971665688
2026-03-25 21:45:00,2.00345,2.403035174039527,2.272853810311395
2026-03-25 22:00:00,2.09211,2.3421049530141747,2.1912570221095953
2026-03-25 22:15:00,2.183693333,2.339107254178663,2.176454932449054
2026-03-25 22:30:00,1.986423333,2.3922921907535852,2.204130143495232
2026-03-25 22:45:00,2.095463333,1.9679713329996797,1.99424137300192
2026-03-25 23:00:00,1.742213333,2.0238950384170247,2.084531853205931
2026-03-25 23:15:00,1.850826667,1.7634491850239111,1.8166281210542443
2026-03-25 23:30:00,1.436893333,1.7325752667260554,1.825131814376536
2026-03-25 23:45:00,1.603343333,1.571677351386641,1.599073344273724
2026-03-26 00:00:00,1.221326667,1.4178553881323157,1.6424264544140315
2026-03-26 00:15:00,1.66555,1.242010973287439,1.3699077622468632
2026-03-26 00:30:00,1.534113333,1.6442166476946256,1.6386340325613482
2026-03-26 00:45:00,1.43152,1.4479344702765873,1.4369694019086463
2026-03-26 01:00:00,1.06118,1.3821848607193166,1.388764005556465
2026-03-26 01:15:00,1.268266667,1.1620114514347883,1.1870756329231547
2026-03-26 01:30:00,1.197193333,1.3194757785610511,1.3978996092383729
2026-03-26 01:45:00,1.241906667,1.298582505925626,1.409911044921484
2026-03-26 02:00:00,1.12613,1.2322680149084566,1.3811952667746563
2026-03-26 02:15:00,1.369943333,1.196205375109695,1.2940453421623797
2026-03-26 02:30:00,1.195706667,1.2867990993824203,1.4149070203969547
2026-03-26 02:45:00,1.20732,1.251366556342544,1.3304003463504934
2026-03-26 03:00:00,1.226233333,1.3143403139205292,1.3210404725811449
2026-03-26 03:15:00,1.391343333,1.274739760915587,1.2884889295667106
2026-03-26 03:30:00,0.993793333,1.3480768212725194,1.3552523424887664
2026-03-26 03:45:00,1.11302,1.1268156222257426,1.2101761802177795
2026-03-26 04:00:00,1.100346667,1.3303916610414859,1.3539228762235738
2026-03-26 04:15:00,1.408726667,1.1478803610631187,1.2354209103187037
2026-03-26 04:30:00,0.897776667,1.4007084267894683,1.4355383628826148
2026-03-26 04:45:00,1.060133333,1.005717048641264,1.094959425845549
2026-03-26 05:00:00,1.126553333,1.160678417001422,1.2323625560774
2026-03-26 05:15:00,1.12702,1.1554378318614944,1.237205855792614
2026-03-26 05:30:00,1.220453333,1.178547106502179,1.2329109572775636
2026-03-26 05:45:00,1.252886667,1.2289325354545848,1.2778335929390037
2026-03-26 06:00:00,0.943683333,1.2470478507539986,1.3116828106120224
2026-03-26 06:15:00,1.160996667,1.024306539268133,1.0711772826316628
2026-03-26 06:30:00,1.11449,1.187798005046252,1.2181093365416096
2026-03-26 06:45:00,1.29125,1.1982617535413196,1.228497771160987
2026-03-26 07:00:00,1.062426667,1.8440896779924016,1.6422965354167982
2026-03-26 07:15:00,1.077786667,1.188188069257679,1.173029187865678
2026-03-26 07:30:00,2.604146667,1.6604647426989165,1.3603823312536463
2026-03-26 07:45:00,3.028393333,2.8445778248559295,2.7311199580499848
2026-03-26 08:00:00,1.224823333,2.07073124228836,2.4240971300173064
2026-03-26 08:15:00,4.49292,1.8338320855944887,1.6362700955102112
2026-03-26 08:30:00,2.78923,3.6252659730250016,3.3524203412715945
2026-03-26 08:45:00,3.521246667,2.7569778054415206,2.4865053464337667
2026-03-26 09:00:00,3.831063333,3.4015000449607884,3.115537525143456
2026-03-26 09:15:00,3.59988,3.7088017107261786,3.3874293589609
2026-03-26 09:30:00,3.707066667,3.6189945430335286,3.0909691515238253
2026-03-26 09:45:00,4.01568,3.9949077632767143,3.2110017924500998
2026-03-26 10:00:00,3.418216667,3.4549324496474565,3.3941298921500085
2026-03-26 10:15:00,2.105683333,2.7309784777072244,2.662685191693199
2026-03-26 10:30:00,0.043600211,1.7898771421217061,2.1779639884209914
2026-03-26 10:45:00,2.39424,1.0297286650868032,1.5417267722138204
2026-03-26 11:00:00,2.699246667,1.6373191738962236,2.0818418027013035
2026-03-26 11:15:00,1.650426667,1.8769555334036696,2.7934042086433393
2026-03-26 11:30:00,1.77347,3.03503897819257,3.4917411521708512
2026-03-26 11:45:00,6.803763333,4.421175259861121,4.334357994211921
2026-03-26 12:00:00,13.39581667,9.317609736226125,7.6694202078829
2026-03-26 12:15:00,12.96524,10.902510748787938,11.138106918427532
2026-03-26 12:30:00,11.14216667,11.452815410966776,11.21301073769549
2026-03-26 12:45:00,12.03185667,10.949051879506156,11.31584967594412
2026-03-26 13:00:00,9.07488,8.783207939317101,9.358011551896897
2026-03-26 13:15:00,5.825686667,8.511557839055644,8.111524655254785
2026-03-26 13:30:00,9.3387,6.634648452334002,5.628625047765402
2026-03-26 13:45:00,9.01146,7.0835103156168095,7.115719992113687
2026-03-26 14:00:00,7.02241,7.499168061588258,7.759773246575762
2026-03-26 14:15:00,3.935563333,5.445277475643891,5.577676668147676
2026-03-26 14:30:00,3.11469,3.448109699939668,3.995836294670963
2026-03-26 14:45:00,1.969925547,3.537509034568932,3.6977270300299088
2026-03-26 15:00:00,1.061543333,2.298568349025515,2.361494245295355
2026-03-26 15:15:00,0.50903352,1.8478878776203576,2.065280702087647
2026-03-26 15:30:00,1.98379,1.744512627098391,2.2269211494708134
2026-03-26 15:45:00,6.25053,2.715170609665897,3.090805861232626
2026-03-26 16:00:00,8.08042,6.016001813726684,6.074224029878629
2026-03-26 16:15:00,8.437683333,7.24224174722376,6.765113742183691
2026-03-26 16:30:00,8.161666667,7.508547323551785,7.182077574579866
2026-03-26 16:45:00,4.97160268,6.548863548412739,6.604210723879524
2026-03-26 17:00:00,3.611653333,4.752673338321953,4.910297263069462
2026-03-26 17:15:00,4.630788908,4.077897217891432,4.043136683717113
2026-03-26 17:30:00,3.811852721,3.692529298710736,4.48125624489519
2026-03-26 17:45:00,3.047353333,4.008545292278286,3.631577376527435
2026-03-26 18:00:00,4.550506667,3.4306612848595814,3.315158480016084
2026-03-26 18:15:00,4.9112,4.367648011492165,4.074817951152327
2026-03-26 18:30:00,7.325763333,4.857207749205326,4.538626341128556
2026-03-26 18:45:00,7.743863333,6.630224036041683,6.390931502460035
2026-03-26 19:00:00,6.12411,6.2571640153355075,6.594621762001629
2026-03-26 19:15:00,5.572273333,5.436355035602545,5.700516987732001
2026-03-26 19:30:00,5.85536,4.974726050841977,5.108896588052681
2026-03-26 19:45:00,5.163866667,5.257423065835211,5.646621421955757
2026-03-26 20:00:00,4.979586667,4.496142377870905,4.334911207440424
2026-03-26 20:15:00,4.832193333,4.1108968374414605,4.568210544066934
2026-03-26 20:30:00,4.935516667,4.1764009644699325,3.927778079980068
2026-03-26 20:45:00,5.389793333,4.301390372155551,4.6489591801867025
2026-03-26 21:00:00,4.902116667,4.889342260355271,4.982575763439621
2026-03-26 21:15:00,6.281986667,4.16216943118311,4.174546394544731
2026-03-26 21:30:00,5.187393333,4.957986827317968,5.315413914636168
2026-03-26 21:45:00,5.360066667,4.422739310404597,4.2454551098435545
2026-03-26 22:00:00,5.110003333,4.574236598256294,4.439232540630272
2026-03-26 22:15:00,5.328463333,4.379965190033525,4.259746510726754
2026-03-26 22:30:00,5.33218,4.855547609594114,4.37184554533122
2026-03-26 22:45:00,5.610463333,4.702516944111877,4.324341092212838
2026-03-26 23:00:00,5.601346667,5.048479106659011,4.491987588728941
2026-03-26 23:15:00,5.2278,4.9258706935132155,4.491987588728941
2026-03-26 23:30:00,5.012183333,4.779401013625586,4.3738800088559495
2026-03-26 23:45:00,5.216313333,4.350458735293607,4.17599060115555
2026-03-27 00:00:00,5.015343333,4.4882764421497985,4.112584311575373
2026-03-27 00:15:00,4.87835,4.447530203407338,3.919037014939419
2026-03-27 00:30:00,4.568086667,4.324171188382836,3.809053441691566
2026-03-27 00:45:00,5.006166667,4.1572633367819005,3.6955244693471796
2026-03-27 01:00:00,4.774163333,4.558840943044318,3.9800441394790473
2026-03-27 01:15:00,4.40156,4.635102923742176,4.007588264796999
2026-03-27 01:30:00,4.465166667,4.170542391415671,3.742420103619415
2026-03-27 01:45:00,4.506583333,4.168862324448288,3.742420103619415
2026-03-27 02:00:00,4.42662,4.156157881002311,3.8162907928278966
2026-03-27 02:15:00,4.878833333,4.193875422846552,3.641966284042001
2026-03-27 02:30:00,4.6495,4.959232519753977,4.077974360794018
2026-03-27 02:45:00,4.643443333,4.463317947700282,3.859395139517194
2026-03-27 03:00:00,4.49884,4.61101317174188,3.863492735792673
2026-03-27 03:15:00,4.842426667,4.443449163756866,3.634694105051321
2026-03-27 03:30:00,4.37625,4.985606489036603,3.9556812668840347
2026-03-27 03:45:00,4.973876667,4.023082565604179,3.5922073816742945
2026-03-27 04:00:00,4.64027,4.589369193773887,3.9762500982105946
2026-03-27 04:15:00,4.914743333,3.896854576979851,3.740298698176899
2026-03-27 04:30:00,4.426773333,4.150794858305712,3.934043492764097
2026-03-27 04:45:00,4.842483333,3.716859765801161,3.7655733823861857
2026-03-27 05:00:00,5.054433333,4.310449362669663,4.051633936254346
2026-03-27 05:15:00,4.63054,4.431555110028968,4.051633936254346
2026-03-27 05:30:00,2.272553333,3.9402300675241495,3.884061567119233
2026-03-27 05:45:00,1.265433333,1.9933075806357627,2.137933503267464
2026-03-27 06:00:00,2.65502,1.758182242665133,1.6014917163363236
2026-03-27 06:15:00,4.652813333,2.8339312272152855,2.3761717209357203
2026-03-27 06:30:00,4.563486667,4.161045678801726,3.522042591261887
2026-03-27 06:45:00,4.89787,4.126623969645804,3.4276379998279562
2026-03-27 07:00:00,4.47472,4.775729526998574,4.218618002878222
2026-03-27 07:15:00,4.749313333,4.23858703047508,3.811384785062842
2026-03-27 07:30:00,5.444036667,5.116161757379619,4.5760060981949
2026-03-27 07:45:00,7.790016667,5.434769893288165,5.013812700046287
2026-03-27 08:00:00,5.143446667,7.05230704452497,6.70986821570696
2026-03-27 08:15:00,5.112036667,4.626580328034017,4.450900855000023
2026-03-27 08:30:00,5.399186667,4.752181417053516,4.672472046126911
2026-03-27 08:45:00,5.673533333,4.886576670890204,5.074500462293811
2026-03-27 09:00:00,3.665213333,5.095902876418541,5.2720224874200925
2026-03-27 09:15:00,2.683743333,3.5106265658706652,3.621941233331358
2026-03-27 09:30:00,2.9744,2.808860426725442,2.8713945961059895
2026-03-27 09:45:00,2.147013333,2.9905852332936456,3.2697455048186432
2026-03-27 10:00:00,3.326576667,2.0956439904683166,2.2398725796482832
2026-03-27 10:15:00,2.309906667,2.7911958125544145,3.179764847050139
2026-03-27 10:30:00,4.594543333,2.4761778460587824,2.2487329035390404
2026-03-27 10:45:00,2.577076667,3.5556017036382737,3.8905901695052445
2026-03-27 11:00:00,1.695803333,1.6674729279686573,2.3109174681198095
2026-03-27 11:15:00,1.276336667,1.6058829327461792,1.7821627860970797
2026-03-27 11:30:00,0.289620976,1.5123660762781728,2.0400595067912572
2026-03-27 11:45:00,3.145795062,2.7095193004476674,4.717402246994004
2026-03-27 12:00:00,12.27002,6.492393419827228,7.160681146573054
2026-03-27 12:15:00,9.039503333,11.025637564015728,11.339334375967212
2026-03-27 12:30:00,10.33961,10.008077274580872,10.63129532453599
2026-03-27 12:45:00,10.31372,10.028071806433749,10.786248972777004
2026-03-27 13:00:00,9.64884,8.616168380667407,9.404825707745186
2026-03-27 13:15:00,6.703883333,6.8166357795930805,7.936978606394413
2026-03-27 13:30:00,6.71761,5.681817543337108,6.246776771181885
2026-03-27 13:45:00,4.897573333,4.689040298423538,6.194085079019284
2026-03-27 14:00:00,3.286873333,3.096942829268702,4.792158495656303
2026-03-27 14:15:00,1.762486667,2.5335302210698276,3.07942078127091
2026-03-27 14:30:00,1.533776667,1.5237252073098708,2.5317995349825044
2026-03-27 14:45:00,1.699856667,1.7043768390348646,1.9057249958784188
2026-03-27 15:00:00,1.27469138,1.8297060380301549,2.102731223829759
2026-03-27 15:15:00,1.374956169,1.2160769641145093,1.676187630037681
2026-03-27 15:30:00,0.531609568,1.3679379950702013,1.7004184850373092
2026-03-27 15:45:00,1.187657854,1.2630971227035732,1.8826827487618283
2026-03-27 16:00:00,0.675347996,1.1472921158818876,2.0972352879275364
2026-03-27 16:15:00,0.726811296,1.3372153035380872,1.999520099749525
2026-03-27 16:30:00,1.29944056,1.4193883867886783,1.9563895949054635
2026-03-27 16:45:00,0.820586667,1.5634837542130855,1.7391157943711708
2026-03-27 17:00:00,1.476103333,1.3581538450763846,1.5112788621825979
2026-03-27 17:15:00,2.213146667,1.9958205279658818,1.969593657644579
2026-03-27 17:30:00,3.433263333,2.135421088692241,2.162283838264118
2026-03-27 17:45:00,3.07424,2.6320042910123798,2.916607959705802
2026-03-27 18:00:00,2.962356667,2.499561787663039,2.919051312860714
2026-03-27 18:15:00,0.912293333,1.7958972071268118,2.480605544655983
2026-03-27 18:30:00,1.467676667,1.4570471256154627,2.0448343198713492
2026-03-27 18:45:00,1.026093333,1.4180835297053533,2.1224669706357533
2026-03-27 19:00:00,0.656666667,1.4163670189069915,2.071719135265386
2026-03-27 19:15:00,1.13152,1.3432891497487491,1.8216444907609173
2026-03-27 19:30:00,1.616596667,1.528922853980136,1.7588378410605319
2026-03-27 19:45:00,2.005296667,2.054328783138329,2.228023178845231
2026-03-27 20:00:00,2.296433333,2.2858791170335793,2.6796393889190684
2026-03-27 20:15:00,1.85213,2.5233727654138693,2.719270123449083
2026-03-27 20:30:00,1.576603333,2.2525946251924935,2.496033265025084
2026-03-27 20:45:00,1.817096667,2.2145233305349814,2.319830751704162
2026-03-27 21:00:00,1.975426667,2.810024829113806,2.452075430458888
2026-03-27 21:15:00,2.23335,2.5628642982366703,2.5363718041303063
2026-03-27 21:30:00,2.776963333,2.744673571652047,2.455852093761905
2026-03-27 21:45:00,1.99482,3.0567696314586135,2.715653688240037
2026-03-27 22:00:00,2.18691,2.066043908910204,2.147409448417583
2026-03-27 22:15:00,1.918783333,2.250522402163592,2.2694510950955773
2026-03-27 22:30:00,1.96206,1.9116238045670568,2.096634232366145
2026-03-27 22:45:00,1.70488,1.9240554683855298,2.122836651038508
2026-03-27 23:00:00,1.300743333,1.7079652479562784,1.9656026090256402
2026-03-27 23:15:00,1.525223333,1.453491192263553,1.6597308387959748
2026-03-27 23:30:00,1.346593333,1.621780805313385,1.8392709391476296
2026-03-27 23:45:00,1.667883333,1.5855679992339933,1.8148283238348448
2026-03-28 00:00:00,1.17615,1.2942790621048732,1.985751786919435
2026-03-28 00:15:00,1.170556667,1.186579451758405,1.4126727416466043
2026-03-28 00:30:00,1.343263333,1.1785112742621948,1.4048942145940646
2026-03-28 00:45:00,1.192083333,1.2694179696684533,1.5262875053084193
2026-03-28 01:00:00,1.163853333,1.0582622730545617,1.2286622635472118
2026-03-28 01:15:00,0.997043333,1.0578975693362682,1.1831283593279573
2026-03-28 01:30:00,1.394313333,1.065572660701789,1.3859102642477783
2026-03-28 01:45:00,1.014706667,1.434641257175993,2.003124300082037
2026-03-28 02:00:00,1.10911,1.3092528054038843,1.5943780327336845
2026-03-28 02:15:00,1.01768,1.2619703154100204,1.4823694732156838
2026-03-28 02:30:00,1.15602,1.2028345369424986,1.239274615294154
2026-03-28 02:45:00,1.179243333,1.0931552236285893,1.2994874172763458
2026-03-28 03:00:00,0.95943,1.1446571753083636,1.307314769523643
2026-03-28 03:15:00,1.21257,1.1432372103936241,1.1337581769863343
2026-03-28 03:30:00,1.151946667,1.3262372785406955,1.4263191410461442
2026-03-28 03:45:00,1.13703,1.1720869575816177,1.2904993340294522
2026-03-28 04:00:00,1.003806667,1.3621969534470144,1.4470135660247578
2026-03-28 04:15:00,0.989453333,1.2292279789981437,1.2913352360632633
2026-03-28 04:30:00,1.132686667,1.13106597843287,1.2574273724116494
2026-03-28 04:45:00,1.0911,1.1413825127957875,1.194108880992049
2026-03-28 05:00:00,1.194543333,1.128235362275163,1.413016726248983
2026-03-28 05:15:00,0.953636667,1.1334393162517191,1.3216659523844245
2026-03-28 05:30:00,1.107433333,0.9785573100929255,1.138212080980228
2026-03-28 05:45:00,1.207733333,1.1384322562584481,1.186871917389691
2026-03-28 06:00:00,0.987926667,1.209005967501616,1.5100494367751653
2026-03-28 06:15:00,1.064603333,1.0385482671306927,1.0848166834507316
2026-03-28 06:30:00,1.056223333,1.0574689408030673,1.1678375921735165
2026-03-28 06:45:00,1.099166667,1.093057734493996,1.1341317858940532
2026-03-28 07:00:00,1.027676667,1.2885203478904392,1.3724777546610119
2026-03-28 07:15:00,0.878316667,1.1928530590657782,1.1606999032466867
2026-03-28 07:30:00,2.86603,1.4573113530054318,1.367001692275588
2026-03-28 07:45:00,3.529693333,2.280003415134434,2.4896758830335846
2026-03-28 08:00:00,1.215023333,1.7537783665806799,2.4364205031876103
2026-03-28 08:15:00,1.51266,1.7324109291002414,1.9845361459116986
2026-03-28 08:30:00,0.83868,2.1093063249161585,2.2499682496641693
2026-03-28 08:45:00,1.942678002,1.9268430177164435,2.061323161245178
2026-03-28 09:00:00,4.932496667,2.56841976571052,2.3064754223619586
2026-03-28 09:15:00,5.24298,4.105254943866976,4.360211965065817
2026-03-28 09:30:00,3.840313333,4.6828592352975145,4.805918404315233
2026-03-28 09:45:00,2.625566667,3.662945027073355,3.7156676297272435
2026-03-28 10:00:00,1.057486015,1.8726986628606894,2.1105032553302574
2026-03-28 10:15:00,0.000150117,0.9745338992990619,1.4122798801928087
2026-03-28 10:30:00,0.941463893,0.6890035202373558,1.2504564731629224
2026-03-28 10:45:00,6.51053,2.6066394888799502,2.184962814735258
2026-03-28 11:00:00,7.352563333,7.010707001603734,6.348863356635869
2026-03-28 11:15:00,6.219133333,7.631572887192172,8.020199643283759
2026-03-28 11:30:00,7.472443333,6.578907822331124,5.905518266203003
2026-03-28 11:45:00,7.358246667,6.88208189816834,6.543286874320735
2026-03-28 12:00:00,8.299326667,7.224683651253817,7.236123511865842
2026-03-28 12:15:00,6.833623333,8.63935334075973,8.413952106497709
2026-03-28 12:30:00,7.823113333,8.350867206869896,7.500635238012172
2026-03-28 12:45:00,6.56908,9.777164445229408,8.177127396895717
2026-03-28 13:00:00,8.402746667,6.988269991650751,6.958300791175628
2026-03-28 13:15:00,6.446766667,8.19466273438342,7.089114983310728
2026-03-28 13:30:00,6.81113,7.208173458233997,5.969743870232703
2026-03-28 13:45:00,7.308983333,6.531166466181422,6.089854921055671
2026-03-28 14:00:00,6.5122,7.087478246778541,6.831014867128917
2026-03-28 14:15:00,4.532765145,5.76856837581919,5.443467893353952
2026-03-28 14:30:00,2.342783333,4.833351746041008,4.434887109628542
2026-03-28 14:45:00,0.603028242,2.705166121865082,2.6938914431432046
2026-03-28 15:00:00,0.579874566,1.215470649075985,1.7565911329840709
2026-03-28 15:15:00,1.189710755,1.5497157217689606,1.7079404133622138
2026-03-28 15:30:00,0.726317119,2.1294854840113118,1.7155487024059108
2026-03-28 15:45:00,2.137176667,1.6387432461289757,1.454371961300809
2026-03-28 16:00:00,0.991468322,2.5161053270498006,2.379522432305261
2026-03-28 16:15:00,5.68813,2.0363769869931305,1.387132644271164
2026-03-28 16:30:00,6.151253333,5.884258120474236,5.540693256246263
2026-03-28 16:45:00,6.053613333,6.105332364843446,5.838011583627381
2026-03-28 17:00:00,3.549350003,5.919391555121498,5.449789333099981
2026-03-28 17:15:00,5.502883333,5.322933221575959,3.730108531643059
2026-03-28 17:30:00,4.526886667,6.218612136518241,5.49822704122848
2026-03-28 17:45:00,4.346826667,5.309427137229397,4.844039244521806
2026-03-28 18:00:00,6.010263333,5.318452128499055,4.36609336751682
2026-03-28 18:15:00,2.346691621,5.575865511983926,5.649998693915435
2026-03-28 18:30:00,2.643292242,3.2892665943829646,2.8181112039722516
2026-03-28 18:45:00,4.454336667,3.413494580610924,2.87259415988614
2026-03-28 19:00:00,5.36609,4.652035271422927,4.8180067216800895
2026-03-28 19:15:00,3.57403,5.098002605012224,4.983522717052163
2026-03-28 19:30:00,6.25677,4.247490487502702,3.809986682452274
2026-03-28 19:45:00,6.391273333,5.737736423871118,6.016448671064139
2026-03-28 20:00:00,6.711296667,5.247343583803895,5.646062226995944
2026-03-28 20:15:00,3.134983333,6.030800696434654,6.071778529888596
2026-03-28 20:30:00,2.486363333,3.2027090748314104,3.3903069484359105
2026-03-28 20:45:00,3.646346667,2.5765083607964603,2.661617495600281
2026-03-28 21:00:00,3.43528,3.4156783318640693,3.6643841404375466
2026-03-28 21:15:00,2.214966667,3.03628429010314,3.0348537958917685
2026-03-28 21:30:00,2.628983333,2.5710877669579766,2.421475375765559
2026-03-28 21:45:00,2.427016667,2.716259167786253,2.6177042202875627
2026-03-28 22:00:00,2.73082,2.479310795978783,2.341347079375227
2026-03-28 22:15:00,2.42678,2.600764430758625,2.484139133289041
2026-03-28 22:30:00,3.086493333,2.448107468250569,2.313516189637061
2026-03-28 22:45:00,3.003613333,2.720515491045041,2.84599105000909
2026-03-28 23:00:00,2.0918,2.7259741260284813,2.755913284559715
2026-03-28 23:15:00,1.866173333,2.0171789910890494,2.1510869371242167
2026-03-28 23:30:00,1.705603333,1.9115136688481775,1.8420894488436077
2026-03-28 23:45:00,1.63331,1.7997867705622317,1.7054163730616794
2026-03-29 00:00:00,1.57786,1.5279682815708948,1.7512573595648604
2026-03-29 00:15:00,2.388086667,1.5187974269228768,1.6713648022461294
2026-03-29 00:30:00,1.885343333,2.081717352614169,2.3251883011104697
2026-03-29 00:45:00,1.604103333,1.7818595162674018,1.9128963058922417
2026-03-29 01:00:00,1.245703333,1.474112751947647,1.6405818953553375
2026-03-29 01:15:00,1.38035,1.275248723373346,1.3322673956620639
2026-03-29 01:30:00,1.3782,1.4696305440960287,1.5905440367190422
2026-03-29 01:45:00,1.347436667,1.334560102382042,1.4820359840919202
2026-03-29 02:00:00,1.14408,1.3914362631907997,1.4825430545010383
2026-03-29 02:15:00,1.03637,1.2265936594259552,1.3625224409108847
2026-03-29 02:30:00,1.107296667,1.1321557090584713,1.2744903825486245
2026-03-29 02:45:00,1.194766667,1.2932328225675498,1.3800203965356097
2026-03-29 03:00:00,1.235696667,1.3418860462044082,1.3553318603589628
2026-03-29 03:15:00,1.376986667,1.4281041732606883,1.4561135002857837
2026-03-29 03:30:00,1.45315,1.3889081800758112,1.42001845571145
2026-03-29 03:45:00,1.114473333,1.3929855129590394,1.4718105336242462
2026-03-29 04:00:00,1.222253333,1.25538595707553,1.2965547396269173
2026-03-29 04:15:00,1.185806667,1.3065327056590927,1.3519113415517412
2026-03-29 04:30:00,1.146446667,1.2621152467650485,1.3132795812073603
2026-03-29 04:45:00,1.15971,1.2079122898875378,1.2415275577031457
2026-03-29 05:00:00,1.03136,1.2750932888970616,1.3384104968156674
2026-03-29 05:15:00,1.348416667,1.1295321022165294,1.1578323416232705
2026-03-29 05:30:00,1.55058,1.303581655008602,1.3084911613417474
2026-03-29 05:45:00,1.38676,1.3514315018000316,1.407959672341875
2026-03-29 06:00:00,1.093473333,1.3593961260246117,1.3813113286713445
2026-03-29 06:15:00,0.993776667,1.2342894035994905,1.245114975653482
2026-03-29 06:30:00,1.305106667,1.1130401770378966,1.1785161999773117
2026-03-29 06:45:00,1.283413333,1.3320245882580901,1.3400997444197797
2026-03-29 07:00:00,1.18806,1.4419885182786822,1.4297965847030194
2026-03-29 07:15:00,0.893296667,1.3298455553228432,1.2905630338469087
2026-03-29 07:30:00,1.322606667,1.5957094019990254,1.5587947387061063
2026-03-29 07:45:00,0.891396667,1.5915402386100244,1.7137718503555985
2026-03-29 08:00:00,1.036786667,1.1774455940291089,1.237835450529223
2026-03-29 08:15:00,3.027683333,1.4235268493934812,1.3642288286911317
2026-03-29 08:30:00,4.37768,3.138116012969338,2.586379881255302
2026-03-29 08:45:00,1.71626,3.2673887677620836,3.3229477468267334
2026-03-29 09:00:00,4.975996667,3.2112591671089534,3.0497402969824776
2026-03-29 09:15:00,4.024003333,3.4572944989197607,3.7636072630066812
2026-03-29 09:30:00,2.468003333,3.631110635321741,3.694644997932572
2026-03-29 09:45:00,3.33571,3.014464935082845,2.679104461617498
2026-03-29 10:00:00,1.81425,2.722125436103539,2.913754670176509
2026-03-29 10:15:00,1.817796667,1.9665704683719993,2.070012732551955
2026-03-29 10:30:00,2.289676667,2.1203513966254075,1.7831562101338434
2026-03-29 10:45:00,1.62279,1.7159250459346107,2.1101140374867087
2026-03-29 11:00:00,1.872533333,1.383278737045232,1.524768531297307
2026-03-29 11:15:00,0.806546667,1.0517402676332213,1.6464084116673736
2026-03-29 11:30:00,-0.000297881,0.6538319426586656,1.2757508125660235
2026-03-29 11:45:00,0.144871913,0.34199567842165446,1.5061765332609542
2026-03-29 12:00:00,0.380035562,0.5579272536931477,1.7039069224179983
2026-03-29 12:15:00,0.062326748,0.7468770927637333,1.9859607420922092
2026-03-29 12:30:00,0.605842456,1.146387697410066,2.1441563295760893
2026-03-29 12:45:00,8.293783333,3.582290445940375,2.8111286513120266
2026-03-29 13:00:00,10.23920667,8.95344759900187,9.496003886756736
2026-03-29 13:15:00,9.80591,10.003362890904981,10.349554113807192
2026-03-29 13:30:00,10.7306,8.758415417938227,8.798234624085627
2026-03-29 13:45:00,9.550626667,6.300538047828862,8.789603830952275
2026-03-29 14:00:00,7.023146667,6.982710810340951,7.363354133252328
2026-03-29 14:15:00,5.00856,5.612524274349978,6.051028033221808
2026-03-29 14:30:00,7.44466,5.023142775420026,5.073915909244567
2026-03-29 14:45:00,4.803876667,6.6435212643288,6.449804635341211
2026-03-29 15:00:00,4.270196667,4.574414308327044,4.45072981796627
2026-03-29 15:15:00,7.570256667,4.473200826425622,4.680404208562341
2026-03-29 15:30:00,7.125816667,6.4815036639804235,6.682092660671286
2026-03-29 15:45:00,3.746698098,5.845769813654648,5.989033052734174
2026-03-29 16:00:00,-4.62805e-05,3.7885589754029865,4.289357614566687
2026-03-29 16:15:00,1.832350555,1.4460664106672263,2.4703971794185913
2026-03-29 16:30:00,1.89919171,2.0167378489862995,2.552763330111971
2026-03-29 16:45:00,3.27321e-05,1.6967211989993558,2.59062394814772
2026-03-29 17:00:00,1.424128964,1.0068423169301945,1.7730215504423217
2026-03-29 17:15:00,4.153896863,1.7877794341063094,2.163683383725322
2026-03-29 17:30:00,8.704566667,3.7633689388633287,3.3693637794127693
2026-03-29 17:45:00,8.502913333,7.592376509692994,7.179448239581061
2026-03-29 18:00:00,12.66460667,7.4341210262413675,7.499766670064771
2026-03-29 18:15:00,7.880746667,9.181104427876095,9.671822601612682
2026-03-29 18:30:00,5.555036667,6.135876755725712,6.135248125317785
2026-03-29 18:45:00,9.676383333,5.122687493985304,4.5453620184115
2026-03-29 19:00:00,5.91197,7.911990454479419,7.759923647357257
2026-03-29 19:15:00,6.65576,5.335825755809535,5.4671976083067895
2026-03-29 19:30:00,6.553093333,6.1959558306784075,6.467180642255911
2026-03-29 19:45:00,6.364846667,5.937876090655762,6.2193578091752775
2026-03-29 20:00:00,5.992113333,5.827699810806666,6.1666658190012
2026-03-29 20:15:00,6.89066,5.34091753789474,5.090503704429726
2026-03-29 20:30:00,5.941413333,5.692804324032609,6.082106059650124
2026-03-29 20:45:00,2.347196667,4.9348229840689575,5.2798393044717775
2026-03-29 21:00:00,2.177986667,2.4261109002763717,2.8141725356118985
2026-03-29 21:15:00,2.05115,2.50851169066948,2.328072963979701
2026-03-29 21:30:00,2.093713333,2.3340800356632605,2.4218811983817403
2026-03-29 21:45:00,1.99392,2.3854477506439444,2.3254195045096004
2026-03-29 22:00:00,1.994783333,2.153624334595753,2.249495085934291
2026-03-29 22:15:00,2.021853333,2.115070492134341,2.1050449605953543
2026-03-29 22:30:00,2.060746667,2.2705949529041556,2.2601266359716674
2026-03-29 22:45:00,1.70507,2.2553526237690686,2.1817571795925503
2026-03-29 23:00:00,1.47674,1.7823281402664242,1.7980509487405565
2026-03-29 23:15:00,1.607266667,1.583179411582445,1.7034422751461884
2026-03-29 23:30:00,1.517213333,1.5984319894542152,1.6945895262990003
2026-03-29 23:45:00,1.427663333,1.504636393693557,1.5762355849745973
2026-03-30 00:00:00,1.552586667,1.2929453712864243,1.505941061468876
2026-03-30 00:15:00,1.29704,1.4676958391391992,1.5719235397161149
2026-03-30 00:30:00,1.17278,1.2577920255419097,1.3634665700433741
2026-03-30 00:45:00,1.479433333,1.1918398533187493,1.2422745835774922
2026-03-30 01:00:00,1.091336667,1.3573993254909635,1.3853413118075837
2026-03-30 01:15:00,1.14117,1.1955961850485646,1.1908394475908304
2026-03-30 01:30:00,1.025053333,1.2403151867954438,1.3152074790149109
2026-03-30 01:45:00,1.369783333,1.1458947109906423,1.2600743462619894
2026-03-30 02:00:00,1.00961,1.2759521524061135,1.3998141883697186
2026-03-30 02:15:00,1.280836667,1.1013817197225866,1.1912839689626098
2026-03-30 02:30:00,1.24948,1.2526574348783335,1.3544836123722042
2026-03-30 02:45:00,1.357333333,1.2610493397340337,1.3736639026486706
2026-03-30 03:00:00,1.473496667,1.380387265872443,1.407839866094553
2026-03-30 03:15:00,1.425223333,1.4057056684268965,1.456519170224885
2026-03-30 03:30:00,1.11191,1.2925004360775771,1.3561491035494608
2026-03-30 03:45:00,1.149176667,1.1943211444696178,1.1951956394217815
2026-03-30 04:00:00,1.542616667,1.2004528986118799,1.288001741159076
2026-03-30 04:15:00,1.038923333,1.3884652428993298,1.474128367677225
2026-03-30 04:30:00,1.07499,1.1293744501729963,1.1386680351382836
2026-03-30 04:45:00,1.251513333,1.1559581196210227,1.1693788213561456
2026-03-30 05:00:00,0.9927,1.180171961376969,1.2572607353070173
2026-03-30 05:15:00,1.17754,1.0813158743370503,1.1443198509342667
2026-03-30 05:30:00,1.188753333,1.180514030722334,1.2561587006491575
2026-03-30 05:45:00,1.14918,1.2209364896679549,1.2732029630485715
2026-03-30 06:00:00,1.02929,1.1964454543275294,1.191989754439604
2026-03-30 06:15:00,1.115246667,1.1514506060093954,1.076921235737946
2026-03-30 06:30:00,1.237876667,1.2481122548817334,1.1973981748051152
2026-03-30 06:45:00,1.402303333,1.3079767679316017,1.2725821146249758
2026-03-30 07:00:00,1.258106667,1.3673626324652688,1.4419213178340469
2026-03-30 07:15:00,4.0875,1.2698824183870523,1.2235115440232398
2026-03-30 07:30:00,3.236023333,2.6444541203706584,2.942992079208838
2026-03-30 07:45:00,4.638243333,2.6127052084166684,2.6277602408613214
2026-03-30 08:00:00,4.66007,3.0473180215153994,3.4211975188450965
2026-03-30 08:15:00,2.411893333,3.408086066529084,3.809822770921804
2026-03-30 08:30:00,3.401956667,2.2521784859807723,2.283754342003
2026-03-30 08:45:00,2.48821,3.0087274570797558,3.0835932919198616
2026-03-30 09:00:00,6.531523333,3.234758412917843,3.0238101664358545
2026-03-30 09:15:00,6.30936,5.4068883360449895,4.998566202467517
2026-03-30 09:30:00,5.22706,4.901356578384422,5.2034621612877245
2026-03-30 09:45:00,3.104473333,4.449728224994619,4.522389122581928
2026-03-30 10:00:00,2.37928,2.387689473932539,3.2488380762590547
2026-03-30 10:15:00,0.370519158,2.0653008478843162,2.108611654644505
2026-03-30 10:30:00,0.147941975,0.5981412336669676,1.2037368933874866
2026-03-30 10:45:00,0.00041777,0.4359513125280198,1.271561964865907
2026-03-30 11:00:00,0.839582692,0.4993221565328039,1.5278155905370159
2026-03-30 11:15:00,0.420597993,1.6913211641982167,1.4550014765572439
2026-03-30 11:30:00,8.146563333,3.414898268386683,2.6595797871503457
2026-03-30 11:45:00,11.19255333,8.659849795436145,9.387568275538495
2026-03-30 12:00:00,10.67166,10.920242231621772,11.28314197778936
2026-03-30 12:15:00,10.17916333,9.5865996307892,11.083961420660108
2026-03-30 12:30:00,9.914426667,8.632131995100426,9.517690448114395
2026-03-30 12:45:00,11.76702667,7.946669946315527,9.068731852125628
2026-03-30 13:00:00,10.29051333,8.91916573838587,10.487631160583158
2026-03-30 13:15:00,8.109793333,8.613818877878325,9.649543996598362
2026-03-30 13:30:00,7.37459,6.391487474016676,7.896322330347966
2026-03-30 13:45:00,5.316893333,5.002361088258526,6.443824542280173
2026-03-30 14:00:00,3.661726667,3.7148631318629057,4.826888369225028
2026-03-30 14:15:00,2.950517976,2.871573866122167,3.7398297993613583
2026-03-30 14:30:00,1.059743206,2.209386884206683,2.734180997700552
2026-03-30 14:45:00,1.62687,1.7775622389414556,2.2105318511458174
2026-03-30 15:00:00,2.600243333,2.1994010677301463,2.7135751166194715
2026-03-30 15:15:00,1.90044,2.8779897296141184,2.833203795121137
2026-03-30 15:30:00,1.3968,2.590870799580589,2.517151398047225
2026-03-30 15:45:00,1.16903,1.7437865659128176,2.0257267883912866
2026-03-30 16:00:00,1.939106667,1.9494842173892337,1.650921067759429
2026-03-30 16:15:00,0.722259149,2.060530314541241,1.8511003619132917
2026-03-30 16:30:00,0.896313383,1.253751287960442,1.4924559963576447
2026-03-30 16:45:00,1.148498049,1.2844702233250722,1.380222483083135
2026-03-30 17:00:00,0.74533704,1.5429449100531105,1.4981240948971888
2026-03-30 17:15:00,1.62093,1.6169628955509192,1.7120045401419273
2026-03-30 17:30:00,1.18459,2.0028054078489235,1.676181173743764
2026-03-30 17:45:00,1.86777,1.9313181194313043,1.6764222735366356
2026-03-30 18:00:00,1.95229,1.5870831751998933,1.9629034554940679
2026-03-30 18:15:00,1.994133333,2.097718377413776,2.068552738333471
2026-03-30 18:30:00,2.445473333,2.065728311142771,1.7807488065729855
2026-03-30 18:45:00,3.385633333,2.1479795910952513,1.9198571604146382
2026-03-30 19:00:00,1.619626667,1.9818399031004124,2.89862772200242
2026-03-30 19:15:00,0.677023333,1.512558167205994,1.7790414247565116
2026-03-30 19:30:00,0.92342,1.214874747609648,1.7267120382961494
2026-03-30 19:45:00,0.896676667,1.3058092650746773,1.5457167465684347
2026-03-30 20:00:00,0.85373,1.410002045405192,1.467722892478896
2026-03-30 20:15:00,0.83212,1.4196564919194605,1.4738408197275574
2026-03-30 20:30:00,0.86751,1.318462607268903,1.3797036647392846
2026-03-30 20:45:00,2.073753333,1.2490529165090958,1.4450714877229422
2026-03-30 21:00:00,4.321866667,2.7018207616434293,2.7092135063717833
2026-03-30 21:15:00,4.587233333,3.293882692140976,3.5058324469513678
2026-03-30 21:30:00,3.27552,3.6297135169042853,3.7455313869560833
2026-03-30 21:45:00,2.956123333,3.028393857091004,3.3843794657273008
2026-03-30 22:00:00,2.63572,2.795970134172707,2.7352799086407504
2026-03-30 22:15:00,2.5659,2.421117814369448,2.5227712588014084
2026-03-30 22:30:00,2.363836667,2.455945648549742,2.46362677039549
2026-03-30 22:45:00,2.427826667,2.3121029950179257,2.326438267895299
2026-03-30 23:00:00,2.34558,2.2715592410693723,2.233579260111698
2026-03-30 23:15:00,2.308613333,2.1894785495460773,2.224145702103562
2026-03-30 23:30:00,2.099646667,2.006272957453343,2.126605814762255
2026-03-30 23:45:00,2.095143333,1.8881212913477032,1.9598324342234246
2026-03-31 00:00:00,1.47956,1.5899693893632343,1.9357937707458075
2026-03-31 00:15:00,1.258583333,1.4250140972580891,1.5114525009695061
2026-03-31 00:30:00,1.416536667,1.2999193390716937,1.3698417335263338
2026-03-31 00:45:00,0.924246667,1.3808063376192408,1.4046618888974967
2026-03-31 01:00:00,0.728236667,1.092152787157231,1.070943931559882
2026-03-31 01:15:00,0.78387,0.886962283061771,1.0275706213015077
2026-03-31 01:30:00,0.88053,0.9505273658277721,1.0478682018780463
2026-03-31 01:45:00,0.863476667,0.9852250182736696,1.0586900088797586
2026-03-31 02:00:00,0.799233333,0.9392425976442667,1.0053563399729926
2026-03-31 02:15:00,0.74832,0.9655141393042692,1.0441968501226178
2026-03-31 02:30:00,0.8134,0.9445910635354886,1.0229626805063616
2026-03-31 02:45:00,0.85514,0.9448952806243436,1.0349574943338642
2026-03-31 03:00:00,0.82752,0.9670407602087009,1.0107801262897906
2026-03-31 03:15:00,0.815766667,0.9445064925603621,1.031920590362937
2026-03-31 03:30:00,0.917606667,0.8889105605297027,0.9546189090097851
2026-03-31 03:45:00,0.76923,0.9445621270137499,0.9821287907084733
2026-03-31 04:00:00,0.912663333,0.8834043859285997,0.9962911005850696
2026-03-31 04:15:00,0.893466667,0.9428510144471375,1.0068220766736324
2026-03-31 04:30:00,0.756363333,0.9387084093688531,1.0156548408329684
2026-03-31 04:45:00,0.884343333,0.9564296709668528,1.013745273791553
2026-03-31 05:00:00,0.781016667,0.8948417658859986,0.9146951593528614
2026-03-31 05:15:00,0.8198,0.909599405265642,1.0098070820586245
2026-03-31 05:30:00,0.847483333,0.914548134646801,0.9707230514535408
2026-03-31 05:45:00,0.78438,0.8416056667967748,0.9193870842650554
2026-03-31 06:00:00,0.824906667,0.8858640654716984,0.922316454716841
2026-03-31 06:15:00,0.782866667,0.8703659157389405,0.9010248451852311
2026-03-31 06:30:00,0.842443333,0.9306889269820964,0.9587261466374278
2026-03-31 06:45:00,0.881133333,0.9490553662327701,0.9682381829962357
2026-03-31 07:00:00,0.737623333,0.9103227102988614,0.9992155481149967
2026-03-31 07:15:00,0.668733333,0.9946522387930549,1.0946385080874406
2026-03-31 07:30:00,0.520386667,0.771444397963099,0.8323819398636242
2026-03-31 07:45:00,0.40997,0.6158143141418049,1.0129451664370135
2026-03-31 08:00:00,0.392606667,0.434845509296797,0.7003846220584085
2026-03-31 08:15:00,0.16000353,0.42445194184850377,0.9828384179289111
2026-03-31 08:30:00,0.037000556,0.18019016115463288,0.8027545723492798
2026-03-31 08:45:00,0.083409469,0.15220445650308412,0.5088238624129786
2026-03-31 09:00:00,2.690373333,1.9191046618745613,1.488350479669889
2026-03-31 09:15:00,2.48031,2.3415235406275245,2.6902617900638153
2026-03-31 09:30:00,2.11755,1.9502774411596075,2.7855059828394753
2026-03-31 09:45:00,1.84743,1.9421561786315074,2.4102587653833045
2026-03-31 10:00:00,0.863696999,0.9220594681591887,1.332810385981397
2026-03-31 10:15:00,3.457283333,3.02067959989681,2.114325579885376
2026-03-31 10:30:00,1.985173333,3.5483194840335543,3.229469523073876
2026-03-31 10:45:00,0.993063333,2.5243100599704427,2.553577376968319
2026-03-31 11:00:00,0.796076667,2.1799736991495062,2.0404638374481454
2026-03-31 11:15:00,0.746178673,1.974320242170108,2.0691274573052643
2026-03-31 11:30:00,1.313646619,1.9016350066447183,2.3082690463016386
2026-03-31 11:45:00,0.653272699,1.4891903201090997,2.1384124836560865
2026-03-31 12:00:00,0.403829167,0.7770415755212262,1.7989879481257662
2026-03-31 12:15:00,0.715340137,0.8284510289620791,1.7628700135239797
2026-03-31 12:30:00,0.370071197,0.6771015463017622,1.2911618842641102
2026-03-31 12:45:00,0.33233016,0.4237908264604177,1.2223912998571533
2026-03-31 13:00:00,0.000127206,0.24311223547265254,1.0175719486313457
2026-03-31 13:15:00,0.696186667,0.19247244886475182,0.8501732689520375
2026-03-31 13:30:00,-0.000181626,0.19603754015467187,0.7867033983292415
2026-03-31 13:45:00,-0.000300346,0.07860572938286785,0.7221727077147232
2026-03-31 14:00:00,0.000210018,0.08374524908673452,0.6503392781644486
2026-03-31 14:15:00,0.00035523,0.051557672499586954,0.6504656209998977
2026-03-31 14:30:00,7.55641e-05,0.03487221224898007,0.4902365119993301
2026-03-31 14:45:00,0.000365907,0.03725578548012313,0.6226847240514843
2026-03-31 15:00:00,-0.000123881,0.031208754221187778,0.6226945786532208
2026-03-31 15:15:00,-1.88077e-05,0.05198557915816836,0.5670317439185979
2026-03-31 15:30:00,-5.12737e-05,0.06203150715565525,0.5781530308075976
2026-03-31 15:45:00,8.56749e-05,0.059909126862350226,0.5491121386974257
2026-03-31 16:00:00,-0.000247054,0.03855142540464248,0.5879717047792162
2026-03-31 16:15:00,-2.72804e-05,0.07995458894841477,0.5261227850934894
2026-03-31 16:30:00,-0.00036838,0.0775583513787786,0.5376218573955704
2026-03-31 16:45:00,-8.62606e-05,0.07240070544746122,0.5501289584435853
2026-03-31 17:00:00,0.399616667,0.12377839003634718,0.5480009576294083
2026-03-31 17:15:00,0.348833333,0.378638270439622,0.7731671156762951
2026-03-31 17:30:00,0.788346667,0.456427561694794,0.74216206439034
2026-03-31 17:45:00,0.317776493,0.5589320859144927,0.8346818582866801
2026-03-31 18:00:00,-0.000207653,0.4072402667910378,0.7597973005774417
2026-03-31 18:15:00,1.234889021,0.8980160947324752,0.7888778745765436
2026-03-31 18:30:00,0.648535978,0.9875484547828423,1.118611845133868
2026-03-31 18:45:00,0.013164292,0.6017889303405136,0.9451679800048648
2026-03-31 19:00:00,0.623293333,0.5879345908592506,0.9359623544457264
2026-03-31 19:15:00,0.95339,0.943016993478304,0.6918370941227837
2026-03-31 19:30:00,1.09441,1.148342964701913,0.9352028538421855
2026-03-31 19:45:00,1.300406667,1.1922981068864587,0.9849808276017706
2026-03-31 20:00:00,1.495083333,1.6879971625654329,1.3408609705115764
2026-03-31 20:15:00,1.10965,1.7111269624189496,1.5491287791905808
2026-03-31 20:30:00,1.213123333,1.4861745654927812,1.1536085115419423
2026-03-31 20:45:00,2.600083333,1.630684687507442,1.4282263320992685
2026-03-31 21:00:00,4.898616667,4.1833899801998236,3.112695049756193
2026-03-31 21:15:00,5.57384,4.3659703343283915,4.207820038456765
2026-03-31 21:30:00,4.705456667,4.478783166507515,4.745125059658815
2026-03-31 21:45:00,3.97467,3.7486504414040325,3.945311188189774
2026-03-31 22:00:00,1.972486667,2.7510946002024492,3.368356396299197
2026-03-31 22:15:00,2.01194,1.9313220195334484,2.078706396357906
2026-03-31 22:30:00,2.004263333,2.0827731749188017,2.002096687564597
2026-03-31 22:45:00,1.918856667,2.0293743553514725,1.9575348464208142
2026-03-31 23:00:00,1.85501,1.7742066034593134,1.780937181285856
2026-03-31 23:15:00,1.813,1.7646180336711597,1.753007845037132
2026-03-31 23:30:00,1.696026667,1.7394388206804885,1.7959234237361181
2026-03-31 23:45:00,1.48995,1.5762748877214554,1.6634972678256708
